year,noc_code,noc_title,er_code,er_name,low_wage,median_wage,high_wage
2012,0011,Legislators,ER00,Canada,8.17,28.0,49.45
2012,0012,Senior Government Managers and Officials,ER00,Canada,20.64,46.15,74.36
2012,0013,"Senior Managers - Financial, Communications and Other Business Services",ER00,Canada,20.29,40.87,75.83
2012,0014,"Senior Managers - Health, Education, Social and Community Services and Membership Organizations",ER00,Canada,19.23,38.46,66.67
2012,0015,"Senior Managers - Trade, Broadcasting and Other Services, n.c.a.",ER00,Canada,18.9,40.87,72.12
2012,0016,"Senior Managers - Goods Production, Utilities, Transportation and Construction",ER00,Canada,21.0,45.0,77.46
2012,0111,Financial Managers,ER00,Canada,19.62,36.06,58.17
2012,0112,Human Resources Managers,ER00,Canada,20.0,37.2,56.73
2012,0113,Purchasing Managers,ER00,Canada,19.78,34.36,54.81
2012,0114,Other Administrative Services Managers,ER00,Canada,17.5,34.36,50.46
2012,0121,"Insurance, Real Estate and Financial Brokerage Managers",ER00,Canada,20.67,37.98,56.59
2012,0122,"Banking, Credit and Other Investment Managers",ER00,Canada,18.71,33.65,53.85
2012,0123,Other Business Services Managers,ER00,Canada,15.0,31.73,52.4
2012,0131,Telecommunication Carriers Managers,ER00,Canada,20.0,35.38,61.54
2012,0132,Postal and Courier Services Managers,ER00,Canada,26.8,37.0,47.68
2012,0211,Engineering Managers,ER00,Canada,22.55,43.59,64.9
2012,0212,Architecture and Science Managers,ER00,Canada,21.0,39.62,60.1
2012,0213,Computer and Information Systems Managers,ER00,Canada,22.0,41.03,57.69
2012,0311,Managers in Health Care,ER00,Canada,19.5,40.0,54.36
2012,0312,Administrators - Post-Secondary Education and Vocational Training,ER00,Canada,19.23,38.46,61.54
2012,0313,School Principals and Administrators of Elementary and Secondary Education,ER00,Canada,24.04,42.31,54.95
2012,0314,"Managers in Social, Community and Correctional Services",ER00,Canada,17.5,30.77,49.52
2012,0411,Government Managers - Health and Social Policy Development and Program Administration,ER00,Canada,30.77,47.8,61.54
2012,0412,"Government Managers - Economic Analysis, Policy Development and Program Administration",ER00,Canada,33.52,48.72,58.28
2012,0413,Government Managers - Education Policy Development and Program Administration,ER00,Canada,28.0,46.15,61.54
2012,0414,Other Managers in Public Administration,ER00,Canada,26.67,43.59,61.54
2012,0511,"Library, Archive, Museum and Art Gallery Managers",ER00,Canada,16.0,30.36,53.85
2012,0512,"Managers - Publishing, Motion Pictures, Broadcasting and Performing Arts",ER00,Canada,15.38,31.25,57.69
2012,0513,Recreation and Sports Program and Service Directors,ER00,Canada,13.3,24.65,45.67
2012,0611,"Sales, Marketing and Advertising Managers",ER00,Canada,18.46,34.62,57.69
2012,0621,Retail Trade Managers,ER00,Canada,12.0,21.25,41.03
2012,0631,Restaurant and Food Service Managers,ER00,Canada,10.71,16.08,31.25
2012,0632,Accommodation Service Managers,ER00,Canada,10.0,20.0,38.46
2012,0641,Commissioned Police Officers,ER00,Canada,31.87,50.48,63.72
2012,0642,Fire Chiefs and Senior Firefighting Officers,ER00,Canada,26.22,49.23,66.67
2012,0643,"Commissioned Officers, Armed Forces",ER00,Canada,26.22,50.0,65.16
2012,0651,Other Services Managers,ER00,Canada,12.67,21.37,43.27
2012,0711,Construction Managers,ER00,Canada,20.19,33.74,54.81
2012,0712,Residential Home Builders and Renovators,ER00,Canada,18.0,37.5,57.69
2012,0713,Transportation Managers,ER00,Canada,20.0,34.0,56.73
2012,0721,Facility Operation and Maintenance Managers,ER00,Canada,15.63,28.0,51.65
2012,0811,Primary Production Managers (Except Agriculture),ER00,Canada,21.57,43.27,73.85
2012,0911,Manufacturing Managers,ER00,Canada,19.23,35.1,57.69
2012,0912,Utilities Managers,ER00,Canada,25.0,43.27,63.19
2012,1111,Financial Auditors and Accountants,ER00,Canada,16.71,27.47,49.15
2012,1112,Financial and Investment Analysts,ER00,Canada,18.86,29.67,48.08
2012,1113,"Securities Agents, Investment Dealers and Brokers",ER00,Canada,17.42,28.5,52.82
2012,1114,Other Financial Officers,ER00,Canada,16.61,26.67,48.08
2012,1121,Specialists in Human Resources,ER00,Canada,18.5,30.77,48.08
2012,1122,Professional Occupations in Business Services to Management,ER00,Canada,17.31,31.73,52.82
2012,1211,"Supervisors, General Office and Administrative Support Clerks",ER00,Canada,14.51,23.08,36.87
2012,1212,"Supervisors, Finance and Insurance Clerks",ER00,Canada,14.25,22.0,33.33
2012,1213,"Supervisors, Library, Correspondence and Related Information Clerks",ER00,Canada,12.05,20.88,33.33
2012,1214,"Supervisors, Mail and Message Distribution Occupations",ER00,Canada,16.0,22.98,30.0
2012,1215,"Supervisors, Recording, Distributing and Scheduling Occupations",ER00,Canada,13.0,20.03,32.05
2012,1221,Administrative Officers,ER00,Canada,13.1,21.0,32.05
2012,1222,Executive Assistants,ER00,Canada,15.0,24.04,33.65
2012,1223,Personnel and Recruitment Officers,ER00,Canada,13.8,23.59,37.5
2012,1224,Property Administrators,ER00,Canada,9.62,18.29,34.0
2012,1225,Purchasing Agents and Officers,ER00,Canada,15.0,25.0,38.76
2012,1226,Conference and Event Planners,ER00,Canada,12.0,19.0,29.62
2012,1227,Court Officers and Justices of the Peace,ER00,Canada,16.5,24.62,36.58
2012,1228,"Immigration, Employment Insurance and Revenue Officers",ER00,Canada,15.36,27.0,36.81
2012,1231,Bookkeepers,ER00,Canada,11.0,18.0,28.85
2012,1232,Loan Officers,ER00,Canada,14.42,22.0,35.0
2012,1233,Insurance Adjusters and Claims Examiners,ER00,Canada,15.0,25.13,36.35
2012,1234,Insurance Underwriters,ER00,Canada,16.0,24.73,35.9
2012,1235,"Assessors, Valuators and Appraisers",ER00,Canada,14.25,23.75,36.06
2012,1236,"Customs, Ship and Other Brokers",ER00,Canada,11.8,19.23,30.0
2012,1241,Secretaries (Except Legal and Medical),ER00,Canada,11.54,19.0,25.29
2012,1242,Legal Secretaries,ER00,Canada,12.14,19.49,28.57
2012,1243,Medical Secretaries,ER00,Canada,12.5,18.14,24.8
2012,1244,Court Recorders and Medical Transcriptionists,ER00,Canada,15.5,20.55,27.0
2012,1411,General Office Clerks,ER00,Canada,10.25,16.0,25.0
2012,1413,Records Management and Filing Clerks,ER00,Canada,10.0,18.0,26.0
2012,1414,Receptionists and Switchboard Operators,ER00,Canada,10.0,15.0,22.0
2012,1422,Data Entry Clerks,ER00,Canada,11.0,16.5,25.0
2012,1423,Desktop Publishing Operators and Related Occupations,ER00,Canada,11.0,17.0,27.18
2012,1424,Telephone Operators,ER00,Canada,12.86,16.35,26.0
2012,1431,Accounting and Related Clerks,ER00,Canada,12.0,18.03,26.92
2012,1432,Payroll Clerks,ER00,Canada,14.0,21.54,29.14
2012,1433,Customer Service Representatives - Financial Services,ER00,Canada,12.0,15.38,22.0
2012,1434,"Banking, Insurance and Other Financial Clerks",ER00,Canada,12.12,17.31,25.96
2012,1435,Collectors,ER00,Canada,11.0,19.49,28.75
2012,1441,Administrative Clerks,ER00,Canada,12.0,20.0,27.79
2012,1442,Personnel Clerks,ER00,Canada,12.98,21.0,30.0
2012,1443,Court Clerks,ER00,Canada,10.25,21.0,28.02
2012,1451,Library Clerks,ER00,Canada,9.93,15.0,26.05
2012,1452,"Correspondence, Publication and Related Clerks",ER00,Canada,12.0,21.14,32.05
2012,1453,"Customer Service, Information and Related Clerks",ER00,Canada,10.25,16.0,25.96
2012,1454,Survey Interviewers and Statistical Clerks,ER00,Canada,10.0,14.75,24.57
2012,1461,"Mail, Postal and Related Clerks",ER00,Canada,10.75,20.0,25.0
2012,1462,Letter Carriers,ER00,Canada,13.85,23.63,25.0
2012,1463,"Couriers, Messengers and Door-to-Door Distributors",ER00,Canada,8.2,12.5,24.0
2012,1471,Shippers and Receivers,ER00,Canada,10.25,15.02,24.0
2012,1472,Storekeepers and Parts Clerks,ER00,Canada,11.0,19.0,28.0
2012,1473,Production Clerks,ER00,Canada,13.19,21.63,32.21
2012,1474,Purchasing and Inventory Clerks,ER00,Canada,10.5,18.35,28.37
2012,1475,Dispatchers and Radio Operators,ER00,Canada,12.35,20.19,30.77
2012,1476,Transportation Route and Crew Schedulers,ER00,Canada,14.62,21.63,34.62
2012,2111,Physicists and Astronomers,ER00,Canada,22.05,36.71,62.58
2012,2112,Chemists,ER00,Canada,18.75,30.77,50.0
2012,2113,"Geologists, Geochemists and Geophysicists",ER00,Canada,22.0,40.0,67.31
2012,2114,Meteorologists,ER00,Canada,20.0,35.71,57.69
2012,2115,Other Professional Occupations in Physical Sciences,ER00,Canada,26.44,37.98,63.08
2012,2121,Biologists and Related Scientists,ER00,Canada,16.0,31.25,49.23
2012,2122,Forestry Professionals,ER00,Canada,21.35,30.0,42.45
2012,2123,"Agricultural Representatives, Consultants and Specialists",ER00,Canada,17.86,25.82,43.59
2012,2131,Civil Engineers,ER00,Canada,21.33,34.87,54.36
2012,2132,Mechanical Engineers,ER00,Canada,21.63,33.41,55.29
2012,2133,Electrical and Electronics Engineers,ER00,Canada,22.0,37.0,55.0
2012,2134,Chemical Engineers,ER00,Canada,22.12,35.0,55.56
2012,2141,Industrial and Manufacturing Engineers,ER00,Canada,22.5,35.0,49.45
2012,2142,Metallurgical and Materials Engineers,ER00,Canada,20.0,35.9,53.19
2012,2143,Mining Engineers,ER00,Canada,26.92,39.81,52.59
2012,2144,Geological Engineers,ER00,Canada,23.08,38.0,67.31
2012,2145,Petroleum Engineers,ER00,Canada,24.04,43.27,72.12
2012,2146,Aerospace Engineers,ER00,Canada,22.0,33.17,50.46
2012,2147,Computer Engineers (Except Software Engineers),ER00,Canada,20.0,36.54,56.41
2012,2148,"Other Professional Engineers, n.e.c.",ER00,Canada,20.83,35.94,57.69
2012,2151,Architects,ER00,Canada,19.0,28.85,50.0
2012,2152,Landscape Architects,ER00,Canada,18.0,30.0,48.3
2012,2153,Urban and Land Use Planners,ER00,Canada,22.33,35.71,52.2
2012,2154,Land Surveyors,ER00,Canada,16.0,27.88,43.27
2012,2161,"Mathematicians, Statisticians and Actuaries",ER00,Canada,21.54,32.97,57.69
2012,2171,Information Systems Analysts and Consultants,ER00,Canada,19.5,35.0,50.72
2012,2172,Database Analysts and Data Administrators,ER00,Canada,19.23,31.75,44.62
2012,2173,Software Engineers,ER00,Canada,24.04,38.46,57.69
2012,2174,Computer Programmers and Interactive Media Developers,ER00,Canada,18.0,31.25,45.67
2012,2175,Web Designers and Developers,ER00,Canada,14.5,25.3,42.07
2012,2211,Chemical Technologists and Technicians,ER00,Canada,13.47,23.08,36.0
2012,2212,Geological and Mineral Technologists and Technicians,ER00,Canada,15.0,27.0,48.08
2012,2213,Meteorological Technicians,ER00,Canada,14.0,24.52,40.87
2012,2221,Biological Technologists and Technicians,ER00,Canada,13.5,21.5,33.33
2012,2222,Agricultural and Fish Products Inspectors,ER00,Canada,15.41,29.0,41.03
2012,2223,Forestry Technologists and Technicians,ER00,Canada,17.5,24.73,35.3
2012,2224,Conservation and Fishery Officers,ER00,Canada,16.35,28.85,43.27
2012,2225,Landscape and Horticultural Technicians and Specialists,ER00,Canada,12.22,20.0,38.49
2012,2231,Civil Engineering Technologists and Technicians,ER00,Canada,15.0,24.76,38.46
2012,2232,Mechanical Engineering Technologists and Technicians,ER00,Canada,17.0,25.0,41.03
2012,2233,Industrial Engineering and Manufacturing Technologists and Technicians,ER00,Canada,15.7,26.0,43.27
2012,2234,Construction Estimators,ER00,Canada,16.83,25.64,43.27
2012,2241,Electrical and Electronics Engineering Technologists and Technicians,ER00,Canada,16.83,26.0,40.0
2012,2242,Electronic Service Technicians (Household and Business Equipment),ER00,Canada,12.82,22.15,37.5
2012,2243,Industrial Instrument Technicians and Mechanics,ER00,Canada,21.0,33.0,49.23
2012,2244,"Aircraft Instrument, Electrical and Avionics Mechanics, Technicians and Inspectors",ER00,Canada,17.0,30.77,40.87
2012,2251,Architectural Technologists and Technicians,ER00,Canada,15.0,20.67,35.9
2012,2252,Industrial Designers,ER00,Canada,14.84,25.0,43.27
2012,2253,Drafting Technologists and Technicians,ER00,Canada,15.13,24.04,38.46
2012,2254,Land Survey Technologists and Technicians,ER00,Canada,14.0,19.5,31.1
2012,2255,Mapping and Related Technologists and Technicians,ER00,Canada,16.0,28.0,46.15
2012,2261,Nondestructive Testers and Inspectors,ER00,Canada,16.5,28.72,48.0
2012,2262,Engineering Inspectors and Regulatory Officers,ER00,Canada,17.0,29.67,43.59
2012,2263,Inspectors in Public and Environmental Health and Occupational Health and Safety,ER00,Canada,19.0,31.91,46.15
2012,2264,Construction Inspectors,ER00,Canada,18.55,29.3,43.0
2012,2271,"Air Pilots, Flight Engineers and Flying Instructors",ER00,Canada,16.0,32.05,57.69
2012,2272,Air Traffic Control and Related Occupations,ER00,Canada,18.9,38.46,70.0
2012,2273,"Deck Officers, Water Transport",ER00,Canada,16.35,30.0,50.45
2012,2274,"Engineer Officers, Water Transport",ER00,Canada,16.0,28.34,42.0
2012,2275,Railway Traffic Controllers and Marine Traffic Regulators,ER00,Canada,16.78,32.75,60.0
2012,2281,Computer and Network Operators and Web Technicians,ER00,Canada,15.0,28.2,43.27
2012,2282,User Support Technicians,ER00,Canada,12.5,22.6,38.46
2012,2283,Systems Testing Technicians,ER00,Canada,14.5,28.0,45.0
2012,3111,Specialist Physicians,ER00,Canada,22.8,82.2755,189.847
2012,3112,General Practitioners and Family Physicians,ER00,Canada,22.209,62.344,136.3765
2012,3113,Dentists,ER00,Canada,19.388,53.289,143.6515
2012,3114,Veterinarians,ER00,Canada,14.355,34.5215,61.784
2012,3121,Optometrists,ER00,Canada,14.6,40.3285,69.164
2012,3122,Chiropractors,ER00,Canada,9.928,23.4455,53.154
2012,3123,Other Professional Occupations in Health Diagnosing and Treating,ER00,Canada,10.0,26.37,43.75
2012,3131,Pharmacists,ER00,Canada,23.897,42.3825,65.971
2012,3132,Dietitians and Nutritionists,ER00,Canada,19.1,30.0,39.0
2012,3141,Audiologists and Speech-Language Pathologists,ER00,Canada,20.0,37.5,46.93
2012,3142,Physiotherapists,ER00,Canada,17.89,33.65,42.0
2012,3143,Occupational Therapists,ER00,Canada,21.6,33.0,43.5
2012,3144,Other Professional Occupations in Therapy and Assessment,ER00,Canada,15.5,22.54,39.12
2012,3151,Head Nurses and Supervisors,ER00,Canada,18.0,36.0,47.0
2012,3152,Registered Nurses,ER00,Canada,20.57,34.13,42.7
2012,3211,Medical Laboratory Technologists and Pathologists' Assistants,ER00,Canada,18.0,30.19,40.0
2012,3212,Medical Laboratory Technicians,ER00,Canada,14.39,23.78,37.0
2012,3213,Veterinary and Animal Health Technologists and Technicians,ER00,Canada,12.0,16.8,23.08
2012,3214,"Respiratory Therapists, Clinical Perfusionists and Cardio-Pulmonary Technologists",ER00,Canada,21.5,30.0,39.3
2012,3215,Medical Radiation Technologists,ER00,Canada,22.0,30.0,39.0
2012,3216,Medical Sonographers,ER00,Canada,28.0,36.0,42.0
2012,3217,Cardiology Technologists,ER00,Canada,17.4,26.78,37.95
2012,3218,"Electroencephalographic and Other Diagnostic Technologists, n.e.c.",ER00,Canada,15.0,27.19,39.0
2012,3219,Other Medical Technologists and Technicians (Except Dental Health),ER00,Canada,17.0,23.41,33.65
2012,3221,Denturists,ER00,Canada,16.83,30.0,45.0
2012,3222,Dental Hygienists and Dental Therapists,ER00,Canada,21.0,34.0,47.62
2012,3223,"Dental Technologists, Technicians and Laboratory Bench Workers",ER00,Canada,15.0,20.51,31.05
2012,3231,Opticians,ER00,Canada,11.0,19.0,33.59
2012,3232,Midwives and Practitioners of Natural Healing,ER00,Canada,16.0,23.08,34.0
2012,3233,Licensed Practical Nurses,ER00,Canada,18.0,23.0,30.0
2012,3234,Ambulance Attendants and Other Paramedical Occupations,ER00,Canada,15.0,26.43,38.76
2012,3235,Other Technical Occupations in Therapy and Assessment,ER00,Canada,13.0,20.19,32.0
2012,3411,Dental Assistants,ER00,Canada,14.0,19.75,28.5
2012,3413,"Nurse Aides, Orderlies and Patient Service Associates",ER00,Canada,12.0,18.13,23.5
2012,3414,Other Assisting Occupations in Support of Health Services,ER00,Canada,11.0,16.95,28.0
2012,4111,Judges,ER00,Canada,18.65,38.94,80.13
2012,4112,Lawyers and Quebec Notaries,ER00,Canada,17.35,48.2635,136.2775
2012,4121,University Professors,ER00,Canada,16.97,38.46,62.5
2012,4122,Post-Secondary Teaching and Research Assistants,ER00,Canada,10.0,19.23,35.9
2012,4131,College and Other Vocational Instructors,ER00,Canada,16.0,30.77,48.08
2012,4141,Secondary School Teachers,ER00,Canada,20.61,34.72,47.44
2012,4142,Elementary School and Kindergarten Teachers,ER00,Canada,19.79,32.97,46.15
2012,4143,Educational Counsellors,ER00,Canada,19.23,31.53,45.19
2012,4151,Psychologists,ER00,Canada,20.19,36.32,51.56
2012,4152,Social Workers,ER00,Canada,18.72,29.91,40.66
2012,4153,"Family, Marriage and Other Related Counsellors",ER00,Canada,16.0,23.08,36.98
2012,4154,Ministers of Religion,ER00,Canada,10.0,20.6,34.0
2012,4155,Probation and Parole Officers and Related Occupations,ER00,Canada,20.7,33.33,39.49
2012,4161,"Natural and Applied Science Policy Researchers, Consultants and Program Officers",ER00,Canada,20.19,35.38,51.79
2012,4162,Economists and Economic Policy Researchers and Analysts,ER00,Canada,20.33,36.81,51.28
2012,4163,Business Development Officers and Marketing Researchers and Consultants,ER00,Canada,16.62,28.85,50.0
2012,4164,"Social Policy Researchers, Consultants and Program Officers",ER00,Canada,18.0,30.77,48.64
2012,4165,"Health Policy Researchers, Consultants and Program Officers",ER00,Canada,16.67,32.0,48.9
2012,4166,"Education Policy Researchers, Consultants and Program Officers",ER00,Canada,19.0,30.77,46.15
2012,4167,"Recreation, Sports and Fitness Program Supervisors and Consultants",ER00,Canada,12.25,21.5,35.0
2012,4168,Program Officers Unique to Government,ER00,Canada,21.33,35.9,50.26
2012,4169,"Other Professional Occupations in Social Science, n.e.c.",ER00,Canada,19.55,34.13,48.72
2012,4211,Paralegal and Related Occupations,ER00,Canada,14.57,24.0,35.26
2012,4212,Community and Social Service Workers,ER00,Canada,12.23,19.9,30.0
2012,4213,Employment Counsellors,ER00,Canada,15.25,23.0,35.81
2012,4214,Early Childhood Educators and Assistants,ER00,Canada,10.25,16.25,25.0
2012,4215,Instructors and Teachers of Persons with Disabilities,ER00,Canada,18.12,26.49,42.86
2012,4216,Other Instructors,ER00,Canada,9.0,16.0,31.58
2012,4217,Other Religious Occupations,ER00,Canada,10.0,16.8,31.25
2012,5111,Librarians,ER00,Canada,16.25,29.86,41.21
2012,5112,Conservators and Curators,ER00,Canada,13.0,25.0,48.21
2012,5113,Archivists,ER00,Canada,12.17,25.13,32.0
2012,5121,Authors and Writers,ER00,Canada,16.05,27.88,40.0
2012,5122,Editors,ER00,Canada,14.42,24.73,40.87
2012,5123,Journalists,ER00,Canada,14.0,25.0,46.15
2012,5124,Professional Occupations in Public Relations and Communications,ER00,Canada,15.0,27.88,44.71
2012,5125,"Translators, Terminologists and Interpreters",ER00,Canada,15.0,26.0,41.03
2012,5131,"Producers, Directors, Choreographers and Related Occupations",ER00,Canada,15.38,28.0,44.23
2012,5132,"Conductors, Composers and Arrangers",ER00,Canada,11.87,22.53,42.0
2012,5133,Musicians and Singers,ER00,Canada,11.0,20.0,38.46
2012,5134,Dancers,ER00,Canada,10.0,18.0,35.0
2012,5135,Actors and Comedians,ER00,Canada,10.0,15.0,41.15
2012,5136,"Painters, Sculptors and Other Visual Artists",ER00,Canada,11.87,22.53,42.0
2012,5211,Library and Archive Technicians and Assistants,ER00,Canada,12.6,22.05,30.0
2012,5212,Technical Occupations Related to Museums and Art Galleries,ER00,Canada,10.0,16.0,25.88
2012,5221,Photographers,ER00,Canada,10.0,15.0,37.86
2012,5222,Film and Video Camera Operators,ER00,Canada,11.0,23.0,35.0
2012,5223,Graphic Arts Technicians,ER00,Canada,11.0,23.0,35.0
2012,5224,Broadcast Technicians,ER00,Canada,18.0,28.85,31.88
2012,5225,Audio and Video Recording Technicians,ER00,Canada,12.02,24.0,37.17
2012,5226,"Other Technical and Coordinating Occupations in Motion Pictures, Broadcasting and the Performing Arts",ER00,Canada,13.8,25.0,34.0
2012,5227,"Support Occupations in Motion Pictures, Broadcasting and the Performing Arts",ER00,Canada,10.5,22.0,29.0
2012,5231,Announcers and Other Broadcasters,ER00,Canada,11.0,22.0,45.0
2012,5232,Other Performers,ER00,Canada,10.0,18.22,38.46
2012,5241,Graphic Designers and Illustrators,ER00,Canada,13.34,20.0,36.81
2012,5242,Interior Designers,ER00,Canada,13.66,22.0,37.0
2012,5243,"Theatre, Fashion, Exhibit and Other Creative Designers",ER00,Canada,12.0,19.49,38.97
2012,5244,Artisans and Craftspersons,ER00,Canada,10.1,15.0,29.0
2012,5245,"Patternmakers - Textile, Leather and Fur Products",ER00,Canada,12.59,19.49,36.81
2012,5251,Athletes,ER00,Canada,9.09,17.0,38.0
2012,5252,Coaches,ER00,Canada,10.0,14.1,30.0
2012,5253,Sports Officials and Referees,ER00,Canada,9.5,12.5,25.0
2012,5254,Program Leaders and Instructors in Recreation and Sport,ER00,Canada,10.0,13.5,24.73
2012,6211,Retail Trade Supervisors,ER00,Canada,10.25,15.35,26.0
2012,6212,Food Service Supervisors,ER00,Canada,9.85,11.75,17.55
2012,6213,Executive Housekeepers,ER00,Canada,11.0,15.8,24.91
2012,6214,Dry Cleaning and Laundry Supervisors,ER00,Canada,12.35,17.59,34.97
2012,6215,Cleaning Supervisors,ER00,Canada,12.0,19.35,32.0
2012,6216,Other Service Supervisors,ER00,Canada,10.75,17.0,28.37
2012,6221,Technical Sales Specialists - Wholesale Trade,ER00,Canada,11.9,24.04,41.03
2012,6231,Insurance Agents and Brokers,ER00,Canada,13.5,21.63,33.65
2012,6232,Real Estate Agents and Salespersons,ER00,Canada,10.18,17.95,35.0
2012,6233,Retail and Wholesale Buyers,ER00,Canada,10.25,18.6,32.05
2012,6234,Grain Elevator Operators,ER00,Canada,16.19,24.73,38.46
2012,6241,Chefs,ER00,Canada,10.0,15.0,23.0
2012,6242,Cooks,ER00,Canada,9.5,11.0,18.0
2012,6251,Butchers and Meat Cutters - Retail and Wholesale,ER00,Canada,9.5,11.0,20.0
2012,6252,Bakers,ER00,Canada,9.5,11.25,19.25
2012,6261,Police Officers (Except Commissioned),ER00,Canada,16.0,34.62,44.23
2012,6262,Firefighters,ER00,Canada,16.83,32.97,43.03
2012,6271,Hairstylists and Barbers,ER00,Canada,9.5,12.0,22.0
2012,6272,Funeral Directors and Embalmers,ER00,Canada,9.81,17.5,28.85
2012,6411,Sales Representatives - Wholesale Trade (Non-Technical),ER00,Canada,12.0,21.63,38.46
2012,6421,Retail Salespersons and Sales Clerks,ER00,Canada,9.5,11.0,20.19
2012,6431,Travel Counsellors,ER00,Canada,10.25,15.87,22.84
2012,6432,Pursers and Flight Attendants,ER00,Canada,10.77,20.0,45.0
2012,6433,Airline Sales and Service Agents,ER00,Canada,12.0,21.0,25.38
2012,6434,"Ticket Agents, Cargo Service Representatives and Related Clerks (Except Airline)",ER00,Canada,11.25,21.0,27.0
2012,6435,Hotel Front Desk Clerks,ER00,Canada,10.0,12.5,18.0
2012,6441,Tour and Travel Guides,ER00,Canada,9.65,15.0,25.0
2012,6442,Outdoor Sport and Recreational Guides,ER00,Canada,9.75,16.0,25.73
2012,6443,Casino Occupations,ER00,Canada,11.75,18.5,27.0
2012,6451,Maîtres d'hôtel and Hosts/Hostesses,ER00,Canada,9.23,11.0,18.75
2012,6452,Bartenders,ER00,Canada,9.25,12.5,21.0
2012,6453,Food and Beverage Servers,ER00,Canada,9.0,12.0,20.0
2012,6461,Sheriffs and Bailiffs,ER00,Canada,11.54,25.0,40.18
2012,6462,Correctional Service Officers,ER00,Canada,15.93,27.0,33.85
2012,6463,"By-law Enforcement and Other Regulatory Officers, n.e.c.",ER00,Canada,13.32,25.5,36.26
2012,6464,Occupations Unique to the Armed Forces,ER00,Canada,9.63,22.6,30.77
2012,6465,Other Protective Service Occupations,ER00,Canada,12.0,19.23,33.0
2012,6471,"Visiting Homemakers, Housekeepers and Related Occupations",ER00,Canada,9.6,13.0,20.0
2012,6472,Elementary and Secondary School Teacher Assistants,ER00,Canada,12.0,19.0,25.0
2012,6474,"Babysitters, Nannies and Parents' Helpers",ER00,Canada,7.7,10.25,16.5
2012,6481,"Image, Social and Other Personal Consultants",ER00,Canada,10.25,14.42,25.0
2012,6482,"Estheticians, Electrologists and Related Occupations",ER00,Canada,9.5,13.0,19.23
2012,6483,Pet Groomers and Animal Care Workers,ER00,Canada,9.5,11.5,21.43
2012,6484,Other Personal Service Occupations,ER00,Canada,9.0,16.67,27.69
2012,6611,Cashiers,ER00,Canada,9.0,10.25,14.31
2012,6621,Service Station Attendants,ER00,Canada,9.0,10.0,12.0
2012,6622,Grocery Clerks and Store Shelf Stockers,ER00,Canada,9.5,10.5,17.0
2012,6623,Other Elemental Sales Occupations,ER00,Canada,9.75,11.0,20.19
2012,6641,"Food Counter Attendants, Kitchen Helpers and Related Occupations",ER00,Canada,9.0,10.25,16.5
2012,6651,Security Guards and Related Occupations,ER00,Canada,10.0,14.0,22.75
2012,6661,Light Duty Cleaners,ER00,Canada,10.0,13.0,19.41
2012,6662,Specialized Cleaners,ER00,Canada,9.55,13.0,23.0
2012,6663,"Janitors, Caretakers and Building Superintendents",ER00,Canada,10.0,15.35,23.59
2012,6671,"Operators and Attendants in Amusement, Recreation and Sport",ER00,Canada,9.5,11.0,23.0
2012,6672,Other Attendants in Accommodation and Travel,ER00,Canada,10.0,14.0,22.0
2012,6681,Dry Cleaning and Laundry Occupations,ER00,Canada,10.0,13.65,19.35
2012,6682,"Ironing, Pressing and Finishing Occupations",ER00,Canada,9.38,11.91,15.95
2012,6683,Other Elemental Service Occupations,ER00,Canada,9.5,11.0,18.75
2012,7211,"Supervisors, Machinists and Related Occupations",ER00,Canada,13.0,25.71,38.46
2012,7212,"Contractors and Supervisors, Electrical Trades and Telecommunications Occupations",ER00,Canada,18.27,33.25,44.85
2012,7213,"Contractors and Supervisors, Pipefitting Trades",ER00,Canada,17.79,32.0,44.33
2012,7214,"Contractors and Supervisors, Metal Forming, Shaping and Erecting Trades",ER00,Canada,18.0,30.5,41.0
2012,7215,"Contractors and Supervisors, Carpentry Trades",ER00,Canada,15.5,26.92,35.0
2012,7216,"Contractors and Supervisors, Mechanic Trades",ER00,Canada,16.0,28.22,43.27
2012,7217,"Contractors and Supervisors, Heavy Construction Equipment Crews",ER00,Canada,17.5,27.24,38.46
2012,7218,"Supervisors, Printing and Related Occupations",ER00,Canada,13.0,21.0,35.0
2012,7219,"Contractors and Supervisors, Other Construction Trades, Installers, Repairers and Servicers",ER00,Canada,17.31,28.0,40.0
2012,7221,"Supervisors, Railway Transport Operations",ER00,Canada,16.95,28.37,40.0
2012,7222,"Supervisors, Motor Transport and Other Ground Transit Operators",ER00,Canada,17.0,27.0,39.0
2012,7231,Machinists and Machining and Tooling Inspectors,ER00,Canada,15.0,23.0,32.0
2012,7232,Tool and Die Makers,ER00,Canada,15.0,23.5,32.0
2012,7241,Electricians (Except Industrial and Power System),ER00,Canada,15.0,27.16,37.18
2012,7242,Industrial Electricians,ER00,Canada,18.0,29.0,40.0
2012,7243,Power System Electricians,ER00,Canada,20.19,33.78,44.0
2012,7244,Electrical Power Line and Cable Workers,ER00,Canada,18.5,31.54,42.0
2012,7245,Telecommunications Line and Cable Workers,ER00,Canada,15.0,26.0,35.0
2012,7246,Telecommunications Installation and Repair Workers,ER00,Canada,14.0,24.73,34.0
2012,7247,Cable Television Service and Maintenance Technicians,ER00,Canada,12.0,23.5,37.0
2012,7251,Plumbers,ER00,Canada,15.0,25.0,35.0
2012,7252,"Steamfitters, Pipefitters and Sprinkler System Installers",ER00,Canada,16.8,30.0,40.3
2012,7253,Gas Fitters,ER00,Canada,17.45,27.5,35.5
2012,7261,Sheet Metal Workers,ER00,Canada,14.25,24.1,33.8
2012,7262,Boilermakers,ER00,Canada,18.0,30.14,43.0
2012,7263,Structural Metal and Platework Fabricators and Fitters,ER00,Canada,12.0,22.5,32.0
2012,7264,Ironworkers,ER00,Canada,17.0,28.37,38.0
2012,7265,Welders and Related Machine Operators,ER00,Canada,14.5,22.0,35.0
2012,7266,Blacksmiths and Die Setters,ER00,Canada,14.9,23.0,35.0
2012,7271,Carpenters,ER00,Canada,14.0,21.0,32.0
2012,7272,Cabinetmakers,ER00,Canada,12.0,17.5,25.0
2012,7281,Bricklayers,ER00,Canada,14.0,25.0,34.0
2012,7282,Concrete Finishers,ER00,Canada,15.0,24.07,32.0
2012,7283,Tilesetters,ER00,Canada,13.55,20.0,33.0
2012,7284,"Plasterers, Drywall Installers and Finishers and Lathers",ER00,Canada,13.0,24.0,33.0
2012,7291,Roofers and Shinglers,ER00,Canada,13.0,20.0,32.54
2012,7292,Glaziers,ER00,Canada,14.5,22.0,32.65
2012,7293,Insulators,ER00,Canada,14.57,25.0,36.0
2012,7294,Painters and Decorators,ER00,Canada,11.0,17.92,28.0
2012,7295,Floor Covering Installers,ER00,Canada,12.0,20.0,32.0
2012,7311,Construction Millwrights and Industrial Mechanics (Except Textile),ER00,Canada,16.41,26.0,37.0
2012,7312,Heavy-Duty Equipment Mechanics,ER00,Canada,15.0,25.7,37.0
2012,7313,Refrigeration and Air Conditioning Mechanics,ER00,Canada,15.0,27.0,38.0
2012,7314,Railway Carmen/women,ER00,Canada,15.5,29.0,30.23
2012,7315,Aircraft Mechanics and Aircraft Inspectors,ER00,Canada,15.25,28.0,36.06
2012,7316,Machine Fitters,ER00,Canada,16.0,26.0,37.37
2012,7317,Textile Machinery Mechanics and Repairers,ER00,Canada,10.26,16.69,27.02
2012,7318,Elevator Constructors and Mechanics,ER00,Canada,17.07,34.62,49.0
2012,7321,"Automotive Service Technicians, Truck Mechanics and Mechanical Repairers",ER00,Canada,12.2,21.0,31.2
2012,7322,Motor Vehicle Body Repairers,ER00,Canada,12.5,21.0,30.75
2012,7331,Oil and Solid Fuel Heating Mechanics,ER00,Canada,14.0,21.63,33.0
2012,7332,Electric Appliance Servicers and Repairers,ER00,Canada,12.0,20.0,30.0
2012,7333,Electrical Mechanics,ER00,Canada,15.0,22.5,35.0
2012,7334,Motorcycle and Other Related Mechanics,ER00,Canada,13.5,22.5,32.0
2012,7335,Other Small Engine and Equipment Mechanics,ER00,Canada,12.22,18.75,27.0
2012,7341,Upholsterers,ER00,Canada,10.0,18.0,26.6
2012,7342,"Tailors, Dressmakers, Furriers and Milliners",ER00,Canada,10.0,14.0,20.0
2012,7343,Shoe Repairers and Shoemakers,ER00,Canada,10.0,14.0,22.5
2012,7344,"Jewellers, Watch Repairers and Related Occupations",ER00,Canada,9.5,13.0,24.75
2012,7351,Stationary Engineers and Auxiliary Equipment Operators,ER00,Canada,17.0,27.67,43.0
2012,7352,Power Systems and Power Station Operators,ER00,Canada,19.97,34.26,49.9
2012,7361,Railway and Yard Locomotive Engineers,ER00,Canada,15.0,28.0,41.0
2012,7362,Railway Conductors and Brakemen/women,ER00,Canada,16.0,29.0,38.46
2012,7371,Crane Operators,ER00,Canada,18.0,28.0,36.5
2012,7372,"Drillers and Blasters - Surface Mining, Quarrying and Construction",ER00,Canada,16.0,25.0,33.65
2012,7373,Water Well Drillers,ER00,Canada,17.0,27.0,36.0
2012,7381,Printing Press Operators,ER00,Canada,11.65,20.0,33.5
2012,7382,Commercial Divers,ER00,Canada,12.0,19.25,33.2
2012,7383,Other Trades and Related Occupations,ER00,Canada,12.5,18.0,28.85
2012,7411,Truck Drivers,ER00,Canada,12.5,19.2,29.67
2012,7412,Bus Drivers and Subway and Other Transit Operators,ER00,Canada,11.5,20.0,29.08
2012,7413,Taxi and Limousine Drivers and Chauffeurs,ER00,Canada,7.5,12.0,25.0
2012,7414,Delivery and Courier Service Drivers,ER00,Canada,10.0,15.38,25.0
2012,7421,Heavy Equipment Operators (Except Crane),ER00,Canada,15.11,23.83,32.54
2012,7422,Public Works Maintenance Equipment Operators,ER00,Canada,15.0,21.0,27.0
2012,7431,Railway Yard Workers,ER00,Canada,17.77,24.19,33.75
2012,7432,Railway Track Maintenance Workers,ER00,Canada,14.0,22.45,30.54
2012,7433,"Deck Crew, Water Transport",ER00,Canada,14.29,22.0,31.25
2012,7434,"Engine Room Crew, Water Transport",ER00,Canada,12.0,21.0,30.0
2012,7435,Lock and Cable Ferry Operators and Related Occupations,ER00,Canada,15.08,22.66,30.72
2012,7436,Boat Operators,ER00,Canada,12.0,21.0,30.0
2012,7437,Air Transport Ramp Attendants,ER00,Canada,11.0,17.0,25.0
2012,7441,Residential and Commercial Installers and Servicers,ER00,Canada,12.0,18.0,30.0
2012,7442,Waterworks and Gas Maintenance Workers,ER00,Canada,16.49,25.86,35.0
2012,7443,Automotive Mechanical Installers and Servicers,ER00,Canada,10.0,14.0,23.5
2012,7444,Pest Controllers and Fumigators,ER00,Canada,11.0,17.4,30.0
2012,7445,Other Repairers and Servicers,ER00,Canada,10.5,16.25,31.0
2012,7451,Longshore Workers,ER00,Canada,18.0,30.0,37.0
2012,7452,Material Handlers,ER00,Canada,10.15,15.02,25.0
2012,7611,Construction Trades Helpers and Labourers,ER00,Canada,12.0,18.0,29.0
2012,7612,Other Trades Helpers and Labourers,ER00,Canada,10.0,16.0,26.0
2012,7621,Public Works and Maintenance Labourers,ER00,Canada,12.0,21.0,28.04
2012,7622,Railway and Motor Transport Labourers,ER00,Canada,11.35,19.43,31.0
2012,8211,"Supervisors, Logging and Forestry",ER00,Canada,15.37,25.0,38.46
2012,8221,"Supervisors, Mining and Quarrying",ER00,Canada,15.0,31.0,50.0
2012,8222,"Supervisors, Oil and Gas Drilling and Service",ER00,Canada,17.0,35.26,54.81
2012,8231,Underground Production and Development Miners,ER00,Canada,16.6,28.0,38.0
2012,8232,"Oil and Gas Well Drillers, Servicers, Testers and Related Workers",ER00,Canada,16.0,30.0,49.0
2012,8241,Logging Machinery Operators,ER00,Canada,14.69,21.71,30.0
2012,8251,Farmers and Farm Managers,ER00,Canada,8.75,15.5,25.7
2012,8252,Agricultural and Related Service Contractors and Managers,ER00,Canada,10.4,18.0,30.0
2012,8253,Farm Supervisors and Specialized Livestock Workers,ER00,Canada,10.49,15.25,26.44
2012,8254,Nursery and Greenhouse Operators and Managers,ER00,Canada,11.5,18.75,36.36
2012,8255,Landscaping and Grounds Maintenance Contractors and Managers,ER00,Canada,13.8,20.0,27.88
2012,8256,"Supervisors, Landscape and Horticulture",ER00,Canada,14.0,20.61,33.65
2012,8257,Aquaculture Operators and Managers,ER00,Canada,10.4,18.0,30.0
2012,8261,Fishing Masters and Officers,ER00,Canada,8.93,14.29,27.6
2012,8262,Fishing Vessel Skippers and Fishermen/women,ER00,Canada,8.85,14.0,27.04
2012,8411,Underground Mine Service and Support Workers,ER00,Canada,13.0,21.0,34.46
2012,8412,Oil and Gas Well Drilling Workers and Services Operators,ER00,Canada,16.0,28.0,37.5
2012,8421,Chainsaw and Skidder Operators,ER00,Canada,10.29,17.5,28.0
2012,8422,Silviculture and Forestry Workers,ER00,Canada,13.0,20.0,31.25
2012,8431,General Farm Workers,ER00,Canada,9.23,13.0,20.0
2012,8432,Nursery and Greenhouse Workers,ER00,Canada,9.75,11.75,18.0
2012,8441,Fishing Vessel Deckhands,ER00,Canada,9.38,13.4,24.0
2012,8442,Trappers and Hunters,ER00,Canada,9.42,13.33,24.0
2012,8611,Harvesting Labourers,ER00,Canada,8.32,10.5,18.0
2012,8612,Landscaping and Grounds Maintenance Labourers,ER00,Canada,10.22,15.0,23.5
2012,8613,Aquaculture and Marine Harvest Labourers,ER00,Canada,10.0,12.75,20.4
2012,8614,Mine Labourers,ER00,Canada,13.5,23.81,32.23
2012,8615,"Oil and Gas Drilling, Servicing and Related Labourers",ER00,Canada,15.38,23.9,35.26
2012,8616,Logging and Forestry Labourers,ER00,Canada,10.0,17.0,27.0
2012,9211,"Supervisors, Mineral and Metal Processing",ER00,Canada,18.8,26.44,42.0
2012,9212,"Supervisors, Petroleum, Gas and Chemical Processing and Utilities",ER00,Canada,15.0,27.5,48.08
2012,9213,"Supervisors, Food, Beverage and Tobacco Processing",ER00,Canada,13.0,20.0,31.0
2012,9214,"Supervisors, Plastic and Rubber Products Manufacturing",ER00,Canada,14.0,23.0,32.0
2012,9215,"Supervisors, Forest Products Processing",ER00,Canada,16.0,24.0,38.46
2012,9216,"Supervisors, Textile Processing",ER00,Canada,14.5,23.5,39.59
2012,9221,"Supervisors, Motor Vehicle Assembling",ER00,Canada,17.5,30.38,39.0
2012,9222,"Supervisors, Electronics Manufacturing",ER00,Canada,15.38,20.0,43.75
2012,9223,"Supervisors, Electrical Products Manufacturing",ER00,Canada,14.5,25.0,32.78
2012,9224,"Supervisors, Furniture and Fixtures Manufacturing",ER00,Canada,13.0,18.3,30.0
2012,9225,"Supervisors, Fabric, Fur and Leather Products Manufacturing",ER00,Canada,9.27,14.19,24.83
2012,9226,"Supervisors, Other Mechanical and Metal Products Manufacturing",ER00,Canada,16.0,25.0,41.5
2012,9227,"Supervisors, Other Products Manufacturing and Assembly",ER00,Canada,12.86,20.0,33.0
2012,9231,"Central Control and Process Operators, Mineral and Metal Processing",ER00,Canada,17.0,26.04,36.0
2012,9232,"Petroleum, Gas and Chemical Process Operators",ER00,Canada,17.4,34.0,47.4
2012,9233,Pulping Control Operators,ER00,Canada,14.0,28.85,34.62
2012,9234,Papermaking and Coating Control Operators,ER00,Canada,17.45,27.0,35.0
2012,9411,"Machine Operators, Mineral and Metal Processing",ER00,Canada,14.0,24.04,34.8
2012,9412,Foundry Workers,ER00,Canada,13.64,21.77,32.26
2012,9413,Glass Forming and Finishing Machine Operators and Glass Cutters,ER00,Canada,11.0,17.0,23.94
2012,9414,"Concrete, Clay and Stone Forming Operators",ER00,Canada,12.0,18.15,26.0
2012,9415,"Inspectors and Testers, Mineral and Metal Processing",ER00,Canada,15.0,22.7,32.0
2012,9421,Chemical Plant Machine Operators,ER00,Canada,11.75,20.0,31.17
2012,9422,Plastics Processing Machine Operators,ER00,Canada,10.5,16.0,23.0
2012,9423,Rubber Processing Machine Operators and Related Workers,ER00,Canada,11.15,18.15,25.5
2012,9424,Water and Waste Plant Operators,ER00,Canada,15.5,24.29,31.0
2012,9431,Sawmill Machine Operators,ER00,Canada,13.5,22.0,29.55
2012,9432,Pulp Mill Machine Operators,ER00,Canada,15.5,27.0,32.64
2012,9433,Papermaking and Finishing Machine Operators,ER00,Canada,14.0,26.11,33.0
2012,9434,Other Wood Processing Machine Operators,ER00,Canada,12.5,20.0,27.88
2012,9435,Paper Converting Machine Operators,ER00,Canada,11.78,20.0,27.11
2012,9436,Lumber Graders and Other Wood Processing Inspectors and Graders,ER00,Canada,11.75,20.0,29.54
2012,9441,Textile Fibre and Yarn Preparation Machine Operators,ER00,Canada,11.0,15.0,24.0
2012,9442,"Weavers, Knitters and Other Fabric-Making Occupations",ER00,Canada,9.5,12.0,19.5
2012,9443,Textile Dyeing and Finishing Machine Operators,ER00,Canada,10.0,14.0,22.0
2012,9444,"Textile Inspectors, Graders and Samplers",ER00,Canada,10.0,14.0,22.0
2012,9451,Sewing Machine Operators,ER00,Canada,9.5,11.28,20.0
2012,9452,"Fabric, Fur and Leather Cutters",ER00,Canada,10.25,14.0,25.0
2012,9453,Hide and Pelt Processing Workers,ER00,Canada,9.5,11.54,20.0
2012,9454,"Inspectors and Testers, Fabric, Fur and Leather Products Manufacturing",ER00,Canada,9.5,11.54,20.0
2012,9461,"Process Control and Machine Operators, Food and Beverage Processing",ER00,Canada,10.25,17.0,25.0
2012,9462,"Industrial Butchers and Meat Cutters, Poultry Preparers and Related Workers",ER00,Canada,11.0,17.0,19.75
2012,9463,Fish Plant Workers,ER00,Canada,9.88,11.7,18.0
2012,9464,Tobacco Processing Machine Operators,ER00,Canada,14.91,36.87,46.91
2012,9465,"Testers and Graders, Food and Beverage Processing",ER00,Canada,12.0,16.17,27.64
2012,9471,Printing Machine Operators,ER00,Canada,11.75,17.0,23.0
2012,9472,"Camera, Platemaking and Other Pre-Press Occupations",ER00,Canada,10.5,18.0,27.0
2012,9473,Binding and Finishing Machine Operators,ER00,Canada,10.25,16.0,25.0
2012,9474,Photographic and Film Processors,ER00,Canada,9.75,11.0,20.0
2012,9481,Aircraft Assemblers and Aircraft Assembly Inspectors,ER00,Canada,14.75,26.0,32.0
2012,9482,"Motor Vehicle Assemblers, Inspectors and Testers",ER00,Canada,16.0,30.3,34.73
2012,9483,"Electronics Assemblers, Fabricators, Inspectors and Testers",ER00,Canada,10.25,15.0,24.44
2012,9484,"Assemblers and Inspectors, Electrical Appliance, Apparatus and Equipment Manufacturing",ER00,Canada,11.0,16.0,25.0
2012,9485,"Assemblers, Fabricators and Inspectors, Industrial Electrical Motors and Transformers",ER00,Canada,12.0,17.31,25.0
2012,9486,Mechanical Assemblers and Inspectors,ER00,Canada,12.75,19.62,28.45
2012,9487,"Machine Operators and Inspectors, Electrical Apparatus Manufacturing",ER00,Canada,10.8,14.95,23.71
2012,9491,Boat Assemblers and Inspectors,ER00,Canada,14.62,17.45,30.0
2012,9492,Furniture and Fixture Assemblers and Inspectors,ER00,Canada,10.5,15.0,22.0
2012,9493,Other Wood Products Assemblers and Inspectors,ER00,Canada,11.0,15.35,22.27
2012,9494,Furniture Finishers and Refinishers,ER00,Canada,10.25,15.0,23.5
2012,9495,"Plastic Products Assemblers, Finishers and Inspectors",ER00,Canada,11.0,15.4,24.36
2012,9496,Painters and Coaters - Industrial,ER00,Canada,12.25,19.39,32.0
2012,9497,"Plating, Metal Spraying and Related Operators",ER00,Canada,13.1,18.45,27.0
2012,9498,Other Assemblers and Inspectors,ER00,Canada,10.25,15.0,25.78
2012,9511,Machining Tool Operators,ER00,Canada,13.0,20.0,28.0
2012,9512,Forging Machine Operators,ER00,Canada,11.5,17.0,25.5
2012,9513,Woodworking Machine Operators,ER00,Canada,10.5,15.0,22.0
2012,9514,Metalworking Machine Operators,ER00,Canada,12.5,17.5,26.7
2012,9516,Other Metal Products Machine Operators,ER00,Canada,11.5,16.5,25.0
2012,9517,Other Products Machine Operators,ER00,Canada,10.25,14.37,25.0
2012,9611,Labourers in Mineral and Metal Processing,ER00,Canada,12.0,17.0,27.26
2012,9612,Labourers in Metal Fabrication,ER00,Canada,10.75,16.0,23.5
2012,9613,Labourers in Chemical Products Processing and Utilities,ER00,Canada,10.25,14.5,24.04
2012,9614,"Labourers in Wood, Pulp and Paper Processing",ER00,Canada,10.5,18.75,27.0
2012,9615,Labourers in Rubber and Plastic Products Manufacturing,ER00,Canada,10.25,13.5,21.0
2012,9616,Labourers in Textile Processing,ER00,Canada,9.5,11.85,18.68
2012,9617,"Labourers in Food, Beverage and Tobacco Processing",ER00,Canada,10.0,14.0,22.0
2012,9618,Labourers in Fish Processing,ER00,Canada,9.88,11.7,15.25
2012,9619,"Other Labourers in Processing, Manufacturing and Utilities",ER00,Canada,9.75,12.5,21.0
2013,0011,Legislators,ER00,Canada,10.25,29.04,52.88
2013,0012,Senior Government Managers and Officials,ER00,Canada,18.95,46.15,76.31
2013,0013,"Senior Managers - Financial, Communications and Other Business Services",ER00,Canada,19.5,41.25,76.92
2013,0014,"Senior Managers - Health, Education, Social and Community Services and Membership Organizations",ER00,Canada,20.85,43.27,71.15
2013,0015,"Senior Managers - Trade, Broadcasting and Other Services, n.c.a.",ER00,Canada,18.9,40.87,72.12
2013,0016,"Senior Managers - Goods Production, Utilities, Transportation and Construction",ER00,Canada,19.17,43.82,79.33
2013,0111,Financial Managers,ER00,Canada,20.62,38.46,62.5
2013,0112,Human Resources Managers,ER00,Canada,20.0,38.46,62.5
2013,0113,Purchasing Managers,ER00,Canada,19.78,35.96,59.42
2013,0114,Other Administrative Services Managers,ER00,Canada,17.5,35.89,54.95
2013,0121,"Insurance, Real Estate and Financial Brokerage Managers",ER00,Canada,20.43,38.4,61.54
2013,0122,"Banking, Credit and Other Investment Managers",ER00,Canada,19.0,34.87,57.69
2013,0123,Other Business Services Managers,ER00,Canada,16.0,34.44,55.29
2013,0131,Telecommunication Carriers Managers,ER00,Canada,20.0,38.46,57.95
2013,0132,Postal and Courier Services Managers,ER00,Canada,26.8,37.0,47.68
2013,0211,Engineering Managers,ER00,Canada,21.03,41.89,65.88
2013,0212,Architecture and Science Managers,ER00,Canada,23.08,38.46,61.54
2013,0213,Computer and Information Systems Managers,ER00,Canada,25.0,44.35,64.9
2013,0311,Managers in Health Care,ER00,Canada,19.23,41.67,57.69
2013,0312,Administrators - Post-Secondary Education and Vocational Training,ER00,Canada,22.0,39.05,64.66
2013,0313,School Principals and Administrators of Elementary and Secondary Education,ER00,Canada,26.28,43.27,57.69
2013,0314,"Managers in Social, Community and Correctional Services",ER00,Canada,16.83,30.77,49.23
2013,0411,Government Managers - Health and Social Policy Development and Program Administration,ER00,Canada,32.05,46.7,62.37
2013,0412,"Government Managers - Economic Analysis, Policy Development and Program Administration",ER00,Canada,28.02,48.21,61.03
2013,0413,Government Managers - Education Policy Development and Program Administration,ER00,Canada,28.0,46.15,61.54
2013,0414,Other Managers in Public Administration,ER00,Canada,26.0,47.12,60.0
2013,0511,"Library, Archive, Museum and Art Gallery Managers",ER00,Canada,12.26,26.15,52.98
2013,0512,"Managers - Publishing, Motion Pictures, Broadcasting and Performing Arts",ER00,Canada,17.0,33.65,65.93
2013,0513,Recreation and Sports Program and Service Directors,ER00,Canada,13.5,26.44,54.95
2013,0611,"Sales, Marketing and Advertising Managers",ER00,Canada,19.23,36.06,60.1
2013,0621,Retail Trade Managers,ER00,Canada,12.25,22.0,42.31
2013,0631,Restaurant and Food Service Managers,ER00,Canada,11.08,16.83,33.65
2013,0632,Accommodation Service Managers,ER00,Canada,10.5,20.19,41.75
2013,0641,Commissioned Police Officers,ER00,Canada,34.0,53.37,69.23
2013,0642,Fire Chiefs and Senior Firefighting Officers,ER00,Canada,26.22,44.51,65.16
2013,0643,"Commissioned Officers, Armed Forces",ER00,Canada,28.02,50.0,69.23
2013,0651,Other Services Managers,ER00,Canada,13.13,21.94,43.27
2013,0711,Construction Managers,ER00,Canada,20.0,35.0,60.0
2013,0712,Residential Home Builders and Renovators,ER00,Canada,19.5,33.65,49.1
2013,0713,Transportation Managers,ER00,Canada,20.87,35.0,57.69
2013,0721,Facility Operation and Maintenance Managers,ER00,Canada,15.0,29.81,52.88
2013,0811,Primary Production Managers (Except Agriculture),ER00,Canada,21.63,48.08,76.92
2013,0911,Manufacturing Managers,ER00,Canada,19.23,35.0,57.69
2013,0912,Utilities Managers,ER00,Canada,23.74,48.08,71.15
2013,1111,Financial Auditors and Accountants,ER00,Canada,16.83,28.21,51.28
2013,1112,Financial and Investment Analysts,ER00,Canada,19.23,30.77,50.21
2013,1113,"Securities Agents, Investment Dealers and Brokers",ER00,Canada,19.23,32.28,57.69
2013,1114,Other Financial Officers,ER00,Canada,18.0,28.72,49.45
2013,1121,Specialists in Human Resources,ER00,Canada,18.2,30.83,48.72
2013,1122,Professional Occupations in Business Services to Management,ER00,Canada,16.41,32.86,52.98
2013,1211,"Supervisors, General Office and Administrative Support Clerks",ER00,Canada,13.25,23.17,36.06
2013,1212,"Supervisors, Finance and Insurance Clerks",ER00,Canada,15.0,23.63,34.87
2013,1213,"Supervisors, Library, Correspondence and Related Information Clerks",ER00,Canada,12.85,20.22,33.0
2013,1214,"Supervisors, Mail and Message Distribution Occupations",ER00,Canada,14.87,23.0,30.51
2013,1215,"Supervisors, Recording, Distributing and Scheduling Occupations",ER00,Canada,13.0,20.3,32.42
2013,1221,Administrative Officers,ER00,Canada,14.0,21.35,32.57
2013,1222,Executive Assistants,ER00,Canada,15.0,24.62,33.65
2013,1223,Personnel and Recruitment Officers,ER00,Canada,13.85,24.04,37.5
2013,1224,Property Administrators,ER00,Canada,10.25,20.0,35.5
2013,1225,Purchasing Agents and Officers,ER00,Canada,14.75,25.0,39.42
2013,1226,Conference and Event Planners,ER00,Canada,12.0,20.67,31.0
2013,1227,Court Officers and Justices of the Peace,ER00,Canada,16.67,24.0,34.87
2013,1228,"Immigration, Employment Insurance and Revenue Officers",ER00,Canada,16.92,27.37,36.19
2013,1231,Bookkeepers,ER00,Canada,11.0,18.33,28.6
2013,1232,Loan Officers,ER00,Canada,15.0,22.0,36.06
2013,1233,Insurance Adjusters and Claims Examiners,ER00,Canada,16.0,25.48,36.92
2013,1234,Insurance Underwriters,ER00,Canada,17.0,25.64,36.32
2013,1235,"Assessors, Valuators and Appraisers",ER00,Canada,13.0,21.98,36.06
2013,1236,"Customs, Ship and Other Brokers",ER00,Canada,12.12,19.23,34.97
2013,1241,Secretaries (Except Legal and Medical),ER00,Canada,11.75,19.0,26.34
2013,1242,Legal Secretaries,ER00,Canada,13.0,20.19,29.22
2013,1243,Medical Secretaries,ER00,Canada,12.5,19.5,25.62
2013,1244,Court Recorders and Medical Transcriptionists,ER00,Canada,16.0,21.0,27.5
2013,1411,General Office Clerks,ER00,Canada,10.4,17.0,26.44
2013,1413,Records Management and Filing Clerks,ER00,Canada,10.25,18.0,26.4
2013,1414,Receptionists and Switchboard Operators,ER00,Canada,10.25,15.0,22.75
2013,1422,Data Entry Clerks,ER00,Canada,11.0,16.92,24.8
2013,1423,Desktop Publishing Operators and Related Occupations,ER00,Canada,10.26,17.0,27.0
2013,1424,Telephone Operators,ER00,Canada,10.75,15.0,26.0
2013,1431,Accounting and Related Clerks,ER00,Canada,12.1,18.9,28.0
2013,1432,Payroll Clerks,ER00,Canada,14.0,21.85,30.0
2013,1433,Customer Service Representatives - Financial Services,ER00,Canada,12.0,16.0,23.0
2013,1434,"Banking, Insurance and Other Financial Clerks",ER00,Canada,12.62,18.3,26.51
2013,1435,Collectors,ER00,Canada,11.34,20.0,29.81
2013,1441,Administrative Clerks,ER00,Canada,12.25,20.19,28.72
2013,1442,Personnel Clerks,ER00,Canada,14.42,21.5,30.0
2013,1443,Court Clerks,ER00,Canada,15.0,21.35,26.67
2013,1451,Library Clerks,ER00,Canada,10.0,18.0,26.63
2013,1452,"Correspondence, Publication and Related Clerks",ER00,Canada,12.0,21.0,29.61
2013,1453,"Customer Service, Information and Related Clerks",ER00,Canada,10.4,16.25,26.5
2013,1454,Survey Interviewers and Statistical Clerks,ER00,Canada,10.25,15.0,24.62
2013,1461,"Mail, Postal and Related Clerks",ER00,Canada,11.25,21.0,25.13
2013,1462,Letter Carriers,ER00,Canada,14.0,24.0,25.36
2013,1463,"Couriers, Messengers and Door-to-Door Distributors",ER00,Canada,9.75,12.0,25.0
2013,1471,Shippers and Receivers,ER00,Canada,10.65,15.94,25.0
2013,1472,Storekeepers and Parts Clerks,ER00,Canada,11.6,19.85,29.5
2013,1473,Production Clerks,ER00,Canada,13.0,21.0,32.21
2013,1474,Purchasing and Inventory Clerks,ER00,Canada,10.9,18.9,30.21
2013,1475,Dispatchers and Radio Operators,ER00,Canada,12.48,20.19,31.02
2013,1476,Transportation Route and Crew Schedulers,ER00,Canada,14.42,25.0,31.44
2013,2111,Physicists and Astronomers,ER00,Canada,11.54,38.46,69.0
2013,2112,Chemists,ER00,Canada,17.48,28.37,48.08
2013,2113,"Geologists, Geochemists and Geophysicists",ER00,Canada,25.0,43.0,64.1
2013,2114,Meteorologists,ER00,Canada,20.0,35.71,57.69
2013,2115,Other Professional Occupations in Physical Sciences,ER00,Canada,25.0,38.46,59.13
2013,2121,Biologists and Related Scientists,ER00,Canada,16.0,31.73,49.91
2013,2122,Forestry Professionals,ER00,Canada,22.62,31.73,49.22
2013,2123,"Agricultural Representatives, Consultants and Specialists",ER00,Canada,17.86,24.51,39.56
2013,2131,Civil Engineers,ER00,Canada,22.5,37.0,56.41
2013,2132,Mechanical Engineers,ER00,Canada,23.71,35.0,56.25
2013,2133,Electrical and Electronics Engineers,ER00,Canada,24.04,38.14,55.29
2013,2134,Chemical Engineers,ER00,Canada,19.37,37.5,52.12
2013,2141,Industrial and Manufacturing Engineers,ER00,Canada,21.0,33.65,48.97
2013,2142,Metallurgical and Materials Engineers,ER00,Canada,25.0,39.18,60.1
2013,2143,Mining Engineers,ER00,Canada,24.62,43.49,67.31
2013,2144,Geological Engineers,ER00,Canada,25.0,43.27,55.0
2013,2145,Petroleum Engineers,ER00,Canada,28.85,44.96,76.92
2013,2146,Aerospace Engineers,ER00,Canada,22.0,36.06,51.28
2013,2147,Computer Engineers (Except Software Engineers),ER00,Canada,20.75,36.06,52.88
2013,2148,"Other Professional Engineers, n.e.c.",ER00,Canada,24.0,37.5,63.62
2013,2151,Architects,ER00,Canada,19.23,30.1,51.28
2013,2152,Landscape Architects,ER00,Canada,18.0,30.0,48.3
2013,2153,Urban and Land Use Planners,ER00,Canada,22.31,34.87,52.2
2013,2154,Land Surveyors,ER00,Canada,18.0,27.0,44.23
2013,2161,"Mathematicians, Statisticians and Actuaries",ER00,Canada,21.54,32.05,74.73
2013,2171,Information Systems Analysts and Consultants,ER00,Canada,19.87,35.38,51.92
2013,2172,Database Analysts and Data Administrators,ER00,Canada,18.5,31.79,46.63
2013,2173,Software Engineers,ER00,Canada,23.5,38.46,61.0
2013,2174,Computer Programmers and Interactive Media Developers,ER00,Canada,18.6,32.97,46.67
2013,2175,Web Designers and Developers,ER00,Canada,14.0,25.0,43.27
2013,2211,Chemical Technologists and Technicians,ER00,Canada,15.0,23.91,39.47
2013,2212,Geological and Mineral Technologists and Technicians,ER00,Canada,13.71,25.6,48.08
2013,2213,Meteorological Technicians,ER00,Canada,14.0,24.52,40.87
2013,2221,Biological Technologists and Technicians,ER00,Canada,14.0,21.0,37.5
2013,2222,Agricultural and Fish Products Inspectors,ER00,Canada,14.81,29.0,38.46
2013,2223,Forestry Technologists and Technicians,ER00,Canada,16.3,23.57,37.5
2013,2224,Conservation and Fishery Officers,ER00,Canada,18.75,27.47,38.6
2013,2225,Landscape and Horticultural Technicians and Specialists,ER00,Canada,12.48,20.63,36.06
2013,2231,Civil Engineering Technologists and Technicians,ER00,Canada,16.0,26.82,43.0
2013,2232,Mechanical Engineering Technologists and Technicians,ER00,Canada,17.0,27.0,45.67
2013,2233,Industrial Engineering and Manufacturing Technologists and Technicians,ER00,Canada,17.0,25.0,41.76
2013,2234,Construction Estimators,ER00,Canada,17.95,26.92,45.67
2013,2241,Electrical and Electronics Engineering Technologists and Technicians,ER00,Canada,17.0,27.0,40.0
2013,2242,Electronic Service Technicians (Household and Business Equipment),ER00,Canada,13.25,23.0,36.38
2013,2243,Industrial Instrument Technicians and Mechanics,ER00,Canada,21.0,35.76,50.0
2013,2244,"Aircraft Instrument, Electrical and Avionics Mechanics, Technicians and Inspectors",ER00,Canada,17.0,31.0,43.59
2013,2251,Architectural Technologists and Technicians,ER00,Canada,14.0,22.0,38.32
2013,2252,Industrial Designers,ER00,Canada,14.5,25.0,43.27
2013,2253,Drafting Technologists and Technicians,ER00,Canada,15.15,24.5,39.01
2013,2254,Land Survey Technologists and Technicians,ER00,Canada,14.27,20.0,35.0
2013,2255,Mapping and Related Technologists and Technicians,ER00,Canada,17.0,29.74,42.9
2013,2261,Nondestructive Testers and Inspectors,ER00,Canada,16.25,30.0,57.0
2013,2262,Engineering Inspectors and Regulatory Officers,ER00,Canada,20.0,35.0,54.87
2013,2263,Inspectors in Public and Environmental Health and Occupational Health and Safety,ER00,Canada,19.0,32.0,48.08
2013,2264,Construction Inspectors,ER00,Canada,20.0,30.0,45.0
2013,2271,"Air Pilots, Flight Engineers and Flying Instructors",ER00,Canada,15.25,33.58,66.35
2013,2272,Air Traffic Control and Related Occupations,ER00,Canada,18.84,40.0,68.32
2013,2273,"Deck Officers, Water Transport",ER00,Canada,18.0,30.0,46.15
2013,2274,"Engineer Officers, Water Transport",ER00,Canada,14.44,28.0,50.0
2013,2275,Railway Traffic Controllers and Marine Traffic Regulators,ER00,Canada,17.0,32.6,39.6
2013,2281,Computer and Network Operators and Web Technicians,ER00,Canada,15.24,28.0,43.27
2013,2282,User Support Technicians,ER00,Canada,13.0,24.04,40.0
2013,2283,Systems Testing Technicians,ER00,Canada,15.04,28.0,42.05
2013,3111,Specialist Physicians,ER00,Canada,22.8,82.2755,189.847
2013,3112,General Practitioners and Family Physicians,ER00,Canada,22.209,62.344,136.3765
2013,3113,Dentists,ER00,Canada,19.388,53.289,143.6515
2013,3114,Veterinarians,ER00,Canada,14.355,34.5215,61.784
2013,3121,Optometrists,ER00,Canada,14.6,40.3285,69.164
2013,3122,Chiropractors,ER00,Canada,10.656450000000001,23.4455,53.154
2013,3123,Other Professional Occupations in Health Diagnosing and Treating,ER00,Canada,10.656450000000001,20.829,53.531
2013,3131,Pharmacists,ER00,Canada,23.897,42.3825,65.971
2013,3132,Dietitians and Nutritionists,ER00,Canada,20.0,33.0,39.0
2013,3141,Audiologists and Speech-Language Pathologists,ER00,Canada,22.0,37.41,48.48
2013,3142,Physiotherapists,ER00,Canada,18.0,34.17,43.02
2013,3143,Occupational Therapists,ER00,Canada,21.98,34.97,43.8
2013,3144,Other Professional Occupations in Therapy and Assessment,ER00,Canada,17.91,24.04,42.0
2013,3151,Head Nurses and Supervisors,ER00,Canada,19.0,36.0,47.43
2013,3152,Registered Nurses,ER00,Canada,21.0,34.65,43.3
2013,3211,Medical Laboratory Technologists and Pathologists' Assistants,ER00,Canada,17.25,29.88,39.0
2013,3212,Medical Laboratory Technicians,ER00,Canada,15.0,24.0,37.5
2013,3213,Veterinary and Animal Health Technologists and Technicians,ER00,Canada,12.02,17.25,24.62
2013,3214,"Respiratory Therapists, Clinical Perfusionists and Cardio-Pulmonary Technologists",ER00,Canada,20.63,30.0,39.4
2013,3215,Medical Radiation Technologists,ER00,Canada,22.28,31.5,40.0
2013,3216,Medical Sonographers,ER00,Canada,28.0,36.06,40.83
2013,3217,Cardiology Technologists,ER00,Canada,21.0,26.0,37.75
2013,3218,"Electroencephalographic and Other Diagnostic Technologists, n.e.c.",ER00,Canada,15.5,28.0,36.75
2013,3219,Other Medical Technologists and Technicians (Except Dental Health),ER00,Canada,12.5,21.0,35.0
2013,3221,Denturists,ER00,Canada,11.3828,26.6395,50.772
2013,3222,Dental Hygienists and Dental Therapists,ER00,Canada,21.0,33.65,49.0
2013,3223,"Dental Technologists, Technicians and Laboratory Bench Workers",ER00,Canada,13.0,22.28,31.05
2013,3231,Opticians,ER00,Canada,11.04,21.5,32.0
2013,3232,Midwives and Practitioners of Natural Healing,ER00,Canada,12.0,20.0,47.98
2013,3233,Licensed Practical Nurses,ER00,Canada,18.33,23.75,32.0
2013,3234,Ambulance Attendants and Other Paramedical Occupations,ER00,Canada,18.0,28.57,39.8
2013,3235,Other Technical Occupations in Therapy and Assessment,ER00,Canada,12.5,20.19,34.62
2013,3411,Dental Assistants,ER00,Canada,15.0,20.0,29.0
2013,3413,"Nurse Aides, Orderlies and Patient Service Associates",ER00,Canada,12.13,18.5,24.05
2013,3414,Other Assisting Occupations in Support of Health Services,ER00,Canada,11.15,17.0,26.0
2013,4111,Judges,ER00,Canada,20.33,37.98,85.0
2013,4112,Lawyers and Quebec Notaries,ER00,Canada,17.35,48.2635,136.2775
2013,4121,University Professors,ER00,Canada,17.03,39.42,64.9
2013,4122,Post-Secondary Teaching and Research Assistants,ER00,Canada,10.1,19.57,36.54
2013,4131,College and Other Vocational Instructors,ER00,Canada,16.52,32.0,48.08
2013,4141,Secondary School Teachers,ER00,Canada,20.98,35.65,49.24
2013,4142,Elementary School and Kindergarten Teachers,ER00,Canada,20.0,33.52,46.7
2013,4143,Educational Counsellors,ER00,Canada,18.75,33.33,45.67
2013,4151,Psychologists,ER00,Canada,20.0,37.36,54.95
2013,4152,Social Workers,ER00,Canada,19.0,30.0,42.0
2013,4153,"Family, Marriage and Other Related Counsellors",ER00,Canada,16.99,25.0,39.0
2013,4154,Ministers of Religion,ER00,Canada,10.38,21.15,36.0
2013,4155,Probation and Parole Officers and Related Occupations,ER00,Canada,22.98,34.18,39.62
2013,4161,"Natural and Applied Science Policy Researchers, Consultants and Program Officers",ER00,Canada,19.0,35.38,52.82
2013,4162,Economists and Economic Policy Researchers and Analysts,ER00,Canada,20.85,35.9,50.0
2013,4163,Business Development Officers and Marketing Researchers and Consultants,ER00,Canada,15.38,28.21,50.26
2013,4164,"Social Policy Researchers, Consultants and Program Officers",ER00,Canada,17.0,29.91,47.18
2013,4165,"Health Policy Researchers, Consultants and Program Officers",ER00,Canada,17.31,32.31,49.74
2013,4166,"Education Policy Researchers, Consultants and Program Officers",ER00,Canada,19.0,33.65,47.6
2013,4167,"Recreation, Sports and Fitness Program Supervisors and Consultants",ER00,Canada,13.99,22.53,37.87
2013,4168,Program Officers Unique to Government,ER00,Canada,24.62,37.44,52.31
2013,4169,"Other Professional Occupations in Social Science, n.e.c.",ER00,Canada,20.51,33.5,48.72
2013,4211,Paralegal and Related Occupations,ER00,Canada,15.0,24.04,35.9
2013,4212,Community and Social Service Workers,ER00,Canada,12.63,20.0,31.0
2013,4213,Employment Counsellors,ER00,Canada,15.71,23.0,33.33
2013,4214,Early Childhood Educators and Assistants,ER00,Canada,10.5,16.5,25.0
2013,4215,Instructors and Teachers of Persons with Disabilities,ER00,Canada,14.0,25.0,43.27
2013,4216,Other Instructors,ER00,Canada,10.0,16.45,31.32
2013,4217,Other Religious Occupations,ER00,Canada,9.75,17.0,32.21
2013,5111,Librarians,ER00,Canada,15.75,27.47,44.23
2013,5112,Conservators and Curators,ER00,Canada,13.0,25.0,48.21
2013,5113,Archivists,ER00,Canada,16.5,26.0,32.7
2013,5121,Authors and Writers,ER00,Canada,14.5,26.92,42.05
2013,5122,Editors,ER00,Canada,14.96,25.6,41.7
2013,5123,Journalists,ER00,Canada,13.85,25.0,43.59
2013,5124,Professional Occupations in Public Relations and Communications,ER00,Canada,15.0,28.51,45.67
2013,5125,"Translators, Terminologists and Interpreters",ER00,Canada,15.0,25.0,43.59
2013,5131,"Producers, Directors, Choreographers and Related Occupations",ER00,Canada,15.38,26.67,47.17
2013,5132,"Conductors, Composers and Arrangers",ER00,Canada,11.188125,16.015,34.0215
2013,5133,Musicians and Singers,ER00,Canada,11.67,20.0,35.38
2013,5134,Dancers,ER00,Canada,10.25,17.0,32.0
2013,5135,Actors and Comedians,ER00,Canada,10.0,17.06,45.0
2013,5136,"Painters, Sculptors and Other Visual Artists",ER00,Canada,12.91,22.73,40.07
2013,5211,Library and Archive Technicians and Assistants,ER00,Canada,12.9,23.0,30.0
2013,5212,Technical Occupations Related to Museums and Art Galleries,ER00,Canada,10.25,16.66,29.0
2013,5221,Photographers,ER00,Canada,10.25,15.0,37.86
2013,5222,Film and Video Camera Operators,ER00,Canada,11.0,23.0,35.0
2013,5223,Graphic Arts Technicians,ER00,Canada,11.0,23.0,35.0
2013,5224,Broadcast Technicians,ER00,Canada,18.0,28.85,31.88
2013,5225,Audio and Video Recording Technicians,ER00,Canada,14.0,27.5,40.87
2013,5226,"Other Technical and Coordinating Occupations in Motion Pictures, Broadcasting and the Performing Arts",ER00,Canada,15.0,25.0,34.0
2013,5227,"Support Occupations in Motion Pictures, Broadcasting and the Performing Arts",ER00,Canada,11.0,20.0,29.17
2013,5231,Announcers and Other Broadcasters,ER00,Canada,11.0,22.0,41.35
2013,5232,Other Performers,ER00,Canada,10.25,18.75,35.56
2013,5241,Graphic Designers and Illustrators,ER00,Canada,14.0,20.0,37.5
2013,5242,Interior Designers,ER00,Canada,13.66,22.0,35.0
2013,5243,"Theatre, Fashion, Exhibit and Other Creative Designers",ER00,Canada,12.0,17.5,36.06
2013,5244,Artisans and Craftspersons,ER00,Canada,10.25,16.5,29.0
2013,5245,"Patternmakers - Textile, Leather and Fur Products",ER00,Canada,13.0,22.0,32.66
2013,5251,Athletes,ER00,Canada,9.75,21.84,50.0
2013,5252,Coaches,ER00,Canada,10.0,14.69,33.65
2013,5253,Sports Officials and Referees,ER00,Canada,9.9,13.33,25.0
2013,5254,Program Leaders and Instructors in Recreation and Sport,ER00,Canada,10.0,14.35,25.0
2013,6211,Retail Trade Supervisors,ER00,Canada,10.5,15.25,26.44
2013,6212,Food Service Supervisors,ER00,Canada,10.0,12.0,20.0
2013,6213,Executive Housekeepers,ER00,Canada,11.55,15.0,23.0
2013,6214,Dry Cleaning and Laundry Supervisors,ER00,Canada,11.5,17.0,34.97
2013,6215,Cleaning Supervisors,ER00,Canada,12.0,19.49,32.0
2013,6216,Other Service Supervisors,ER00,Canada,11.0,18.07,31.0
2013,6221,Technical Sales Specialists - Wholesale Trade,ER00,Canada,11.57,23.08,42.31
2013,6231,Insurance Agents and Brokers,ER00,Canada,13.36,21.75,33.85
2013,6232,Real Estate Agents and Salespersons,ER00,Canada,10.85,19.0,36.06
2013,6233,Retail and Wholesale Buyers,ER00,Canada,10.75,18.7,32.91
2013,6234,Grain Elevator Operators,ER00,Canada,13.5,23.0,38.46
2013,6241,Chefs,ER00,Canada,10.25,15.0,23.67
2013,6242,Cooks,ER00,Canada,9.75,11.5,18.0
2013,6251,Butchers and Meat Cutters - Retail and Wholesale,ER00,Canada,9.75,11.79,20.0
2013,6252,Bakers,ER00,Canada,9.75,11.5,20.0
2013,6261,Police Officers (Except Commissioned),ER00,Canada,16.5,35.0,45.26
2013,6262,Firefighters,ER00,Canada,17.8,33.01,44.41
2013,6271,Hairstylists and Barbers,ER00,Canada,9.75,12.02,20.0
2013,6272,Funeral Directors and Embalmers,ER00,Canada,10.83,18.73,29.81
2013,6411,Sales Representatives - Wholesale Trade (Non-Technical),ER00,Canada,11.92,22.0,38.46
2013,6421,Retail Salespersons and Sales Clerks,ER00,Canada,9.75,11.15,20.38
2013,6431,Travel Counsellors,ER00,Canada,10.5,16.83,24.67
2013,6432,Pursers and Flight Attendants,ER00,Canada,11.5,20.0,46.0
2013,6433,Airline Sales and Service Agents,ER00,Canada,10.5,18.0,25.48
2013,6434,"Ticket Agents, Cargo Service Representatives and Related Clerks (Except Airline)",ER00,Canada,11.25,21.0,27.0
2013,6435,Hotel Front Desk Clerks,ER00,Canada,10.0,12.5,18.0
2013,6441,Tour and Travel Guides,ER00,Canada,9.75,12.75,20.0
2013,6442,Outdoor Sport and Recreational Guides,ER00,Canada,9.9,14.81,25.0
2013,6443,Casino Occupations,ER00,Canada,11.7,17.5,27.0
2013,6451,Maîtres d'hôtel and Hosts/Hostesses,ER00,Canada,9.75,11.0,19.23
2013,6452,Bartenders,ER00,Canada,9.95,11.0,16.2
2013,6453,Food and Beverage Servers,ER00,Canada,9.75,10.5,17.11
2013,6461,Sheriffs and Bailiffs,ER00,Canada,16.0,25.0,38.46
2013,6462,Correctional Service Officers,ER00,Canada,15.5,28.0,35.0
2013,6463,"By-law Enforcement and Other Regulatory Officers, n.e.c.",ER00,Canada,13.32,27.0,36.26
2013,6464,Occupations Unique to the Armed Forces,ER00,Canada,13.85,27.0,35.0
2013,6465,Other Protective Service Occupations,ER00,Canada,12.5,17.0,33.0
2013,6471,"Visiting Homemakers, Housekeepers and Related Occupations",ER00,Canada,10.0,13.0,20.0
2013,6472,Elementary and Secondary School Teacher Assistants,ER00,Canada,12.0,19.0,25.15
2013,6474,"Babysitters, Nannies and Parents' Helpers",ER00,Canada,9.75,10.35,17.0
2013,6481,"Image, Social and Other Personal Consultants",ER00,Canada,10.0,15.0,31.25
2013,6482,"Estheticians, Electrologists and Related Occupations",ER00,Canada,10.0,13.25,20.0
2013,6483,Pet Groomers and Animal Care Workers,ER00,Canada,9.75,12.0,20.97
2013,6484,Other Personal Service Occupations,ER00,Canada,10.0,18.0,38.0
2013,6611,Cashiers,ER00,Canada,9.75,10.25,14.56
2013,6621,Service Station Attendants,ER00,Canada,9.75,10.25,13.0
2013,6622,Grocery Clerks and Store Shelf Stockers,ER00,Canada,9.75,11.0,17.95
2013,6623,Other Elemental Sales Occupations,ER00,Canada,9.85,12.0,21.85
2013,6641,"Food Counter Attendants, Kitchen Helpers and Related Occupations",ER00,Canada,9.75,10.25,16.64
2013,6651,Security Guards and Related Occupations,ER00,Canada,10.25,14.22,23.0
2013,6661,Light Duty Cleaners,ER00,Canada,10.0,13.5,20.0
2013,6662,Specialized Cleaners,ER00,Canada,10.0,14.0,23.0
2013,6663,"Janitors, Caretakers and Building Superintendents",ER00,Canada,10.0,16.0,24.04
2013,6671,"Operators and Attendants in Amusement, Recreation and Sport",ER00,Canada,9.75,11.0,22.0
2013,6672,Other Attendants in Accommodation and Travel,ER00,Canada,10.0,16.0,23.08
2013,6681,Dry Cleaning and Laundry Occupations,ER00,Canada,10.28,14.77,20.0
2013,6682,"Ironing, Pressing and Finishing Occupations",ER00,Canada,9.75,12.0,16.25
2013,6683,Other Elemental Service Occupations,ER00,Canada,9.75,11.0,21.85
2013,7211,"Supervisors, Machinists and Related Occupations",ER00,Canada,13.0,28.54,37.0
2013,7212,"Contractors and Supervisors, Electrical Trades and Telecommunications Occupations",ER00,Canada,18.0,35.0,44.71
2013,7213,"Contractors and Supervisors, Pipefitting Trades",ER00,Canada,17.79,32.0,42.36
2013,7214,"Contractors and Supervisors, Metal Forming, Shaping and Erecting Trades",ER00,Canada,20.0,31.67,43.0
2013,7215,"Contractors and Supervisors, Carpentry Trades",ER00,Canada,17.75,28.0,37.5
2013,7216,"Contractors and Supervisors, Mechanic Trades",ER00,Canada,16.51,29.36,45.0
2013,7217,"Contractors and Supervisors, Heavy Construction Equipment Crews",ER00,Canada,18.0,28.18,40.0
2013,7218,"Supervisors, Printing and Related Occupations",ER00,Canada,13.0,22.0,34.26
2013,7219,"Contractors and Supervisors, Other Construction Trades, Installers, Repairers and Servicers",ER00,Canada,17.5,28.5,39.26
2013,7221,"Supervisors, Railway Transport Operations",ER00,Canada,19.23,31.5,40.38
2013,7222,"Supervisors, Motor Transport and Other Ground Transit Operators",ER00,Canada,16.0,27.0,40.0
2013,7231,Machinists and Machining and Tooling Inspectors,ER00,Canada,15.0,23.0,32.5
2013,7232,Tool and Die Makers,ER00,Canada,15.0,23.5,32.31
2013,7241,Electricians (Except Industrial and Power System),ER00,Canada,15.0,27.16,38.0
2013,7242,Industrial Electricians,ER00,Canada,20.0,30.0,40.0
2013,7243,Power System Electricians,ER00,Canada,21.85,33.41,46.0
2013,7244,Electrical Power Line and Cable Workers,ER00,Canada,18.5,32.0,43.0
2013,7245,Telecommunications Line and Cable Workers,ER00,Canada,15.0,26.0,35.0
2013,7246,Telecommunications Installation and Repair Workers,ER00,Canada,14.0,24.04,35.0
2013,7247,Cable Television Service and Maintenance Technicians,ER00,Canada,13.5,22.69,35.0
2013,7251,Plumbers,ER00,Canada,15.0,25.0,36.0
2013,7252,"Steamfitters, Pipefitters and Sprinkler System Installers",ER00,Canada,18.0,30.0,42.0
2013,7253,Gas Fitters,ER00,Canada,17.0,27.0,35.0
2013,7261,Sheet Metal Workers,ER00,Canada,16.0,25.0,35.0
2013,7262,Boilermakers,ER00,Canada,17.65,31.0,43.75
2013,7263,Structural Metal and Platework Fabricators and Fitters,ER00,Canada,12.5,23.0,32.0
2013,7264,Ironworkers,ER00,Canada,18.0,29.96,38.63
2013,7265,Welders and Related Machine Operators,ER00,Canada,15.0,23.0,35.0
2013,7266,Blacksmiths and Die Setters,ER00,Canada,14.9,23.0,35.0
2013,7271,Carpenters,ER00,Canada,14.0,23.0,33.0
2013,7272,Cabinetmakers,ER00,Canada,12.5,17.5,27.0
2013,7281,Bricklayers,ER00,Canada,13.0,26.0,35.05
2013,7282,Concrete Finishers,ER00,Canada,15.0,25.0,33.0
2013,7283,Tilesetters,ER00,Canada,14.0,21.5,34.0
2013,7284,"Plasterers, Drywall Installers and Finishers and Lathers",ER00,Canada,14.0,24.0,35.68
2013,7291,Roofers and Shinglers,ER00,Canada,14.0,22.0,34.05
2013,7292,Glaziers,ER00,Canada,12.0,22.0,32.0
2013,7293,Insulators,ER00,Canada,14.57,25.0,38.0
2013,7294,Painters and Decorators,ER00,Canada,12.0,18.0,30.0
2013,7295,Floor Covering Installers,ER00,Canada,12.0,20.0,32.0
2013,7311,Construction Millwrights and Industrial Mechanics (Except Textile),ER00,Canada,16.88,27.0,38.0
2013,7312,Heavy-Duty Equipment Mechanics,ER00,Canada,16.0,26.0,38.5
2013,7313,Refrigeration and Air Conditioning Mechanics,ER00,Canada,16.0,27.0,40.0
2013,7314,Railway Carmen/women,ER00,Canada,21.25,28.69,33.0
2013,7315,Aircraft Mechanics and Aircraft Inspectors,ER00,Canada,17.0,28.0,35.33
2013,7316,Machine Fitters,ER00,Canada,16.0,26.0,37.37
2013,7317,Textile Machinery Mechanics and Repairers,ER00,Canada,11.8,17.21,25.3
2013,7318,Elevator Constructors and Mechanics,ER00,Canada,18.17,36.0,49.0
2013,7321,"Automotive Service Technicians, Truck Mechanics and Mechanical Repairers",ER00,Canada,12.5,21.88,32.0
2013,7322,Motor Vehicle Body Repairers,ER00,Canada,13.0,21.63,31.25
2013,7331,Oil and Solid Fuel Heating Mechanics,ER00,Canada,13.0,20.0,33.0
2013,7332,Electric Appliance Servicers and Repairers,ER00,Canada,14.0,20.75,30.0
2013,7333,Electrical Mechanics,ER00,Canada,16.0,24.0,33.53
2013,7334,Motorcycle and Other Related Mechanics,ER00,Canada,14.5,20.0,30.05
2013,7335,Other Small Engine and Equipment Mechanics,ER00,Canada,12.0,17.0,30.15
2013,7341,Upholsterers,ER00,Canada,12.0,19.0,25.0
2013,7342,"Tailors, Dressmakers, Furriers and Milliners",ER00,Canada,10.0,13.5,20.0
2013,7343,Shoe Repairers and Shoemakers,ER00,Canada,10.0,13.68,22.0
2013,7344,"Jewellers, Watch Repairers and Related Occupations",ER00,Canada,9.75,13.0,24.75
2013,7351,Stationary Engineers and Auxiliary Equipment Operators,ER00,Canada,18.65,28.0,42.0
2013,7352,Power Systems and Power Station Operators,ER00,Canada,20.0,34.0,46.63
2013,7361,Railway and Yard Locomotive Engineers,ER00,Canada,14.0,28.0,45.45
2013,7362,Railway Conductors and Brakemen/women,ER00,Canada,14.4,29.43,40.06
2013,7371,Crane Operators,ER00,Canada,18.0,28.0,38.0
2013,7372,"Drillers and Blasters - Surface Mining, Quarrying and Construction",ER00,Canada,17.0,25.6,34.0
2013,7373,Water Well Drillers,ER00,Canada,15.0,21.55,30.0
2013,7381,Printing Press Operators,ER00,Canada,12.0,20.0,33.65
2013,7382,Commercial Divers,ER00,Canada,10.5,27.0,37.0
2013,7383,Other Trades and Related Occupations,ER00,Canada,12.5,18.2,31.0
2013,7411,Truck Drivers,ER00,Canada,13.0,19.7,30.0
2013,7412,Bus Drivers and Subway and Other Transit Operators,ER00,Canada,11.49,19.8,29.43
2013,7413,Taxi and Limousine Drivers and Chauffeurs,ER00,Canada,9.75,12.0,26.0
2013,7414,Delivery and Courier Service Drivers,ER00,Canada,10.25,15.79,25.5
2013,7421,Heavy Equipment Operators (Except Crane),ER00,Canada,15.88,24.45,33.83
2013,7422,Public Works Maintenance Equipment Operators,ER00,Canada,16.0,22.0,28.0
2013,7431,Railway Yard Workers,ER00,Canada,17.77,24.19,33.75
2013,7432,Railway Track Maintenance Workers,ER00,Canada,15.0,24.0,32.0
2013,7433,"Deck Crew, Water Transport",ER00,Canada,11.0,22.0,29.96
2013,7434,"Engine Room Crew, Water Transport",ER00,Canada,15.0,24.0,27.4
2013,7435,Lock and Cable Ferry Operators and Related Occupations,ER00,Canada,15.08,22.67,30.72
2013,7436,Boat Operators,ER00,Canada,13.57,21.38,30.0
2013,7437,Air Transport Ramp Attendants,ER00,Canada,11.0,15.5,25.0
2013,7441,Residential and Commercial Installers and Servicers,ER00,Canada,13.0,18.0,30.0
2013,7442,Waterworks and Gas Maintenance Workers,ER00,Canada,15.0,26.44,33.0
2013,7443,Automotive Mechanical Installers and Servicers,ER00,Canada,10.5,14.5,26.0
2013,7444,Pest Controllers and Fumigators,ER00,Canada,12.0,19.75,29.76
2013,7445,Other Repairers and Servicers,ER00,Canada,11.0,18.0,31.0
2013,7451,Longshore Workers,ER00,Canada,18.0,34.0,40.87
2013,7452,Material Handlers,ER00,Canada,10.34,15.73,25.0
2013,7611,Construction Trades Helpers and Labourers,ER00,Canada,12.0,18.0,29.87
2013,7612,Other Trades Helpers and Labourers,ER00,Canada,11.0,17.5,30.0
2013,7621,Public Works and Maintenance Labourers,ER00,Canada,12.75,20.92,30.0
2013,7622,Railway and Motor Transport Labourers,ER00,Canada,10.25,20.0,31.0
2013,8211,"Supervisors, Logging and Forestry",ER00,Canada,14.22,24.0,38.46
2013,8221,"Supervisors, Mining and Quarrying",ER00,Canada,15.65,31.0,50.0
2013,8222,"Supervisors, Oil and Gas Drilling and Service",ER00,Canada,18.31,36.0,56.0
2013,8231,Underground Production and Development Miners,ER00,Canada,17.63,29.0,40.0
2013,8232,"Oil and Gas Well Drillers, Servicers, Testers and Related Workers",ER00,Canada,17.0,32.0,48.13
2013,8241,Logging Machinery Operators,ER00,Canada,15.0,23.0,30.0
2013,8251,Farmers and Farm Managers,ER00,Canada,9.75,16.0,26.44
2013,8252,Agricultural and Related Service Contractors and Managers,ER00,Canada,10.4,18.0,30.0
2013,8253,Farm Supervisors and Specialized Livestock Workers,ER00,Canada,11.0,14.9,20.0
2013,8254,Nursery and Greenhouse Operators and Managers,ER00,Canada,10.2,12.5,20.0
2013,8255,Landscaping and Grounds Maintenance Contractors and Managers,ER00,Canada,12.0,18.5,27.88
2013,8256,"Supervisors, Landscape and Horticulture",ER00,Canada,14.0,21.5,36.01
2013,8257,Aquaculture Operators and Managers,ER00,Canada,10.4,18.0,30.0
2013,8261,Fishing Masters and Officers,ER00,Canada,11.48,22.96,63.59
2013,8262,Fishing Vessel Skippers and Fishermen/women,ER00,Canada,9.75,15.0,32.0
2013,8411,Underground Mine Service and Support Workers,ER00,Canada,15.0,25.0,35.0
2013,8412,Oil and Gas Well Drilling Workers and Services Operators,ER00,Canada,16.0,28.0,38.5
2013,8421,Chainsaw and Skidder Operators,ER00,Canada,13.0,20.0,30.0
2013,8422,Silviculture and Forestry Workers,ER00,Canada,13.33,21.0,33.33
2013,8431,General Farm Workers,ER00,Canada,9.75,13.0,20.19
2013,8432,Nursery and Greenhouse Workers,ER00,Canada,9.75,12.0,19.5
2013,8441,Fishing Vessel Deckhands,ER00,Canada,9.85,14.29,25.0
2013,8442,Trappers and Hunters,ER00,Canada,9.75,13.33,24.0
2013,8611,Harvesting Labourers,ER00,Canada,9.75,10.75,18.0
2013,8612,Landscaping and Grounds Maintenance Labourers,ER00,Canada,10.25,15.0,24.95
2013,8613,Aquaculture and Marine Harvest Labourers,ER00,Canada,10.65,14.29,27.0
2013,8614,Mine Labourers,ER00,Canada,11.34,22.5,30.42
2013,8615,"Oil and Gas Drilling, Servicing and Related Labourers",ER00,Canada,15.87,24.5,34.0
2013,8616,Logging and Forestry Labourers,ER00,Canada,10.25,18.89,28.75
2013,9211,"Supervisors, Mineral and Metal Processing",ER00,Canada,19.5,27.0,41.54
2013,9212,"Supervisors, Petroleum, Gas and Chemical Processing and Utilities",ER00,Canada,15.0,28.57,48.08
2013,9213,"Supervisors, Food, Beverage and Tobacco Processing",ER00,Canada,12.75,20.19,31.25
2013,9214,"Supervisors, Plastic and Rubber Products Manufacturing",ER00,Canada,14.42,22.13,31.0
2013,9215,"Supervisors, Forest Products Processing",ER00,Canada,15.0,23.22,36.67
2013,9216,"Supervisors, Textile Processing",ER00,Canada,14.5,23.5,39.59
2013,9221,"Supervisors, Motor Vehicle Assembling",ER00,Canada,19.0,28.0,37.7
2013,9222,"Supervisors, Electronics Manufacturing",ER00,Canada,10.58,19.23,38.46
2013,9223,"Supervisors, Electrical Products Manufacturing",ER00,Canada,15.5,26.44,35.5
2013,9224,"Supervisors, Furniture and Fixtures Manufacturing",ER00,Canada,14.44,19.05,28.85
2013,9225,"Supervisors, Fabric, Fur and Leather Products Manufacturing",ER00,Canada,9.75,14.19,24.83
2013,9226,"Supervisors, Other Mechanical and Metal Products Manufacturing",ER00,Canada,16.25,25.0,40.2
2013,9227,"Supervisors, Other Products Manufacturing and Assembly",ER00,Canada,13.0,21.15,33.33
2013,9231,"Central Control and Process Operators, Mineral and Metal Processing",ER00,Canada,17.0,28.0,37.0
2013,9232,"Petroleum, Gas and Chemical Process Operators",ER00,Canada,18.5,33.65,48.5
2013,9233,Pulping Control Operators,ER00,Canada,14.0,28.85,34.62
2013,9234,Papermaking and Coating Control Operators,ER00,Canada,15.77,25.0,32.0
2013,9411,"Machine Operators, Mineral and Metal Processing",ER00,Canada,14.0,24.77,35.0
2013,9412,Foundry Workers,ER00,Canada,14.0,21.0,30.76
2013,9413,Glass Forming and Finishing Machine Operators and Glass Cutters,ER00,Canada,13.0,17.0,23.1
2013,9414,"Concrete, Clay and Stone Forming Operators",ER00,Canada,13.0,18.75,30.0
2013,9415,"Inspectors and Testers, Mineral and Metal Processing",ER00,Canada,16.39,25.0,32.0
2013,9421,Chemical Plant Machine Operators,ER00,Canada,11.0,19.0,30.0
2013,9422,Plastics Processing Machine Operators,ER00,Canada,10.67,15.9,23.0
2013,9423,Rubber Processing Machine Operators and Related Workers,ER00,Canada,12.0,18.51,26.02
2013,9424,Water and Waste Plant Operators,ER00,Canada,17.0,25.0,31.62
2013,9431,Sawmill Machine Operators,ER00,Canada,13.0,22.0,29.55
2013,9432,Pulp Mill Machine Operators,ER00,Canada,17.5,27.0,36.0
2013,9433,Papermaking and Finishing Machine Operators,ER00,Canada,17.0,28.0,34.0
2013,9434,Other Wood Processing Machine Operators,ER00,Canada,11.0,19.0,28.0
2013,9435,Paper Converting Machine Operators,ER00,Canada,11.78,21.0,27.86
2013,9436,Lumber Graders and Other Wood Processing Inspectors and Graders,ER00,Canada,12.0,20.0,29.15
2013,9441,Textile Fibre and Yarn Preparation Machine Operators,ER00,Canada,10.5,14.85,21.0
2013,9442,"Weavers, Knitters and Other Fabric-Making Occupations",ER00,Canada,10.6,14.0,19.5
2013,9443,Textile Dyeing and Finishing Machine Operators,ER00,Canada,10.0,14.0,22.0
2013,9444,"Textile Inspectors, Graders and Samplers",ER00,Canada,10.0,14.0,22.0
2013,9451,Sewing Machine Operators,ER00,Canada,9.75,12.0,18.0
2013,9452,"Fabric, Fur and Leather Cutters",ER00,Canada,10.25,13.0,23.0
2013,9453,Hide and Pelt Processing Workers,ER00,Canada,10.25,13.0,18.65
2013,9454,"Inspectors and Testers, Fabric, Fur and Leather Products Manufacturing",ER00,Canada,9.75,11.54,20.0
2013,9461,"Process Control and Machine Operators, Food and Beverage Processing",ER00,Canada,11.0,17.26,25.0
2013,9462,"Industrial Butchers and Meat Cutters, Poultry Preparers and Related Workers",ER00,Canada,11.7,17.0,20.0
2013,9463,Fish Plant Workers,ER00,Canada,10.0,12.0,21.0
2013,9464,Tobacco Processing Machine Operators,ER00,Canada,14.91,36.87,46.91
2013,9465,"Testers and Graders, Food and Beverage Processing",ER00,Canada,11.7,18.0,30.6
2013,9471,Printing Machine Operators,ER00,Canada,13.0,18.0,25.88
2013,9472,"Camera, Platemaking and Other Pre-Press Occupations",ER00,Canada,10.5,18.0,27.0
2013,9473,Binding and Finishing Machine Operators,ER00,Canada,10.25,15.0,25.13
2013,9474,Photographic and Film Processors,ER00,Canada,10.0,11.16,20.0
2013,9481,Aircraft Assemblers and Aircraft Assembly Inspectors,ER00,Canada,15.38,26.19,32.0
2013,9482,"Motor Vehicle Assemblers, Inspectors and Testers",ER00,Canada,14.75,28.75,35.0
2013,9483,"Electronics Assemblers, Fabricators, Inspectors and Testers",ER00,Canada,11.0,14.8,25.0
2013,9484,"Assemblers and Inspectors, Electrical Appliance, Apparatus and Equipment Manufacturing",ER00,Canada,10.85,16.24,24.86
2013,9485,"Assemblers, Fabricators and Inspectors, Industrial Electrical Motors and Transformers",ER00,Canada,12.4,17.45,23.53
2013,9486,Mechanical Assemblers and Inspectors,ER00,Canada,12.85,19.62,26.96
2013,9487,"Machine Operators and Inspectors, Electrical Apparatus Manufacturing",ER00,Canada,10.8,14.95,23.71
2013,9491,Boat Assemblers and Inspectors,ER00,Canada,14.34,18.0,28.0
2013,9492,Furniture and Fixture Assemblers and Inspectors,ER00,Canada,11.0,15.1,22.45
2013,9493,Other Wood Products Assemblers and Inspectors,ER00,Canada,10.75,15.0,22.0
2013,9494,Furniture Finishers and Refinishers,ER00,Canada,11.0,15.0,21.0
2013,9495,"Plastic Products Assemblers, Finishers and Inspectors",ER00,Canada,11.0,15.35,25.65
2013,9496,Painters and Coaters - Industrial,ER00,Canada,13.0,18.96,30.0
2013,9497,"Plating, Metal Spraying and Related Operators",ER00,Canada,13.0,20.0,29.0
2013,9498,Other Assemblers and Inspectors,ER00,Canada,10.25,15.0,27.0
2013,9511,Machining Tool Operators,ER00,Canada,13.75,20.0,28.0
2013,9512,Forging Machine Operators,ER00,Canada,11.5,18.49,26.0
2013,9513,Woodworking Machine Operators,ER00,Canada,11.0,16.0,21.63
2013,9514,Metalworking Machine Operators,ER00,Canada,13.0,17.5,26.5
2013,9516,Other Metal Products Machine Operators,ER00,Canada,12.0,16.94,25.0
2013,9517,Other Products Machine Operators,ER00,Canada,11.0,15.0,23.88
2013,9611,Labourers in Mineral and Metal Processing,ER00,Canada,12.0,17.0,27.0
2013,9612,Labourers in Metal Fabrication,ER00,Canada,11.0,15.4,24.75
2013,9613,Labourers in Chemical Products Processing and Utilities,ER00,Canada,10.25,15.0,25.0
2013,9614,"Labourers in Wood, Pulp and Paper Processing",ER00,Canada,10.25,19.0,28.73
2013,9615,Labourers in Rubber and Plastic Products Manufacturing,ER00,Canada,10.25,14.0,22.36
2013,9616,Labourers in Textile Processing,ER00,Canada,9.75,11.0,16.0
2013,9617,"Labourers in Food, Beverage and Tobacco Processing",ER00,Canada,10.25,14.35,22.0
2013,9618,Labourers in Fish Processing,ER00,Canada,10.0,11.8,15.0
2013,9619,"Other Labourers in Processing, Manufacturing and Utilities",ER00,Canada,10.0,12.5,21.43
2014,0011,Legislators,ER00,Canada,10.0935,31.5165,74.947
2014,0012,Senior Government Managers and Officials,ER00,Canada,19.51,50.0,76.44
2014,0013,"Senior Managers - Financial, Communications and Other Business Services",ER00,Canada,19.0,46.15,80.95
2014,0014,"Senior Managers - Health, Education, Social and Community Services and Membership Organizations",ER00,Canada,27.0,48.08,76.92
2014,0015,"Senior Managers - Trade, Broadcasting and Other Services, n.c.a.",ER00,Canada,16.83,48.08,68.68
2014,0016,"Senior Managers - Goods Production, Utilities, Transportation and Construction",ER00,Canada,23.0,48.08,84.13
2014,0111,Financial Managers,ER00,Canada,21.15,39.9,63.08
2014,0112,Human Resources Managers,ER00,Canada,21.63,39.42,62.5
2014,0113,Purchasing Managers,ER00,Canada,19.04,36.21,56.4
2014,0114,Other Administrative Services Managers,ER00,Canada,17.0,35.67,56.41
2014,0121,"Insurance, Real Estate and Financial Brokerage Managers",ER00,Canada,20.89,39.56,63.42
2014,0122,"Banking, Credit and Other Investment Managers",ER00,Canada,20.51,38.46,61.06
2014,0123,Other Business Services Managers,ER00,Canada,19.23,36.81,53.85
2014,0131,Telecommunication Carriers Managers,ER00,Canada,22.0,41.03,57.95
2014,0132,Postal and Courier Services Managers,ER00,Canada,21.63,33.0,51.0
2014,0211,Engineering Managers,ER00,Canada,21.0,42.31,66.67
2014,0212,Architecture and Science Managers,ER00,Canada,24.0,38.46,57.69
2014,0213,Computer and Information Systems Managers,ER00,Canada,25.0,45.67,65.93
2014,0311,Managers in Health Care,ER00,Canada,20.05,42.0,58.79
2014,0312,Administrators - Post-Secondary Education and Vocational Training,ER00,Canada,21.92,39.05,64.29
2014,0313,School Principals and Administrators of Elementary and Secondary Education,ER00,Canada,26.28,43.96,58.65
2014,0314,"Managers in Social, Community and Correctional Services",ER00,Canada,18.75,32.5,56.04
2014,0411,Government Managers - Health and Social Policy Development and Program Administration,ER00,Canada,31.25,46.5,62.37
2014,0412,"Government Managers - Economic Analysis, Policy Development and Program Administration",ER00,Canada,23.0,47.12,59.86
2014,0413,Government Managers - Education Policy Development and Program Administration,ER00,Canada,28.864,45.686,65.1228
2014,0414,Other Managers in Public Administration,ER00,Canada,26.0,46.67,60.44
2014,0511,"Library, Archive, Museum and Art Gallery Managers",ER00,Canada,16.957,33.882,53.4693
2014,0512,"Managers - Publishing, Motion Pictures, Broadcasting and Performing Arts",ER00,Canada,19.23,33.65,62.5
2014,0513,Recreation and Sports Program and Service Directors,ER00,Canada,16.9,26.92,51.0
2014,0611,"Sales, Marketing and Advertising Managers",ER00,Canada,19.78,38.46,62.5
2014,0621,Retail Trade Managers,ER00,Canada,12.5,23.0,43.71
2014,0631,Restaurant and Food Service Managers,ER00,Canada,11.65,17.63,37.5
2014,0632,Accommodation Service Managers,ER00,Canada,10.0,18.955,37.7959
2014,0641,Commissioned Police Officers,ER00,Canada,30.0,58.0,76.92
2014,0642,Fire Chiefs and Senior Firefighting Officers,ER00,Canada,27.206,47.734,68.6879
2014,0643,"Commissioned Officers, Armed Forces",ER00,Canada,19.797,36.105,51.3226
2014,0651,Other Services Managers,ER00,Canada,13.0,22.67,42.31
2014,0711,Construction Managers,ER00,Canada,19.23,35.0,60.0
2014,0712,Residential Home Builders and Renovators,ER00,Canada,13.935340022,17.5,25.0
2014,0713,Transportation Managers,ER00,Canada,20.0,35.0,57.69
2014,0721,Facility Operation and Maintenance Managers,ER00,Canada,16.83,30.29,51.28
2014,0811,Primary Production Managers (Except Agriculture),ER00,Canada,22.12,53.0,86.54
2014,0911,Manufacturing Managers,ER00,Canada,19.23,36.06,59.89
2014,0912,Utilities Managers,ER00,Canada,22.93,47.82,72.12
2014,1111,Financial Auditors and Accountants,ER00,Canada,17.0,29.0,51.44
2014,1112,Financial and Investment Analysts,ER00,Canada,20.19,32.97,51.28
2014,1113,"Securities Agents, Investment Dealers and Brokers",ER00,Canada,16.41,30.22,61.54
2014,1114,Other Financial Officers,ER00,Canada,18.97,29.38,51.92
2014,1121,Specialists in Human Resources,ER00,Canada,18.0,32.31,49.95
2014,1122,Professional Occupations in Business Services to Management,ER00,Canada,17.0,32.31,52.88
2014,1211,"Supervisors, General Office and Administrative Support Clerks",ER00,Canada,13.16,23.5,37.5
2014,1212,"Supervisors, Finance and Insurance Clerks",ER00,Canada,16.15,25.0,37.44
2014,1213,"Supervisors, Library, Correspondence and Related Information Clerks",ER00,Canada,13.0,20.67,33.65
2014,1214,"Supervisors, Mail and Message Distribution Occupations",ER00,Canada,14.87,23.8,32.0
2014,1215,"Supervisors, Recording, Distributing and Scheduling Occupations",ER00,Canada,13.75,21.0,35.0
2014,1221,Administrative Officers,ER00,Canada,14.0,21.63,33.52
2014,1222,Executive Assistants,ER00,Canada,15.18,24.62,33.65
2014,1223,Personnel and Recruitment Officers,ER00,Canada,13.6,24.04,38.46
2014,1224,Property Administrators,ER00,Canada,11.5,21.23,36.06
2014,1225,Purchasing Agents and Officers,ER00,Canada,15.03,26.44,40.38
2014,1226,Conference and Event Planners,ER00,Canada,12.46,21.5,32.0
2014,1227,Court Officers and Justices of the Peace,ER00,Canada,18.5,24.62,33.0
2014,1228,"Immigration, Employment Insurance and Revenue Officers",ER00,Canada,16.92,27.69,36.0
2014,1231,Bookkeepers,ER00,Canada,11.54,18.97,30.0
2014,1232,Loan Officers,ER00,Canada,15.38,23.08,34.36
2014,1233,Insurance Adjusters and Claims Examiners,ER00,Canada,16.0,25.0,40.0
2014,1234,Insurance Underwriters,ER00,Canada,16.0,25.64,38.97
2014,1235,"Assessors, Valuators and Appraisers",ER00,Canada,14.0,25.71,41.03
2014,1236,"Customs, Ship and Other Brokers",ER00,Canada,14.06,19.23,33.65
2014,1241,Secretaries (Except Legal and Medical),ER00,Canada,12.0,19.1,27.0
2014,1242,Legal Secretaries,ER00,Canada,13.0,20.0,29.81
2014,1243,Medical Secretaries,ER00,Canada,13.0,19.15,25.65
2014,1244,Court Recorders and Medical Transcriptionists,ER00,Canada,15.0,21.0,27.85
2014,1411,General Office Clerks,ER00,Canada,10.25,18.0,28.21
2014,1413,Records Management and Filing Clerks,ER00,Canada,10.5,18.5,27.78
2014,1414,Receptionists and Switchboard Operators,ER00,Canada,10.5,15.5,23.08
2014,1422,Data Entry Clerks,ER00,Canada,11.0,17.5,25.0
2014,1423,Desktop Publishing Operators and Related Occupations,ER00,Canada,11.0,19.96,31.0
2014,1424,Telephone Operators,ER00,Canada,10.0,14.0,22.0
2014,1431,Accounting and Related Clerks,ER00,Canada,13.0,19.23,27.69
2014,1432,Payroll Clerks,ER00,Canada,14.0,22.56,31.87
2014,1433,Customer Service Representatives - Financial Services,ER00,Canada,12.43,16.5,23.59
2014,1434,"Banking, Insurance and Other Financial Clerks",ER00,Canada,13.02,19.04,27.47
2014,1435,Collectors,ER00,Canada,12.0,20.0,28.57
2014,1441,Administrative Clerks,ER00,Canada,13.0,20.6,28.85
2014,1442,Personnel Clerks,ER00,Canada,13.0,21.59,29.0
2014,1443,Court Clerks,ER00,Canada,14.0,22.37,28.61
2014,1451,Library Clerks,ER00,Canada,10.0,16.4,24.29
2014,1452,"Correspondence, Publication and Related Clerks",ER00,Canada,12.0,21.0,29.61
2014,1453,"Customer Service, Information and Related Clerks",ER00,Canada,10.67,16.2,27.03
2014,1454,Survey Interviewers and Statistical Clerks,ER00,Canada,10.5,14.85,25.0
2014,1461,"Mail, Postal and Related Clerks",ER00,Canada,10.96,22.5,26.0
2014,1462,Letter Carriers,ER00,Canada,14.42,24.5,26.0
2014,1463,"Couriers, Messengers and Door-to-Door Distributors",ER00,Canada,10.0,12.63,25.98
2014,1471,Shippers and Receivers,ER00,Canada,10.77,16.15,25.09
2014,1472,Storekeepers and Parts Clerks,ER00,Canada,11.5,19.5,30.0
2014,1473,Production Clerks,ER00,Canada,13.63,20.63,33.33
2014,1474,Purchasing and Inventory Clerks,ER00,Canada,11.3,18.27,30.29
2014,1475,Dispatchers and Radio Operators,ER00,Canada,12.0,21.07,31.91
2014,1476,Transportation Route and Crew Schedulers,ER00,Canada,15.0,25.0,31.25
2014,2111,Physicists and Astronomers,ER00,Canada,11.54,43.96,67.69
2014,2112,Chemists,ER00,Canada,18.56,28.85,51.42
2014,2113,"Geologists, Geochemists and Geophysicists",ER00,Canada,21.0,42.56,64.1
2014,2114,Meteorologists,ER00,Canada,23.735,41.841,58.8505
2014,2115,Other Professional Occupations in Physical Sciences,ER00,Canada,25.5,43.31,57.69
2014,2121,Biologists and Related Scientists,ER00,Canada,16.0,32.45,50.26
2014,2122,Forestry Professionals,ER00,Canada,24.0,34.0,49.04
2014,2123,"Agricultural Representatives, Consultants and Specialists",ER00,Canada,19.23,27.47,43.65
2014,2131,Civil Engineers,ER00,Canada,23.0,38.14,57.95
2014,2132,Mechanical Engineers,ER00,Canada,24.0,36.06,57.69
2014,2133,Electrical and Electronics Engineers,ER00,Canada,23.85,36.92,59.89
2014,2134,Chemical Engineers,ER00,Canada,19.37,37.95,57.69
2014,2141,Industrial and Manufacturing Engineers,ER00,Canada,21.0,33.65,51.1
2014,2142,Metallurgical and Materials Engineers,ER00,Canada,25.0,39.18,60.1
2014,2143,Mining Engineers,ER00,Canada,22.08,41.83,72.12
2014,2144,Geological Engineers,ER00,Canada,26.0,38.71,50.0
2014,2145,Petroleum Engineers,ER00,Canada,30.77,48.08,76.92
2014,2146,Aerospace Engineers,ER00,Canada,24.5,36.06,51.1
2014,2147,Computer Engineers (Except Software Engineers),ER00,Canada,24.04,38.46,55.13
2014,2148,"Other Professional Engineers, n.e.c.",ER00,Canada,23.08,38.46,61.54
2014,2151,Architects,ER00,Canada,18.46,32.69,53.21
2014,2152,Landscape Architects,ER00,Canada,10.0,30.255,49.6418
2014,2153,Urban and Land Use Planners,ER00,Canada,24.04,34.62,50.0
2014,2154,Land Surveyors,ER00,Canada,20.0,30.19,46.0
2014,2161,"Mathematicians, Statisticians and Actuaries",ER00,Canada,21.54,38.46,72.12
2014,2171,Information Systems Analysts and Consultants,ER00,Canada,21.54,35.0,51.92
2014,2172,Database Analysts and Data Administrators,ER00,Canada,17.31,30.29,46.63
2014,2173,Software Engineers,ER00,Canada,24.04,39.9,59.13
2014,2174,Computer Programmers and Interactive Media Developers,ER00,Canada,19.23,33.33,48.08
2014,2175,Web Designers and Developers,ER00,Canada,15.0,25.0,41.35
2014,2211,Chemical Technologists and Technicians,ER00,Canada,14.83,23.0,40.87
2014,2212,Geological and Mineral Technologists and Technicians,ER00,Canada,14.0,25.0,46.15
2014,2213,Meteorological Technicians,ER00,Canada,14.0,23.5,43.27
2014,2221,Biological Technologists and Technicians,ER00,Canada,13.85,21.0,37.5
2014,2222,Agricultural and Fish Products Inspectors,ER00,Canada,16.0,27.12,34.62
2014,2223,Forestry Technologists and Technicians,ER00,Canada,16.71,25.0,39.6
2014,2224,Conservation and Fishery Officers,ER00,Canada,18.67,26.67,38.5
2014,2225,Landscape and Horticultural Technicians and Specialists,ER00,Canada,12.0,19.75,34.0
2014,2231,Civil Engineering Technologists and Technicians,ER00,Canada,17.0,27.95,43.0
2014,2232,Mechanical Engineering Technologists and Technicians,ER00,Canada,16.73,28.85,45.67
2014,2233,Industrial Engineering and Manufacturing Technologists and Technicians,ER00,Canada,17.31,25.0,42.0
2014,2234,Construction Estimators,ER00,Canada,18.75,30.0,44.67
2014,2241,Electrical and Electronics Engineering Technologists and Technicians,ER00,Canada,16.09,28.85,42.09
2014,2242,Electronic Service Technicians (Household and Business Equipment),ER00,Canada,14.0,23.56,36.54
2014,2243,Industrial Instrument Technicians and Mechanics,ER00,Canada,22.0,35.0,51.44
2014,2244,"Aircraft Instrument, Electrical and Avionics Mechanics, Technicians and Inspectors",ER00,Canada,20.26,33.5,46.33
2014,2251,Architectural Technologists and Technicians,ER00,Canada,14.0,21.28,36.06
2014,2252,Industrial Designers,ER00,Canada,15.34,24.5,49.5
2014,2253,Drafting Technologists and Technicians,ER00,Canada,15.5,25.0,40.51
2014,2254,Land Survey Technologists and Technicians,ER00,Canada,14.0,22.8,37.18
2014,2255,Mapping and Related Technologists and Technicians,ER00,Canada,16.0,30.0,40.0
2014,2261,Nondestructive Testers and Inspectors,ER00,Canada,18.5,30.0,54.47
2014,2262,Engineering Inspectors and Regulatory Officers,ER00,Canada,22.0,38.0,57.69
2014,2263,Inspectors in Public and Environmental Health and Occupational Health and Safety,ER00,Canada,18.5,33.0,50.0
2014,2264,Construction Inspectors,ER00,Canada,19.5,31.0,45.25
2014,2271,"Air Pilots, Flight Engineers and Flying Instructors",ER00,Canada,16.83,33.58,60.0
2014,2272,Air Traffic Control and Related Occupations,ER00,Canada,20.0,41.03,72.12
2014,2273,"Deck Officers, Water Transport",ER00,Canada,16.87,32.0,45.0
2014,2274,"Engineer Officers, Water Transport",ER00,Canada,15.0,28.0,48.08
2014,2275,Railway Traffic Controllers and Marine Traffic Regulators,ER00,Canada,20.0,33.6,39.83
2014,2281,Computer and Network Operators and Web Technicians,ER00,Canada,17.0,28.0,43.27
2014,2282,User Support Technicians,ER00,Canada,13.3,25.0,43.27
2014,2283,Systems Testing Technicians,ER00,Canada,15.04,26.44,40.62
2014,3111,Specialist Physicians,ER00,Canada,23.126,64.2895,188.2305
2014,3112,General Practitioners and Family Physicians,ER00,Canada,20.608,62.501,147.2025
2014,3113,Dentists,ER00,Canada,19.5305,59.7975,131.2565
2014,3114,Veterinarians,ER00,Canada,15.0395,40.82,73.977
2014,3121,Optometrists,ER00,Canada,19.151,47.304,89.8885
2014,3122,Chiropractors,ER00,Canada,10.0935,28.73,63.173
2014,3123,Other Professional Occupations in Health Diagnosing and Treating,ER00,Canada,10.0935,23.137,47.5945
2014,3131,Pharmacists,ER00,Canada,24.9875,48.7435,70.4885
2014,3132,Dietitians and Nutritionists,ER00,Canada,19.81,33.0,40.0
2014,3141,Audiologists and Speech-Language Pathologists,ER00,Canada,22.5,38.0,46.15
2014,3142,Physiotherapists,ER00,Canada,20.0,35.0,45.67
2014,3143,Occupational Therapists,ER00,Canada,21.98,35.15,43.59
2014,3144,Other Professional Occupations in Therapy and Assessment,ER00,Canada,18.51,25.0,43.27
2014,3151,Head Nurses and Supervisors,ER00,Canada,18.3,37.0,48.47
2014,3152,Registered Nurses,ER00,Canada,21.11,35.0,44.0
2014,3211,Medical Laboratory Technologists and Pathologists' Assistants,ER00,Canada,19.1,30.42,40.41
2014,3212,Medical Laboratory Technicians,ER00,Canada,14.09,22.5,37.5
2014,3213,Veterinary and Animal Health Technologists and Technicians,ER00,Canada,12.25,17.5,25.0
2014,3214,"Respiratory Therapists, Clinical Perfusionists and Cardio-Pulmonary Technologists",ER00,Canada,20.0,31.0,41.0
2014,3215,Medical Radiation Technologists,ER00,Canada,22.0,32.0,40.9
2014,3216,Medical Sonographers,ER00,Canada,22.34,35.0,40.19
2014,3217,Cardiology Technologists,ER00,Canada,16.35,26.0,32.79
2014,3218,"Electroencephalographic and Other Diagnostic Technologists, n.e.c.",ER00,Canada,15.962,27.194,41.9858
2014,3219,Other Medical Technologists and Technicians (Except Dental Health),ER00,Canada,12.5,21.0,30.0
2014,3221,Denturists,ER00,Canada,12.0145,24.217,56.652
2014,3222,Dental Hygienists and Dental Therapists,ER00,Canada,23.08,33.96,48.72
2014,3223,"Dental Technologists, Technicians and Laboratory Bench Workers",ER00,Canada,14.0,21.43,30.77
2014,3231,Opticians,ER00,Canada,13.0,21.92,29.99
2014,3232,Midwives and Practitioners of Natural Healing,ER00,Canada,13.0,20.0,46.611125031
2014,3233,Licensed Practical Nurses,ER00,Canada,18.6,24.6,32.5
2014,3234,Ambulance Attendants and Other Paramedical Occupations,ER00,Canada,18.0,30.0,40.38
2014,3235,Other Technical Occupations in Therapy and Assessment,ER00,Canada,12.89,21.58,41.03
2014,3411,Dental Assistants,ER00,Canada,15.12,21.25,30.0
2014,3413,"Nurse Aides, Orderlies and Patient Service Associates",ER00,Canada,12.5,18.76,24.96
2014,3414,Other Assisting Occupations in Support of Health Services,ER00,Canada,11.88,17.25,26.0
2014,4111,Judges,ER00,Canada,47.823,108.49,130.814
2014,4112,Lawyers and Quebec Notaries,ER00,Canada,18.598,53.9145,149.471
2014,4121,University Professors,ER00,Canada,17.84,40.2,66.15
2014,4122,Post-Secondary Teaching and Research Assistants,ER00,Canada,10.1,20.0,38.46
2014,4131,College and Other Vocational Instructors,ER00,Canada,16.87,33.23,48.21
2014,4141,Secondary School Teachers,ER00,Canada,22.0,36.54,50.94
2014,4142,Elementary School and Kindergarten Teachers,ER00,Canada,20.0,33.65,47.6
2014,4143,Educational Counsellors,ER00,Canada,19.23,33.33,46.15
2014,4151,Psychologists,ER00,Canada,20.51,37.44,54.4
2014,4152,Social Workers,ER00,Canada,18.03,30.28,43.0
2014,4153,"Family, Marriage and Other Related Counsellors",ER00,Canada,16.35,25.96,40.0
2014,4154,Ministers of Religion,ER00,Canada,11.22,21.37,36.54
2014,4155,Probation and Parole Officers and Related Occupations,ER00,Canada,27.0,35.07,43.08
2014,4161,"Natural and Applied Science Policy Researchers, Consultants and Program Officers",ER00,Canada,18.27,36.51,56.71
2014,4162,Economists and Economic Policy Researchers and Analysts,ER00,Canada,24.04,37.85,51.92
2014,4163,Business Development Officers and Marketing Researchers and Consultants,ER00,Canada,17.0,30.52,52.88
2014,4164,"Social Policy Researchers, Consultants and Program Officers",ER00,Canada,17.79,31.79,48.72
2014,4165,"Health Policy Researchers, Consultants and Program Officers",ER00,Canada,17.27,32.5,50.55
2014,4166,"Education Policy Researchers, Consultants and Program Officers",ER00,Canada,19.23,34.86,47.82
2014,4167,"Recreation, Sports and Fitness Program Supervisors and Consultants",ER00,Canada,14.0,21.0,38.46
2014,4168,Program Officers Unique to Government,ER00,Canada,24.52,37.44,51.28
2014,4169,"Other Professional Occupations in Social Science, n.e.c.",ER00,Canada,19.35,33.65,44.71
2014,4211,Paralegal and Related Occupations,ER00,Canada,15.87,24.48,38.0
2014,4212,Community and Social Service Workers,ER00,Canada,13.17,20.67,32.0
2014,4213,Employment Counsellors,ER00,Canada,16.0,23.39,38.03
2014,4214,Early Childhood Educators and Assistants,ER00,Canada,11.0,17.0,25.0
2014,4215,Instructors and Teachers of Persons with Disabilities,ER00,Canada,14.0,26.0,40.0
2014,4216,Other Instructors,ER00,Canada,10.25,17.0,38.0
2014,4217,Other Religious Occupations,ER00,Canada,10.15,17.31,33.74
2014,5111,Librarians,ER00,Canada,15.0,28.35,44.18
2014,5112,Conservators and Curators,ER00,Canada,15.0,23.65,40.0
2014,5113,Archivists,ER00,Canada,18.25,26.0,41.21
2014,5121,Authors and Writers,ER00,Canada,14.72,27.32,41.25
2014,5122,Editors,ER00,Canada,13.75,25.72,42.86
2014,5123,Journalists,ER00,Canada,14.0,26.44,43.59
2014,5124,Professional Occupations in Public Relations and Communications,ER00,Canada,15.87,28.21,47.68
2014,5125,"Translators, Terminologists and Interpreters",ER00,Canada,15.0,25.48,41.35
2014,5131,"Producers, Directors, Choreographers and Related Occupations",ER00,Canada,14.0,26.0,50.0
2014,5132,"Conductors, Composers and Arrangers",ER00,Canada,10.0935,14.4235,35.853
2014,5133,Musicians and Singers,ER00,Canada,10.25,19.23,37.63
2014,5134,Dancers,ER00,Canada,15.0,27.0,42.0
2014,5135,Actors and Comedians,ER00,Canada,10.42,16.0,41.06
2014,5136,"Painters, Sculptors and Other Visual Artists",ER00,Canada,13.201320132,24.0,43.15816197
2014,5211,Library and Archive Technicians and Assistants,ER00,Canada,13.5,23.0,31.0
2014,5212,Technical Occupations Related to Museums and Art Galleries,ER00,Canada,10.25,15.89,33.65
2014,5221,Photographers,ER00,Canada,10.25,16.0,40.87
2014,5222,Film and Video Camera Operators,ER00,Canada,14.42,23.08,42.0
2014,5223,Graphic Arts Technicians,ER00,Canada,12.0,22.5,40.0
2014,5224,Broadcast Technicians,ER00,Canada,18.0,31.25,36.0
2014,5225,Audio and Video Recording Technicians,ER00,Canada,12.5,22.0,40.87
2014,5226,"Other Technical and Coordinating Occupations in Motion Pictures, Broadcasting and the Performing Arts",ER00,Canada,15.0,25.0,40.0
2014,5227,"Support Occupations in Motion Pictures, Broadcasting and the Performing Arts",ER00,Canada,11.0,20.0,31.95
2014,5231,Announcers and Other Broadcasters,ER00,Canada,12.0,20.67,37.5
2014,5232,Other Performers,ER00,Canada,10.0,12.535,31.2775
2014,5241,Graphic Designers and Illustrators,ER00,Canada,14.58,22.43,37.71
2014,5242,Interior Designers,ER00,Canada,13.75,21.63,36.92
2014,5243,"Theatre, Fashion, Exhibit and Other Creative Designers",ER00,Canada,11.25,19.0,28.85
2014,5244,Artisans and Craftspersons,ER00,Canada,12.0,16.5,30.0
2014,5245,"Patternmakers - Textile, Leather and Fur Products",ER00,Canada,10.0,23.903,31.6303
2014,5251,Athletes,ER00,Canada,11.54,19.86,40.79
2014,5252,Coaches,ER00,Canada,10.03,17.0,35.43
2014,5253,Sports Officials and Referees,ER00,Canada,10.0,14.42,25.0
2014,5254,Program Leaders and Instructors in Recreation and Sport,ER00,Canada,10.25,14.29,26.0
2014,6211,Retail Trade Supervisors,ER00,Canada,10.9,16.0,27.0
2014,6212,Food Service Supervisors,ER00,Canada,10.25,12.5,20.67
2014,6213,Executive Housekeepers,ER00,Canada,12.5,16.1,26.46
2014,6214,Dry Cleaning and Laundry Supervisors,ER00,Canada,11.0,17.0,30.29
2014,6215,Cleaning Supervisors,ER00,Canada,12.0,19.81,31.25
2014,6216,Other Service Supervisors,ER00,Canada,11.0,18.65,31.25
2014,6221,Technical Sales Specialists - Wholesale Trade,ER00,Canada,12.0,23.84,44.23
2014,6231,Insurance Agents and Brokers,ER00,Canada,14.0,21.67,35.26
2014,6232,Real Estate Agents and Salespersons,ER00,Canada,10.67,19.67,42.31
2014,6233,Retail and Wholesale Buyers,ER00,Canada,11.54,19.23,35.1
2014,6234,Grain Elevator Operators,ER00,Canada,10.25,24.64,41.76
2014,6241,Chefs,ER00,Canada,10.25,15.38,25.0
2014,6242,Cooks,ER00,Canada,10.0,12.0,18.5
2014,6251,Butchers and Meat Cutters - Retail and Wholesale,ER00,Canada,10.0,12.5,21.85
2014,6252,Bakers,ER00,Canada,10.0,12.0,20.0
2014,6261,Police Officers (Except Commissioned),ER00,Canada,16.7,36.0,45.92
2014,6262,Firefighters,ER00,Canada,17.0,32.97,44.23
2014,6271,Hairstylists and Barbers,ER00,Canada,10.0,13.0,20.65
2014,6272,Funeral Directors and Embalmers,ER00,Canada,11.5,21.0,35.9
2014,6411,Sales Representatives - Wholesale Trade (Non-Technical),ER00,Canada,12.4,23.08,40.0
2014,6421,Retail Salespersons and Sales Clerks,ER00,Canada,10.0,11.6,21.5
2014,6431,Travel Counsellors,ER00,Canada,11.15,16.83,26.15
2014,6432,Pursers and Flight Attendants,ER00,Canada,12.0,21.35,45.0
2014,6433,Airline Sales and Service Agents,ER00,Canada,10.5,19.0,27.0
2014,6434,"Ticket Agents, Cargo Service Representatives and Related Clerks (Except Airline)",ER00,Canada,11.0,15.992327366,24.53
2014,6435,Hotel Front Desk Clerks,ER00,Canada,10.25,13.0,18.0
2014,6441,Tour and Travel Guides,ER00,Canada,10.0,13.95,21.0
2014,6442,Outdoor Sport and Recreational Guides,ER00,Canada,10.15,16.0,25.0
2014,6443,Casino Occupations,ER00,Canada,12.0,19.54,28.37
2014,6451,Maîtres d'hôtel and Hosts/Hostesses,ER00,Canada,10.0,11.0,19.67
2014,6452,Bartenders,ER00,Canada,10.0,11.0,16.25
2014,6453,Food and Beverage Servers,ER00,Canada,10.0,10.75,17.683465959
2014,6461,Sheriffs and Bailiffs,ER00,Canada,19.23,27.5,35.0
2014,6462,Correctional Service Officers,ER00,Canada,16.78,29.74,35.0
2014,6463,"By-law Enforcement and Other Regulatory Officers, n.e.c.",ER00,Canada,12.65,28.0,37.0
2014,6464,Occupations Unique to the Armed Forces,ER00,Canada,14.13,28.57,35.9
2014,6465,Other Protective Service Occupations,ER00,Canada,10.75,16.0,35.9
2014,6471,"Visiting Homemakers, Housekeepers and Related Occupations",ER00,Canada,10.25,14.0,20.0
2014,6472,Elementary and Secondary School Teacher Assistants,ER00,Canada,12.0,19.74,25.51
2014,6474,"Babysitters, Nannies and Parents' Helpers",ER00,Canada,10.0,10.56,17.5
2014,6481,"Image, Social and Other Personal Consultants",ER00,Canada,10.0,15.0,31.25
2014,6482,"Estheticians, Electrologists and Related Occupations",ER00,Canada,10.0,13.75,20.0
2014,6483,Pet Groomers and Animal Care Workers,ER00,Canada,10.0,11.5,19.92
2014,6484,Other Personal Service Occupations,ER00,Canada,10.5,20.0,38.0
2014,6611,Cashiers,ER00,Canada,10.0,10.35,14.76
2014,6621,Service Station Attendants,ER00,Canada,10.0,10.3,14.25
2014,6622,Grocery Clerks and Store Shelf Stockers,ER00,Canada,10.0,11.0,18.0
2014,6623,Other Elemental Sales Occupations,ER00,Canada,10.0,12.0,21.63
2014,6641,"Food Counter Attendants, Kitchen Helpers and Related Occupations",ER00,Canada,10.0,10.5,17.0
2014,6651,Security Guards and Related Occupations,ER00,Canada,10.25,14.61,23.08
2014,6661,Light Duty Cleaners,ER00,Canada,10.15,13.75,20.0
2014,6662,Specialized Cleaners,ER00,Canada,10.0,14.0,22.6
2014,6663,"Janitors, Caretakers and Building Superintendents",ER00,Canada,10.25,16.2,25.0
2014,6671,"Operators and Attendants in Amusement, Recreation and Sport",ER00,Canada,10.0,12.0,23.1
2014,6672,Other Attendants in Accommodation and Travel,ER00,Canada,10.2,15.0,20.0
2014,6681,Dry Cleaning and Laundry Occupations,ER00,Canada,11.0,15.0,20.0
2014,6682,"Ironing, Pressing and Finishing Occupations",ER00,Canada,10.25,11.25,16.25
2014,6683,Other Elemental Service Occupations,ER00,Canada,10.0,11.25,21.0
2014,7211,"Supervisors, Machinists and Related Occupations",ER00,Canada,17.7,26.82,38.0
2014,7212,"Contractors and Supervisors, Electrical Trades and Telecommunications Occupations",ER00,Canada,17.06,35.0,47.0
2014,7213,"Contractors and Supervisors, Pipefitting Trades",ER00,Canada,16.5,33.33,45.0
2014,7214,"Contractors and Supervisors, Metal Forming, Shaping and Erecting Trades",ER00,Canada,18.27,30.0,48.0
2014,7215,"Contractors and Supervisors, Carpentry Trades",ER00,Canada,17.75,29.0,38.37
2014,7216,"Contractors and Supervisors, Mechanic Trades",ER00,Canada,17.0,28.5,45.67
2014,7217,"Contractors and Supervisors, Heavy Construction Equipment Crews",ER00,Canada,18.0,30.0,45.0
2014,7218,"Supervisors, Printing and Related Occupations",ER00,Canada,12.68,22.6,30.0
2014,7219,"Contractors and Supervisors, Other Construction Trades, Installers, Repairers and Servicers",ER00,Canada,17.3,28.85,40.0
2014,7221,"Supervisors, Railway Transport Operations",ER00,Canada,22.0,31.25,40.38
2014,7222,"Supervisors, Motor Transport and Other Ground Transit Operators",ER00,Canada,15.38,27.0,40.66
2014,7231,Machinists and Machining and Tooling Inspectors,ER00,Canada,15.0,23.0,34.0
2014,7232,Tool and Die Makers,ER00,Canada,13.9,25.0,35.04
2014,7241,Electricians (Except Industrial and Power System),ER00,Canada,15.0,28.0,39.26
2014,7242,Industrial Electricians,ER00,Canada,19.67,30.0,42.0
2014,7243,Power System Electricians,ER00,Canada,20.03,34.98,44.62
2014,7244,Electrical Power Line and Cable Workers,ER00,Canada,16.25,32.0,45.0
2014,7245,Telecommunications Line and Cable Workers,ER00,Canada,15.26,25.0,36.0
2014,7246,Telecommunications Installation and Repair Workers,ER00,Canada,15.0,25.0,35.0
2014,7247,Cable Television Service and Maintenance Technicians,ER00,Canada,13.33,22.0,33.46
2014,7251,Plumbers,ER00,Canada,15.0,25.8,37.5
2014,7252,"Steamfitters, Pipefitters and Sprinkler System Installers",ER00,Canada,19.0,32.65,43.0
2014,7253,Gas Fitters,ER00,Canada,18.0,28.0,38.0
2014,7261,Sheet Metal Workers,ER00,Canada,15.0,28.0,36.0
2014,7262,Boilermakers,ER00,Canada,24.76,36.4,42.0
2014,7263,Structural Metal and Platework Fabricators and Fitters,ER00,Canada,15.0,25.0,34.0
2014,7264,Ironworkers,ER00,Canada,18.0,30.0,39.46
2014,7265,Welders and Related Machine Operators,ER00,Canada,15.0,23.0,36.98
2014,7266,Blacksmiths and Die Setters,ER00,Canada,14.0,23.79,29.0
2014,7271,Carpenters,ER00,Canada,15.0,23.0,34.37
2014,7272,Cabinetmakers,ER00,Canada,12.5,17.5,26.0
2014,7281,Bricklayers,ER00,Canada,15.0,28.55,35.27
2014,7282,Concrete Finishers,ER00,Canada,15.0,25.0,32.18
2014,7283,Tilesetters,ER00,Canada,12.0,24.9,34.34
2014,7284,"Plasterers, Drywall Installers and Finishers and Lathers",ER00,Canada,15.0,24.81,36.0
2014,7291,Roofers and Shinglers,ER00,Canada,13.5,22.0,34.85
2014,7292,Glaziers,ER00,Canada,14.0,21.0,33.38
2014,7293,Insulators,ER00,Canada,16.0,26.58,38.0
2014,7294,Painters and Decorators,ER00,Canada,12.0,19.0,31.0
2014,7295,Floor Covering Installers,ER00,Canada,12.0,20.0,32.32
2014,7311,Construction Millwrights and Industrial Mechanics (Except Textile),ER00,Canada,17.0,27.0,40.0
2014,7312,Heavy-Duty Equipment Mechanics,ER00,Canada,16.0,26.4,40.0
2014,7313,Refrigeration and Air Conditioning Mechanics,ER00,Canada,15.5,28.0,40.0
2014,7314,Railway Carmen/women,ER00,Canada,22.0,30.0,33.0
2014,7315,Aircraft Mechanics and Aircraft Inspectors,ER00,Canada,18.0,29.19,38.0
2014,7316,Machine Fitters,ER00,Canada,15.29,29.297,47.3325
2014,7317,Textile Machinery Mechanics and Repairers,ER00,Canada,12.0,19.035,25.3
2014,7318,Elevator Constructors and Mechanics,ER00,Canada,18.03,37.0,49.0
2014,7321,"Automotive Service Technicians, Truck Mechanics and Mechanical Repairers",ER00,Canada,13.0,23.2,33.98
2014,7322,Motor Vehicle Body Repairers,ER00,Canada,13.08,21.0,32.69
2014,7331,Oil and Solid Fuel Heating Mechanics,ER00,Canada,13.0,23.0,32.5
2014,7332,Electric Appliance Servicers and Repairers,ER00,Canada,16.0,19.98,30.0
2014,7333,Electrical Mechanics,ER00,Canada,17.79,24.5,31.65
2014,7334,Motorcycle and Other Related Mechanics,ER00,Canada,15.0,21.0,30.05
2014,7335,Other Small Engine and Equipment Mechanics,ER00,Canada,10.5,17.0,26.25
2014,7341,Upholsterers,ER00,Canada,11.5,16.9,24.75
2014,7342,"Tailors, Dressmakers, Furriers and Milliners",ER00,Canada,10.25,13.5,19.0
2014,7343,Shoe Repairers and Shoemakers,ER00,Canada,11.0,14.79,21.75
2014,7344,"Jewellers, Watch Repairers and Related Occupations",ER00,Canada,10.75,14.0,22.89
2014,7351,Stationary Engineers and Auxiliary Equipment Operators,ER00,Canada,19.62,28.5,42.0
2014,7352,Power Systems and Power Station Operators,ER00,Canada,18.87,37.0,50.0
2014,7361,Railway and Yard Locomotive Engineers,ER00,Canada,16.03,30.0,45.0
2014,7362,Railway Conductors and Brakemen/women,ER00,Canada,14.0,28.0,40.06
2014,7371,Crane Operators,ER00,Canada,18.25,29.76,41.21
2014,7372,"Drillers and Blasters - Surface Mining, Quarrying and Construction",ER00,Canada,18.5,27.0,40.0
2014,7373,Water Well Drillers,ER00,Canada,16.0,22.0,31.0
2014,7381,Printing Press Operators,ER00,Canada,13.0,20.0,33.0
2014,7382,Commercial Divers,ER00,Canada,11.5,26.5,37.0
2014,7383,Other Trades and Related Occupations,ER00,Canada,12.5,18.2,31.0
2014,7411,Truck Drivers,ER00,Canada,13.48,20.0,30.68
2014,7412,Bus Drivers and Subway and Other Transit Operators,ER00,Canada,11.54,19.64,30.0
2014,7413,Taxi and Limousine Drivers and Chauffeurs,ER00,Canada,10.0,14.0,25.42
2014,7414,Delivery and Courier Service Drivers,ER00,Canada,10.25,15.2,26.0
2014,7421,Heavy Equipment Operators (Except Crane),ER00,Canada,16.0,25.0,34.25
2014,7422,Public Works Maintenance Equipment Operators,ER00,Canada,16.6,22.0,28.37
2014,7431,Railway Yard Workers,ER00,Canada,17.77,24.19,33.75
2014,7432,Railway Track Maintenance Workers,ER00,Canada,16.0,24.0,34.48
2014,7433,"Deck Crew, Water Transport",ER00,Canada,12.0,23.0,29.96
2014,7434,"Engine Room Crew, Water Transport",ER00,Canada,15.93,24.38,28.096608116
2014,7435,Lock and Cable Ferry Operators and Related Occupations,ER00,Canada,15.0,21.95,25.21
2014,7436,Boat Operators,ER00,Canada,14.97,21.0,31.565656566
2014,7437,Air Transport Ramp Attendants,ER00,Canada,10.6,14.98,25.0
2014,7441,Residential and Commercial Installers and Servicers,ER00,Canada,13.0,18.0,30.0
2014,7442,Waterworks and Gas Maintenance Workers,ER00,Canada,17.0,27.09,35.5
2014,7443,Automotive Mechanical Installers and Servicers,ER00,Canada,10.85,14.17,25.96
2014,7444,Pest Controllers and Fumigators,ER00,Canada,13.0,18.0,30.0
2014,7445,Other Repairers and Servicers,ER00,Canada,11.0,17.31,29.75
2014,7451,Longshore Workers,ER00,Canada,16.5,34.0,48.08
2014,7452,Material Handlers,ER00,Canada,10.5,16.0,25.4
2014,7611,Construction Trades Helpers and Labourers,ER00,Canada,12.0,19.0,30.0
2014,7612,Other Trades Helpers and Labourers,ER00,Canada,11.0,18.0,30.0
2014,7621,Public Works and Maintenance Labourers,ER00,Canada,13.0,21.39,31.0
2014,7622,Railway and Motor Transport Labourers,ER00,Canada,10.0,15.0,30.0
2014,8211,"Supervisors, Logging and Forestry",ER00,Canada,16.0,25.0,40.38
2014,8221,"Supervisors, Mining and Quarrying",ER00,Canada,18.75,32.05,51.14
2014,8222,"Supervisors, Oil and Gas Drilling and Service",ER00,Canada,19.0,35.0,57.69
2014,8231,Underground Production and Development Miners,ER00,Canada,18.0,30.0,42.0
2014,8232,"Oil and Gas Well Drillers, Servicers, Testers and Related Workers",ER00,Canada,18.0,34.0,52.0
2014,8241,Logging Machinery Operators,ER00,Canada,16.0,25.0,30.0
2014,8251,Farmers and Farm Managers,ER00,Canada,10.0,16.0,28.0
2014,8252,Agricultural and Related Service Contractors and Managers,ER00,Canada,10.5,16.17,25.01
2014,8253,Farm Supervisors and Specialized Livestock Workers,ER00,Canada,10.73,16.5,27.15
2014,8254,Nursery and Greenhouse Operators and Managers,ER00,Canada,10.0,16.417,34.6635
2014,8255,Landscaping and Grounds Maintenance Contractors and Managers,ER00,Canada,10.0,17.217,32.0826
2014,8256,"Supervisors, Landscape and Horticulture",ER00,Canada,14.0,21.63,38.0
2014,8257,Aquaculture Operators and Managers,ER00,Canada,10.0,18.808,30.1097
2014,8261,Fishing Masters and Officers,ER00,Canada,11.929000158,23.218290949,60.0
2014,8262,Fishing Vessel Skippers and Fishermen/women,ER00,Canada,11.764617001,20.0,60.0
2014,8411,Underground Mine Service and Support Workers,ER00,Canada,10.496,27.253,46.1838
2014,8412,Oil and Gas Well Drilling Workers and Services Operators,ER00,Canada,17.24,28.85,40.0
2014,8421,Chainsaw and Skidder Operators,ER00,Canada,13.5,20.0,33.65
2014,8422,Silviculture and Forestry Workers,ER00,Canada,14.42,22.0,34.0
2014,8431,General Farm Workers,ER00,Canada,10.0,14.0,21.25
2014,8432,Nursery and Greenhouse Workers,ER00,Canada,10.0,11.26,18.0
2014,8441,Fishing Vessel Deckhands,ER00,Canada,11.76,17.0,40.0
2014,8442,Trappers and Hunters,ER00,Canada,10.0,14.42,25.64
2014,8611,Harvesting Labourers,ER00,Canada,10.0,11.0,18.5
2014,8612,Landscaping and Grounds Maintenance Labourers,ER00,Canada,10.25,15.0,25.0
2014,8613,Aquaculture and Marine Harvest Labourers,ER00,Canada,11.0,15.0,27.73
2014,8614,Mine Labourers,ER00,Canada,11.9,24.0,34.11
2014,8615,"Oil and Gas Drilling, Servicing and Related Labourers",ER00,Canada,16.0,25.0,34.0
2014,8616,Logging and Forestry Labourers,ER00,Canada,10.25,17.5,28.5
2014,9211,"Supervisors, Mineral and Metal Processing",ER00,Canada,19.38,27.5,40.38
2014,9212,"Supervisors, Petroleum, Gas and Chemical Processing and Utilities",ER00,Canada,17.2,30.9,50.0
2014,9213,"Supervisors, Food, Beverage and Tobacco Processing",ER00,Canada,12.5,20.25,33.0
2014,9214,"Supervisors, Plastic and Rubber Products Manufacturing",ER00,Canada,15.09,21.8,34.0
2014,9215,"Supervisors, Forest Products Processing",ER00,Canada,16.0,25.64,40.87
2014,9216,"Supervisors, Textile Processing",ER00,Canada,12.0,20.0,28.85
2014,9221,"Supervisors, Motor Vehicle Assembling",ER00,Canada,17.5,28.05,39.42
2014,9222,"Supervisors, Electronics Manufacturing",ER00,Canada,10.25,17.8,36.06
2014,9223,"Supervisors, Electrical Products Manufacturing",ER00,Canada,17.0,25.0,43.0
2014,9224,"Supervisors, Furniture and Fixtures Manufacturing",ER00,Canada,14.5,19.05,28.75
2014,9225,"Supervisors, Fabric, Fur and Leather Products Manufacturing",ER00,Canada,10.913,20.085,37.9408
2014,9226,"Supervisors, Other Mechanical and Metal Products Manufacturing",ER00,Canada,16.0,26.44,40.0
2014,9227,"Supervisors, Other Products Manufacturing and Assembly",ER00,Canada,14.0,22.5,33.29
2014,9231,"Central Control and Process Operators, Mineral and Metal Processing",ER00,Canada,18.0,27.0,35.0
2014,9232,"Petroleum, Gas and Chemical Process Operators",ER00,Canada,18.5,33.68,48.5
2014,9233,Pulping Control Operators,ER00,Canada,18.755,35.892,49.1668
2014,9234,Papermaking and Coating Control Operators,ER00,Canada,15.77,24.04,31.0
2014,9411,"Machine Operators, Mineral and Metal Processing",ER00,Canada,15.69,26.0,38.0
2014,9412,Foundry Workers,ER00,Canada,12.0,20.19,30.76
2014,9413,Glass Forming and Finishing Machine Operators and Glass Cutters,ER00,Canada,11.94,17.0,21.68
2014,9414,"Concrete, Clay and Stone Forming Operators",ER00,Canada,14.0,18.42,28.6
2014,9415,"Inspectors and Testers, Mineral and Metal Processing",ER00,Canada,12.88,23.0,32.0
2014,9421,Chemical Plant Machine Operators,ER00,Canada,11.0,19.0,31.53
2014,9422,Plastics Processing Machine Operators,ER00,Canada,11.25,16.0,24.0
2014,9423,Rubber Processing Machine Operators and Related Workers,ER00,Canada,12.0,18.51,26.49
2014,9424,Water and Waste Plant Operators,ER00,Canada,17.25,27.02,35.72
2014,9431,Sawmill Machine Operators,ER00,Canada,12.56,20.5,28.0
2014,9432,Pulp Mill Machine Operators,ER00,Canada,22.0,29.0,35.87
2014,9433,Papermaking and Finishing Machine Operators,ER00,Canada,18.0,27.5,36.0
2014,9434,Other Wood Processing Machine Operators,ER00,Canada,11.75,17.99,27.41
2014,9435,Paper Converting Machine Operators,ER00,Canada,11.5,20.32,30.0
2014,9436,Lumber Graders and Other Wood Processing Inspectors and Graders,ER00,Canada,13.0,22.35,29.15
2014,9441,Textile Fibre and Yarn Preparation Machine Operators,ER00,Canada,10.5,15.25,24.0
2014,9442,"Weavers, Knitters and Other Fabric-Making Occupations",ER00,Canada,11.0,14.0,24.0
2014,9443,Textile Dyeing and Finishing Machine Operators,ER00,Canada,10.25,15.0,25.0
2014,9444,"Textile Inspectors, Graders and Samplers",ER00,Canada,10.25,11.3,18.0
2014,9451,Sewing Machine Operators,ER00,Canada,10.0,11.5,17.5
2014,9452,"Fabric, Fur and Leather Cutters",ER00,Canada,10.5,13.0,18.4
2014,9453,Hide and Pelt Processing Workers,ER00,Canada,10.0,14.852,26.0216
2014,9454,"Inspectors and Testers, Fabric, Fur and Leather Products Manufacturing",ER00,Canada,10.0,12.0,17.5
2014,9461,"Process Control and Machine Operators, Food and Beverage Processing",ER00,Canada,11.0,17.08,25.19
2014,9462,"Industrial Butchers and Meat Cutters, Poultry Preparers and Related Workers",ER00,Canada,11.5,17.46,20.5
2014,9463,Fish Plant Workers,ER00,Canada,10.5,12.5,23.0
2014,9464,Tobacco Processing Machine Operators,ER00,Canada,11.0,16.56,25.0
2014,9465,"Testers and Graders, Food and Beverage Processing",ER00,Canada,11.5,18.0,28.85
2014,9471,Printing Machine Operators,ER00,Canada,11.0,20.0,29.0
2014,9472,"Camera, Platemaking and Other Pre-Press Occupations",ER00,Canada,15.0,20.72,40.0
2014,9473,Binding and Finishing Machine Operators,ER00,Canada,10.25,14.65,23.5
2014,9474,Photographic and Film Processors,ER00,Canada,10.0,12.0,22.0
2014,9481,Aircraft Assemblers and Aircraft Assembly Inspectors,ER00,Canada,15.0,26.0,33.0
2014,9482,"Motor Vehicle Assemblers, Inspectors and Testers",ER00,Canada,15.0,30.0,35.0
2014,9483,"Electronics Assemblers, Fabricators, Inspectors and Testers",ER00,Canada,10.75,14.8,25.0
2014,9484,"Assemblers and Inspectors, Electrical Appliance, Apparatus and Equipment Manufacturing",ER00,Canada,10.8,18.0,28.9
2014,9485,"Assemblers, Fabricators and Inspectors, Industrial Electrical Motors and Transformers",ER00,Canada,11.83,17.0,25.5
2014,9486,Mechanical Assemblers and Inspectors,ER00,Canada,12.5,19.3,26.32
2014,9487,"Machine Operators and Inspectors, Electrical Apparatus Manufacturing",ER00,Canada,10.5,20.0,30.0
2014,9491,Boat Assemblers and Inspectors,ER00,Canada,14.0,18.25,33.65
2014,9492,Furniture and Fixture Assemblers and Inspectors,ER00,Canada,11.5,16.35,24.0
2014,9493,Other Wood Products Assemblers and Inspectors,ER00,Canada,11.0,15.0,21.0
2014,9494,Furniture Finishers and Refinishers,ER00,Canada,11.0,15.0,20.0
2014,9495,"Plastic Products Assemblers, Finishers and Inspectors",ER00,Canada,11.0,15.2,24.0
2014,9496,Painters and Coaters - Industrial,ER00,Canada,13.25,18.86,30.0
2014,9497,"Plating, Metal Spraying and Related Operators",ER00,Canada,13.0,20.0,29.0
2014,9498,Other Assemblers and Inspectors,ER00,Canada,11.0,16.4,27.0
2014,9511,Machining Tool Operators,ER00,Canada,14.0,20.0,30.0
2014,9512,Forging Machine Operators,ER00,Canada,12.5,19.0,26.75
2014,9513,Woodworking Machine Operators,ER00,Canada,11.0,15.0,21.25
2014,9514,Metalworking Machine Operators,ER00,Canada,13.0,18.0,26.0
2014,9516,Other Metal Products Machine Operators,ER00,Canada,11.5,17.35,25.0
2014,9517,Other Products Machine Operators,ER00,Canada,11.0,15.68,25.0
2014,9611,Labourers in Mineral and Metal Processing,ER00,Canada,12.0,18.56,29.0
2014,9612,Labourers in Metal Fabrication,ER00,Canada,11.0,16.0,24.75
2014,9613,Labourers in Chemical Products Processing and Utilities,ER00,Canada,12.0,18.0,29.7
2014,9614,"Labourers in Wood, Pulp and Paper Processing",ER00,Canada,10.5,18.0,28.85
2014,9615,Labourers in Rubber and Plastic Products Manufacturing,ER00,Canada,10.25,14.43,24.55
2014,9616,Labourers in Textile Processing,ER00,Canada,10.0,11.15,20.0
2014,9617,"Labourers in Food, Beverage and Tobacco Processing",ER00,Canada,10.5,15.0,23.0
2014,9618,Labourers in Fish Processing,ER00,Canada,10.3,12.0,16.0
2014,9619,"Other Labourers in Processing, Manufacturing and Utilities",ER00,Canada,10.25,13.0,22.0
2015,0011,Legislators,ER00,Canada,10.288780000000001,31.5165,74.947
2015,0012,Senior Government Managers and Officials,ER00,Canada,18.29,48.29,75.48
2015,0013,"Senior Managers - Financial, Communications and Other Business Services",ER00,Canada,18.75,46.7,76.92
2015,0014,"Senior Managers - Health, Education, Social and Community Services and Membership Organizations",ER00,Canada,26.0,48.08,82.0
2015,0015,"Senior Managers - Trade, Broadcasting and Other Services, n.c.a.",ER00,Canada,16.83,48.08,68.68
2015,0016,"Senior Managers - Goods Production, Utilities, Transportation and Construction",ER00,Canada,24.04,48.68,86.54
2015,0111,Financial Managers,ER00,Canada,21.63,40.38,64.45
2015,0112,Human Resources Managers,ER00,Canada,22.0,40.0,62.61
2015,0113,Purchasing Managers,ER00,Canada,19.23,38.46,55.56
2015,0114,Other Administrative Services Managers,ER00,Canada,20.0,35.77,53.33
2015,0121,"Insurance, Real Estate and Financial Brokerage Managers",ER00,Canada,20.36,43.27,66.67
2015,0122,"Banking, Credit and Other Investment Managers",ER00,Canada,21.33,39.56,61.54
2015,0123,Other Business Services Managers,ER00,Canada,19.23,36.06,55.29
2015,0131,Telecommunication Carriers Managers,ER00,Canada,23.0,41.03,56.71
2015,0132,Postal and Courier Services Managers,ER00,Canada,27.48,37.06,57.69
2015,0211,Engineering Managers,ER00,Canada,23.08,45.67,72.12
2015,0212,Architecture and Science Managers,ER00,Canada,24.1,40.02,57.7
2015,0213,Computer and Information Systems Managers,ER00,Canada,24.52,45.64,65.69
2015,0311,Managers in Health Care,ER00,Canada,23.08,43.57,60.8
2015,0312,Administrators - Post-Secondary Education and Vocational Training,ER00,Canada,21.37,40.87,68.61
2015,0313,School Principals and Administrators of Elementary and Secondary Education,ER00,Canada,26.43,45.19,59.13
2015,0314,"Managers in Social, Community and Correctional Services",ER00,Canada,19.75,34.0,57.17
2015,0411,Government Managers - Health and Social Policy Development and Program Administration,ER00,Canada,30.45,46.15,59.89
2015,0412,"Government Managers - Economic Analysis, Policy Development and Program Administration",ER00,Canada,29.0,45.05,62.5
2015,0413,Government Managers - Education Policy Development and Program Administration,ER00,Canada,28.86,45.69,65.12
2015,0414,Other Managers in Public Administration,ER00,Canada,26.0,47.69,63.28
2015,0511,"Library, Archive, Museum and Art Gallery Managers",ER00,Canada,16.96,33.88,53.47
2015,0512,"Managers - Publishing, Motion Pictures, Broadcasting and Performing Arts",ER00,Canada,18.0,31.25,62.5
2015,0513,Recreation and Sports Program and Service Directors,ER00,Canada,16.2,28.85,50.48
2015,0611,"Sales, Marketing and Advertising Managers",ER00,Canada,20.63,38.46,62.5
2015,0621,Retail Trade Managers,ER00,Canada,14.0,24.04,46.08
2015,0631,Restaurant and Food Service Managers,ER00,Canada,12.0,18.5,38.46
2015,0632,Accommodation Service Managers,ER00,Canada,15.0,24.04,50.0
2015,0641,Commissioned Police Officers,ER00,Canada,29.0,60.1,76.92
2015,0642,Fire Chiefs and Senior Firefighting Officers,ER00,Canada,25.0,49.0,66.67
2015,0643,"Commissioned Officers, Armed Forces",ER00,Canada,19.8,36.11,51.32
2015,0651,Other Services Managers,ER00,Canada,15.0,27.39,52.03
2015,0711,Construction Managers,ER00,Canada,20.0,36.06,58.97
2015,0712,Residential Home Builders and Renovators,ER00,Canada,13.0,18.0,26.73
2015,0713,Transportation Managers,ER00,Canada,17.5,34.62,58.0
2015,0721,Facility Operation and Maintenance Managers,ER00,Canada,17.0,31.34,53.3
2015,0811,Primary Production Managers (Except Agriculture),ER00,Canada,24.81,52.31,86.54
2015,0911,Manufacturing Managers,ER00,Canada,20.19,38.41,62.69
2015,0912,Utilities Managers,ER00,Canada,26.44,47.0,71.6
2015,1111,Financial Auditors and Accountants,ER00,Canada,17.44,31.0,52.88
2015,1112,Financial and Investment Analysts,ER00,Canada,20.51,33.33,51.28
2015,1113,"Securities Agents, Investment Dealers and Brokers",ER00,Canada,15.0,30.22,67.31
2015,1114,Other Financial Officers,ER00,Canada,19.0,29.0,55.56
2015,1121,Specialists in Human Resources,ER00,Canada,19.23,33.13,51.92
2015,1122,Professional Occupations in Business Services to Management,ER00,Canada,17.0,32.79,52.88
2015,1211,"Supervisors, General Office and Administrative Support Clerks",ER00,Canada,14.0,24.04,40.0
2015,1212,"Supervisors, Finance and Insurance Clerks",ER00,Canada,16.0,24.23,37.98
2015,1213,"Supervisors, Library, Correspondence and Related Information Clerks",ER00,Canada,13.0,23.0,36.06
2015,1214,"Supervisors, Mail and Message Distribution Occupations",ER00,Canada,16.0,25.0,33.6
2015,1215,"Supervisors, Recording, Distributing and Scheduling Occupations",ER00,Canada,14.45,22.0,36.45
2015,1221,Administrative Officers,ER00,Canada,14.13,22.0,34.36
2015,1222,Executive Assistants,ER00,Canada,16.22,25.5,34.87
2015,1223,Personnel and Recruitment Officers,ER00,Canada,14.42,24.62,40.51
2015,1224,Property Administrators,ER00,Canada,11.23,21.63,37.02
2015,1225,Purchasing Agents and Officers,ER00,Canada,17.0,27.47,40.87
2015,1226,Conference and Event Planners,ER00,Canada,13.0,21.43,33.33
2015,1227,Court Officers and Justices of the Peace,ER00,Canada,17.5,26.25,38.0
2015,1228,"Immigration, Employment Insurance and Revenue Officers",ER00,Canada,17.95,28.21,38.46
2015,1231,Bookkeepers,ER00,Canada,12.0,19.46,30.77
2015,1232,Loan Officers,ER00,Canada,15.63,23.08,36.06
2015,1233,Insurance Adjusters and Claims Examiners,ER00,Canada,16.45,25.64,43.27
2015,1234,Insurance Underwriters,ER00,Canada,16.35,26.0,40.6
2015,1235,"Assessors, Valuators and Appraisers",ER00,Canada,14.0,32.0,47.8
2015,1236,"Customs, Ship and Other Brokers",ER00,Canada,13.85,19.0,26.15
2015,1241,Secretaries (Except Legal and Medical),ER00,Canada,12.0,19.23,27.0
2015,1242,Legal Secretaries,ER00,Canada,13.0,20.0,30.94
2015,1243,Medical Secretaries,ER00,Canada,12.5,19.0,25.39
2015,1244,Court Recorders and Medical Transcriptionists,ER00,Canada,15.0,21.5,29.47
2015,1411,General Office Clerks,ER00,Canada,10.5,19.0,28.85
2015,1413,Records Management and Filing Clerks,ER00,Canada,11.0,19.5,29.43
2015,1414,Receptionists and Switchboard Operators,ER00,Canada,11.0,16.0,24.0
2015,1422,Data Entry Clerks,ER00,Canada,11.0,17.3,26.05
2015,1423,Desktop Publishing Operators and Related Occupations,ER00,Canada,11.0,19.71,31.5
2015,1424,Telephone Operators,ER00,Canada,10.3,14.0,21.26
2015,1431,Accounting and Related Clerks,ER00,Canada,13.0,19.56,28.0
2015,1432,Payroll Clerks,ER00,Canada,14.42,23.56,33.0
2015,1433,Customer Service Representatives - Financial Services,ER00,Canada,12.5,17.2,25.0
2015,1434,"Banking, Insurance and Other Financial Clerks",ER00,Canada,14.0,19.23,27.47
2015,1435,Collectors,ER00,Canada,12.0,19.75,30.22
2015,1441,Administrative Clerks,ER00,Canada,13.0,21.0,29.33
2015,1442,Personnel Clerks,ER00,Canada,13.0,21.15,29.0
2015,1443,Court Clerks,ER00,Canada,14.52,25.0,29.0
2015,1451,Library Clerks,ER00,Canada,10.3,14.98,22.83
2015,1452,"Correspondence, Publication and Related Clerks",ER00,Canada,11.25,21.38,28.57
2015,1453,"Customer Service, Information and Related Clerks",ER00,Canada,11.0,16.63,27.0
2015,1454,Survey Interviewers and Statistical Clerks,ER00,Canada,10.3,14.0,25.0
2015,1461,"Mail, Postal and Related Clerks",ER00,Canada,10.85,21.47,26.0
2015,1462,Letter Carriers,ER00,Canada,16.0,25.0,26.37
2015,1463,"Couriers, Messengers and Door-to-Door Distributors",ER00,Canada,10.3,13.25,26.25
2015,1471,Shippers and Receivers,ER00,Canada,11.0,16.73,25.31
2015,1472,Storekeepers and Parts Clerks,ER00,Canada,11.0,19.05,31.0
2015,1473,Production Clerks,ER00,Canada,14.75,21.63,35.0
2015,1474,Purchasing and Inventory Clerks,ER00,Canada,11.5,18.42,30.0
2015,1475,Dispatchers and Radio Operators,ER00,Canada,12.5,22.0,33.0
2015,1476,Transportation Route and Crew Schedulers,ER00,Canada,14.42,22.6,34.86
2015,2111,Physicists and Astronomers,ER00,Canada,17.0,38.46,56.41
2015,2112,Chemists,ER00,Canada,20.0,31.25,50.48
2015,2113,"Geologists, Geochemists and Geophysicists",ER00,Canada,21.09,40.87,74.0
2015,2114,Meteorologists,ER00,Canada,23.74,41.84,58.85
2015,2115,Other Professional Occupations in Physical Sciences,ER00,Canada,24.04,38.46,57.69
2015,2121,Biologists and Related Scientists,ER00,Canada,17.0,34.0,50.77
2015,2122,Forestry Professionals,ER00,Canada,20.88,32.82,43.96
2015,2123,"Agricultural Representatives, Consultants and Specialists",ER00,Canada,18.0,29.23,44.87
2015,2131,Civil Engineers,ER00,Canada,23.08,38.46,60.1
2015,2132,Mechanical Engineers,ER00,Canada,24.0,38.46,60.0
2015,2133,Electrical and Electronics Engineers,ER00,Canada,22.0,38.46,60.0
2015,2134,Chemical Engineers,ER00,Canada,19.0,37.0,64.9
2015,2141,Industrial and Manufacturing Engineers,ER00,Canada,23.5,36.06,51.79
2015,2142,Metallurgical and Materials Engineers,ER00,Canada,28.85,43.96,69.33
2015,2143,Mining Engineers,ER00,Canada,20.0,39.41,80.0
2015,2144,Geological Engineers,ER00,Canada,21.67,38.71,49.0
2015,2145,Petroleum Engineers,ER00,Canada,26.37,49.69,81.73
2015,2146,Aerospace Engineers,ER00,Canada,25.0,36.0,52.88
2015,2147,Computer Engineers (Except Software Engineers),ER00,Canada,24.04,38.46,55.29
2015,2148,"Other Professional Engineers, n.e.c.",ER00,Canada,22.5,38.46,60.1
2015,2151,Architects,ER00,Canada,19.95,33.33,61.54
2015,2152,Landscape Architects,ER00,Canada,10.3,30.26,49.64
2015,2153,Urban and Land Use Planners,ER00,Canada,24.04,38.46,55.29
2015,2154,Land Surveyors,ER00,Canada,20.0,32.0,46.0
2015,2161,"Mathematicians, Statisticians and Actuaries",ER00,Canada,23.59,43.08,66.67
2015,2171,Information Systems Analysts and Consultants,ER00,Canada,21.54,36.0,51.28
2015,2172,Database Analysts and Data Administrators,ER00,Canada,18.5,30.26,47.0
2015,2173,Software Engineers,ER00,Canada,25.48,41.03,58.65
2015,2174,Computer Programmers and Interactive Media Developers,ER00,Canada,20.0,33.65,50.0
2015,2175,Web Designers and Developers,ER00,Canada,15.38,25.0,41.03
2015,2211,Chemical Technologists and Technicians,ER00,Canada,15.0,23.08,40.6
2015,2212,Geological and Mineral Technologists and Technicians,ER00,Canada,16.0,28.97,50.37
2015,2213,Meteorological Technicians,ER00,Canada,17.3,29.6,44.29
2015,2221,Biological Technologists and Technicians,ER00,Canada,14.0,22.0,36.0
2015,2222,Agricultural and Fish Products Inspectors,ER00,Canada,18.76,28.99,40.0
2015,2223,Forestry Technologists and Technicians,ER00,Canada,18.0,26.0,40.0
2015,2224,Conservation and Fishery Officers,ER00,Canada,17.79,30.0,42.62
2015,2225,Landscape and Horticultural Technicians and Specialists,ER00,Canada,13.0,21.0,33.65
2015,2231,Civil Engineering Technologists and Technicians,ER00,Canada,17.0,27.5,43.2
2015,2232,Mechanical Engineering Technologists and Technicians,ER00,Canada,16.5,27.47,45.19
2015,2233,Industrial Engineering and Manufacturing Technologists and Technicians,ER00,Canada,19.0,26.75,42.0
2015,2234,Construction Estimators,ER00,Canada,20.0,30.77,47.0
2015,2241,Electrical and Electronics Engineering Technologists and Technicians,ER00,Canada,15.9,28.85,45.0
2015,2242,Electronic Service Technicians (Household and Business Equipment),ER00,Canada,14.0,23.08,37.5
2015,2243,Industrial Instrument Technicians and Mechanics,ER00,Canada,20.0,35.0,51.44
2015,2244,"Aircraft Instrument, Electrical and Avionics Mechanics, Technicians and Inspectors",ER00,Canada,20.5,33.0,43.59
2015,2251,Architectural Technologists and Technicians,ER00,Canada,14.5,22.5,42.0
2015,2252,Industrial Designers,ER00,Canada,16.59,25.0,49.5
2015,2253,Drafting Technologists and Technicians,ER00,Canada,16.0,25.31,40.53
2015,2254,Land Survey Technologists and Technicians,ER00,Canada,15.5,23.0,41.03
2015,2255,Mapping and Related Technologists and Technicians,ER00,Canada,18.82,33.0,47.0
2015,2261,Nondestructive Testers and Inspectors,ER00,Canada,18.0,29.0,46.0
2015,2262,Engineering Inspectors and Regulatory Officers,ER00,Canada,22.0,36.06,56.41
2015,2263,Inspectors in Public and Environmental Health and Occupational Health and Safety,ER00,Canada,20.0,34.0,50.75
2015,2264,Construction Inspectors,ER00,Canada,19.23,31.0,51.0
2015,2271,"Air Pilots, Flight Engineers and Flying Instructors",ER00,Canada,18.0,36.54,60.0
2015,2272,Air Traffic Control and Related Occupations,ER00,Canada,21.8,42.0,72.77
2015,2273,"Deck Officers, Water Transport",ER00,Canada,18.52,32.05,47.12
2015,2274,"Engineer Officers, Water Transport",ER00,Canada,22.32,27.85,40.0
2015,2275,Railway Traffic Controllers and Marine Traffic Regulators,ER00,Canada,24.62,40.51,48.57
2015,2281,Computer and Network Operators and Web Technicians,ER00,Canada,18.0,30.0,45.05
2015,2282,User Support Technicians,ER00,Canada,13.0,24.87,43.27
2015,2283,Systems Testing Technicians,ER00,Canada,15.0,26.0,41.03
2015,3111,Specialist Physicians,ER00,Canada,23.126,64.2895,188.2305
2015,3112,General Practitioners and Family Physicians,ER00,Canada,20.608,62.501,147.2025
2015,3113,Dentists,ER00,Canada,19.5305,59.7975,131.2565
2015,3114,Veterinarians,ER00,Canada,15.0395,40.82,73.977
2015,3121,Optometrists,ER00,Canada,19.151,47.304,89.8885
2015,3122,Chiropractors,ER00,Canada,10.288780000000001,28.73,63.173
2015,3123,Other Professional Occupations in Health Diagnosing and Treating,ER00,Canada,10.288780000000001,23.137,47.5945
2015,3131,Pharmacists,ER00,Canada,24.9875,48.7435,70.4885
2015,3132,Dietitians and Nutritionists,ER00,Canada,20.4,32.42,40.0
2015,3141,Audiologists and Speech-Language Pathologists,ER00,Canada,23.42,39.0,47.18
2015,3142,Physiotherapists,ER00,Canada,22.5,35.9,45.67
2015,3143,Occupational Therapists,ER00,Canada,22.38,36.0,43.59
2015,3144,Other Professional Occupations in Therapy and Assessment,ER00,Canada,18.5,30.0,45.0
2015,3151,Head Nurses and Supervisors,ER00,Canada,19.07,38.0,48.0
2015,3152,Registered Nurses,ER00,Canada,22.0,35.9,45.0
2015,3211,Medical Laboratory Technologists and Pathologists' Assistants,ER00,Canada,21.43,32.15,41.0
2015,3212,Medical Laboratory Technicians,ER00,Canada,14.09,23.0,35.56
2015,3213,Veterinary and Animal Health Technologists and Technicians,ER00,Canada,12.5,18.0,29.67
2015,3214,"Respiratory Therapists, Clinical Perfusionists and Cardio-Pulmonary Technologists",ER00,Canada,22.02,32.0,45.0
2015,3215,Medical Radiation Technologists,ER00,Canada,22.0,32.0,41.28
2015,3216,Medical Sonographers,ER00,Canada,25.96,35.0,48.0
2015,3217,Cardiology Technologists,ER00,Canada,16.63,25.86,32.81
2015,3218,"Electroencephalographic and Other Diagnostic Technologists, n.e.c.",ER00,Canada,15.96,27.19,41.99
2015,3219,Other Medical Technologists and Technicians (Except Dental Health),ER00,Canada,15.74,22.0,33.65
2015,3221,Denturists,ER00,Canada,12.0145,24.217,56.652
2015,3222,Dental Hygienists and Dental Therapists,ER00,Canada,23.0,34.0,47.0
2015,3223,"Dental Technologists, Technicians and Laboratory Bench Workers",ER00,Canada,15.0,21.5,37.5
2015,3231,Opticians,ER00,Canada,15.0,22.0,29.99
2015,3232,Midwives and Practitioners of Natural Healing,ER00,Canada,13.0,27.14,45.0
2015,3233,Licensed Practical Nurses,ER00,Canada,19.0,24.58,31.5
2015,3234,Ambulance Attendants and Other Paramedical Occupations,ER00,Canada,18.78,29.5,41.7
2015,3235,Other Technical Occupations in Therapy and Assessment,ER00,Canada,13.5,22.0,43.0
2015,3411,Dental Assistants,ER00,Canada,15.0,21.0,30.0
2015,3413,"Nurse Aides, Orderlies and Patient Service Associates",ER00,Canada,12.5,19.0,24.93
2015,3414,Other Assisting Occupations in Support of Health Services,ER00,Canada,12.0,17.5,26.06
2015,4111,Judges,ER00,Canada,47.82,108.49,130.81
2015,4112,Lawyers and Quebec Notaries,ER00,Canada,18.598,53.9145,149.471
2015,4121,University Professors,ER00,Canada,18.75,41.21,67.31
2015,4122,Post-Secondary Teaching and Research Assistants,ER00,Canada,10.3,21.0,40.0
2015,4131,College and Other Vocational Instructors,ER00,Canada,17.0,34.0,50.0
2015,4141,Secondary School Teachers,ER00,Canada,22.5,36.92,50.0
2015,4142,Elementary School and Kindergarten Teachers,ER00,Canada,20.0,35.0,48.86
2015,4143,Educational Counsellors,ER00,Canada,20.0,33.33,47.12
2015,4151,Psychologists,ER00,Canada,20.0,37.0,53.0
2015,4152,Social Workers,ER00,Canada,18.27,32.0,44.71
2015,4153,"Family, Marriage and Other Related Counsellors",ER00,Canada,16.75,27.0,40.0
2015,4154,Ministers of Religion,ER00,Canada,11.54,22.12,37.98
2015,4155,Probation and Parole Officers and Related Occupations,ER00,Canada,27.0,36.92,45.13
2015,4161,"Natural and Applied Science Policy Researchers, Consultants and Program Officers",ER00,Canada,20.71,35.9,55.38
2015,4162,Economists and Economic Policy Researchers and Analysts,ER00,Canada,24.04,40.51,55.38
2015,4163,Business Development Officers and Marketing Researchers and Consultants,ER00,Canada,18.27,30.77,52.75
2015,4164,"Social Policy Researchers, Consultants and Program Officers",ER00,Canada,19.75,33.28,50.26
2015,4165,"Health Policy Researchers, Consultants and Program Officers",ER00,Canada,18.0,34.0,51.28
2015,4166,"Education Policy Researchers, Consultants and Program Officers",ER00,Canada,20.67,35.0,48.08
2015,4167,"Recreation, Sports and Fitness Program Supervisors and Consultants",ER00,Canada,13.5,21.23,40.87
2015,4168,Program Officers Unique to Government,ER00,Canada,24.0,36.58,51.28
2015,4169,"Other Professional Occupations in Social Science, n.e.c.",ER00,Canada,18.0,33.0,48.72
2015,4211,Paralegal and Related Occupations,ER00,Canada,15.87,25.0,38.46
2015,4212,Community and Social Service Workers,ER00,Canada,13.75,21.0,32.22
2015,4213,Employment Counsellors,ER00,Canada,17.3,23.63,40.87
2015,4214,Early Childhood Educators and Assistants,ER00,Canada,11.0,17.35,25.0
2015,4215,Instructors and Teachers of Persons with Disabilities,ER00,Canada,17.0,26.85,37.02
2015,4216,Other Instructors,ER00,Canada,10.3,17.0,35.36
2015,4217,Other Religious Occupations,ER00,Canada,11.87,18.0,33.74
2015,5111,Librarians,ER00,Canada,16.41,30.22,44.97
2015,5112,Conservators and Curators,ER00,Canada,15.58,25.96,40.0
2015,5113,Archivists,ER00,Canada,20.0,25.0,41.21
2015,5121,Authors and Writers,ER00,Canada,13.46,28.0,42.31
2015,5122,Editors,ER00,Canada,13.85,26.0,43.27
2015,5123,Journalists,ER00,Canada,15.0,30.0,45.0
2015,5124,Professional Occupations in Public Relations and Communications,ER00,Canada,15.0,29.0,48.72
2015,5125,"Translators, Terminologists and Interpreters",ER00,Canada,14.42,28.72,43.41
2015,5131,"Producers, Directors, Choreographers and Related Occupations",ER00,Canada,15.0,28.37,50.0
2015,5132,"Conductors, Composers and Arrangers",ER00,Canada,10.288780000000001,14.4235,35.853
2015,5133,Musicians and Singers,ER00,Canada,11.54,21.0,40.0
2015,5134,Dancers,ER00,Canada,15.0,28.56,44.0
2015,5135,Actors and Comedians,ER00,Canada,10.5,16.67,31.56
2015,5136,"Painters, Sculptors and Other Visual Artists",ER00,Canada,13.5,23.19,42.09
2015,5211,Library and Archive Technicians and Assistants,ER00,Canada,13.65,22.0,32.28
2015,5212,Technical Occupations Related to Museums and Art Galleries,ER00,Canada,10.5,16.0,33.65
2015,5221,Photographers,ER00,Canada,11.78,20.19,43.59
2015,5222,Film and Video Camera Operators,ER00,Canada,11.0,23.08,42.0
2015,5223,Graphic Arts Technicians,ER00,Canada,16.83,25.82,45.19
2015,5224,Broadcast Technicians,ER00,Canada,11.0,27.88,45.0
2015,5225,Audio and Video Recording Technicians,ER00,Canada,13.0,23.0,35.8
2015,5226,"Other Technical and Coordinating Occupations in Motion Pictures, Broadcasting and the Performing Arts",ER00,Canada,14.89,24.95,40.6
2015,5227,"Support Occupations in Motion Pictures, Broadcasting and the Performing Arts",ER00,Canada,13.0,20.0,30.0
2015,5231,Announcers and Other Broadcasters,ER00,Canada,12.95,19.38,37.5
2015,5232,Other Performers,ER00,Canada,10.3,18.0,31.0
2015,5241,Graphic Designers and Illustrators,ER00,Canada,14.0,22.6,36.06
2015,5242,Interior Designers,ER00,Canada,13.75,23.08,44.0
2015,5243,"Theatre, Fashion, Exhibit and Other Creative Designers",ER00,Canada,12.0,18.27,30.0
2015,5244,Artisans and Craftspersons,ER00,Canada,10.46,16.25,31.0
2015,5245,"Patternmakers - Textile, Leather and Fur Products",ER00,Canada,10.3,23.9,31.63
2015,5251,Athletes,ER00,Canada,11.25,20.0,44.87
2015,5252,Coaches,ER00,Canada,10.3,15.0,30.0
2015,5253,Sports Officials and Referees,ER00,Canada,10.3,15.0,25.0
2015,5254,Program Leaders and Instructors in Recreation and Sport,ER00,Canada,10.3,14.0,26.92
2015,6211,Retail Trade Supervisors,ER00,Canada,11.0,16.03,27.49
2015,6212,Food Service Supervisors,ER00,Canada,10.5,12.93,20.61
2015,6213,Executive Housekeepers,ER00,Canada,12.0,16.0,24.04
2015,6214,Dry Cleaning and Laundry Supervisors,ER00,Canada,11.0,15.0,27.98
2015,6215,Cleaning Supervisors,ER00,Canada,13.0,21.63,33.25
2015,6216,Other Service Supervisors,ER00,Canada,11.4,18.68,31.25
2015,6221,Technical Sales Specialists - Wholesale Trade,ER00,Canada,12.82,24.52,46.15
2015,6231,Insurance Agents and Brokers,ER00,Canada,14.0,22.5,38.46
2015,6232,Real Estate Agents and Salespersons,ER00,Canada,10.288780000000001,22.378,57.5095
2015,6233,Retail and Wholesale Buyers,ER00,Canada,12.0,19.88,36.06
2015,6234,Grain Elevator Operators,ER00,Canada,14.0,24.62,36.17
2015,6241,Chefs,ER00,Canada,10.6,15.73,24.04
2015,6242,Cooks,ER00,Canada,10.3,12.0,18.79
2015,6251,Butchers and Meat Cutters - Retail and Wholesale,ER00,Canada,10.3,12.0,21.68
2015,6252,Bakers,ER00,Canada,10.3,12.0,19.67
2015,6261,Police Officers (Except Commissioned),ER00,Canada,16.0,37.5,48.99
2015,6262,Firefighters,ER00,Canada,15.38,34.0,45.0
2015,6271,Hairstylists and Barbers,ER00,Canada,10.3,13.25,22.12
2015,6272,Funeral Directors and Embalmers,ER00,Canada,10.77,21.0,38.46
2015,6411,Sales Representatives - Wholesale Trade (Non-Technical),ER00,Canada,12.6,24.04,40.87
2015,6421,Retail Salespersons and Sales Clerks,ER00,Canada,10.3,12.0,21.0
2015,6431,Travel Counsellors,ER00,Canada,11.79,16.73,26.15
2015,6432,Pursers and Flight Attendants,ER00,Canada,11.3,24.0,45.0
2015,6433,Airline Sales and Service Agents,ER00,Canada,10.8,20.0,27.0
2015,6434,"Ticket Agents, Cargo Service Representatives and Related Clerks (Except Airline)",ER00,Canada,11.0,16.1,25.35
2015,6435,Hotel Front Desk Clerks,ER00,Canada,10.45,13.25,19.0
2015,6441,Tour and Travel Guides,ER00,Canada,10.3,15.0,21.0
2015,6442,Outdoor Sport and Recreational Guides,ER00,Canada,10.3,16.0,25.0
2015,6443,Casino Occupations,ER00,Canada,13.0,21.0,30.0
2015,6451,Maîtres d'hôtel and Hosts/Hostesses,ER00,Canada,10.3,12.0,20.0
2015,6452,Bartenders,ER00,Canada,10.3,10.3,14.66
2015,6453,Food and Beverage Servers,ER00,Canada,10.3,10.3,15.27
2015,6461,Sheriffs and Bailiffs,ER00,Canada,19.23,29.76,37.0
2015,6462,Correctional Service Officers,ER00,Canada,18.0,30.0,36.06
2015,6463,"By-law Enforcement and Other Regulatory Officers, n.e.c.",ER00,Canada,12.75,26.36,37.5
2015,6464,Occupations Unique to the Armed Forces,ER00,Canada,15.96,26.57,35.39
2015,6465,Other Protective Service Occupations,ER00,Canada,12.0,19.75,35.9
2015,6471,"Visiting Homemakers, Housekeepers and Related Occupations",ER00,Canada,10.5,14.42,20.14
2015,6472,Elementary and Secondary School Teacher Assistants,ER00,Canada,12.5,20.0,26.0
2015,6474,"Babysitters, Nannies and Parents' Helpers",ER00,Canada,10.3,11.0,17.5
2015,6481,"Image, Social and Other Personal Consultants",ER00,Canada,10.3,17.05,41.88
2015,6482,"Estheticians, Electrologists and Related Occupations",ER00,Canada,10.3,13.0,20.0
2015,6483,Pet Groomers and Animal Care Workers,ER00,Canada,10.3,12.0,20.92
2015,6484,Other Personal Service Occupations,ER00,Canada,10.5,19.1,37.0
2015,6611,Cashiers,ER00,Canada,10.3,10.55,14.5
2015,6621,Service Station Attendants,ER00,Canada,10.3,10.67,15.0
2015,6622,Grocery Clerks and Store Shelf Stockers,ER00,Canada,10.3,11.1,18.0
2015,6623,Other Elemental Sales Occupations,ER00,Canada,10.3,12.0,21.5
2015,6641,"Food Counter Attendants, Kitchen Helpers and Related Occupations",ER00,Canada,10.3,11.0,17.29
2015,6651,Security Guards and Related Occupations,ER00,Canada,10.5,15.0,23.0
2015,6661,Light Duty Cleaners,ER00,Canada,10.3,14.0,20.0
2015,6662,Specialized Cleaners,ER00,Canada,10.3,14.0,22.12
2015,6663,"Janitors, Caretakers and Building Superintendents",ER00,Canada,10.5,16.83,25.0
2015,6671,"Operators and Attendants in Amusement, Recreation and Sport",ER00,Canada,10.3,12.0,24.75
2015,6672,Other Attendants in Accommodation and Travel,ER00,Canada,10.3,13.85,23.0
2015,6681,Dry Cleaning and Laundry Occupations,ER00,Canada,10.5,15.0,20.0
2015,6682,"Ironing, Pressing and Finishing Occupations",ER00,Canada,10.3,12.5,16.99
2015,6683,Other Elemental Service Occupations,ER00,Canada,10.3,11.52,20.0
2015,7211,"Supervisors, Machinists and Related Occupations",ER00,Canada,18.63,30.0,44.81
2015,7212,"Contractors and Supervisors, Electrical Trades and Telecommunications Occupations",ER00,Canada,18.0,34.79,50.0
2015,7213,"Contractors and Supervisors, Pipefitting Trades",ER00,Canada,25.0,42.0,52.0
2015,7214,"Contractors and Supervisors, Metal Forming, Shaping and Erecting Trades",ER00,Canada,19.23,32.0,48.08
2015,7215,"Contractors and Supervisors, Carpentry Trades",ER00,Canada,18.0,30.0,40.0
2015,7216,"Contractors and Supervisors, Mechanic Trades",ER00,Canada,17.5,30.0,46.15
2015,7217,"Contractors and Supervisors, Heavy Construction Equipment Crews",ER00,Canada,18.0,30.0,46.15
2015,7218,"Supervisors, Printing and Related Occupations",ER00,Canada,15.0,25.0,36.06
2015,7219,"Contractors and Supervisors, Other Construction Trades, Installers, Repairers and Servicers",ER00,Canada,17.28,29.0,41.0
2015,7221,"Supervisors, Railway Transport Operations",ER00,Canada,22.0,31.25,50.0
2015,7222,"Supervisors, Motor Transport and Other Ground Transit Operators",ER00,Canada,16.25,26.44,39.9
2015,7231,Machinists and Machining and Tooling Inspectors,ER00,Canada,15.03,24.04,35.0
2015,7232,Tool and Die Makers,ER00,Canada,15.0,26.0,35.0
2015,7241,Electricians (Except Industrial and Power System),ER00,Canada,15.0,28.85,40.0
2015,7242,Industrial Electricians,ER00,Canada,19.23,32.0,44.0
2015,7243,Power System Electricians,ER00,Canada,22.0,36.0,45.0
2015,7244,Electrical Power Line and Cable Workers,ER00,Canada,18.0,32.0,44.25
2015,7245,Telecommunications Line and Cable Workers,ER00,Canada,18.0,27.34,38.0
2015,7246,Telecommunications Installation and Repair Workers,ER00,Canada,15.38,26.0,36.0
2015,7247,Cable Television Service and Maintenance Technicians,ER00,Canada,12.5,22.0,33.65
2015,7251,Plumbers,ER00,Canada,15.0,26.0,37.5
2015,7252,"Steamfitters, Pipefitters and Sprinkler System Installers",ER00,Canada,19.0,33.63,44.0
2015,7253,Gas Fitters,ER00,Canada,20.0,30.0,39.23
2015,7261,Sheet Metal Workers,ER00,Canada,15.68,28.0,38.0
2015,7262,Boilermakers,ER00,Canada,25.18,37.74,43.62
2015,7263,Structural Metal and Platework Fabricators and Fitters,ER00,Canada,16.25,25.81,35.0
2015,7264,Ironworkers,ER00,Canada,18.0,30.0,40.0
2015,7265,Welders and Related Machine Operators,ER00,Canada,15.2,23.5,38.0
2015,7266,Blacksmiths and Die Setters,ER00,Canada,15.0,20.47,27.0
2015,7271,Carpenters,ER00,Canada,15.0,23.5,35.0
2015,7272,Cabinetmakers,ER00,Canada,13.0,17.0,24.5
2015,7281,Bricklayers,ER00,Canada,16.0,29.0,37.0
2015,7282,Concrete Finishers,ER00,Canada,16.0,25.47,34.0
2015,7283,Tilesetters,ER00,Canada,12.75,24.9,35.87
2015,7284,"Plasterers, Drywall Installers and Finishers and Lathers",ER00,Canada,15.0,24.0,35.0
2015,7291,Roofers and Shinglers,ER00,Canada,15.0,25.0,35.1
2015,7292,Glaziers,ER00,Canada,16.25,23.0,35.0
2015,7293,Insulators,ER00,Canada,16.0,28.0,40.0
2015,7294,Painters and Decorators,ER00,Canada,12.0,19.0,31.0
2015,7295,Floor Covering Installers,ER00,Canada,15.0,26.04,34.0
2015,7311,Construction Millwrights and Industrial Mechanics (Except Textile),ER00,Canada,17.3,27.5,40.0
2015,7312,Heavy-Duty Equipment Mechanics,ER00,Canada,17.0,27.0,40.0
2015,7313,Refrigeration and Air Conditioning Mechanics,ER00,Canada,15.0,29.76,43.0
2015,7314,Railway Carmen/women,ER00,Canada,24.0,29.05,33.5
2015,7315,Aircraft Mechanics and Aircraft Inspectors,ER00,Canada,17.69,30.0,40.87
2015,7316,Machine Fitters,ER00,Canada,15.29,29.3,47.33
2015,7317,Textile Machinery Mechanics and Repairers,ER00,Canada,11.15,18.5,24.1
2015,7318,Elevator Constructors and Mechanics,ER00,Canada,19.81,33.67,49.0
2015,7321,"Automotive Service Technicians, Truck Mechanics and Mechanical Repairers",ER00,Canada,14.0,23.19,35.0
2015,7322,Motor Vehicle Body Repairers,ER00,Canada,13.0,21.0,32.0
2015,7331,Oil and Solid Fuel Heating Mechanics,ER00,Canada,14.0,25.0,35.86
2015,7332,Electric Appliance Servicers and Repairers,ER00,Canada,15.0,19.98,33.0
2015,7333,Electrical Mechanics,ER00,Canada,16.25,23.5,30.0
2015,7334,Motorcycle and Other Related Mechanics,ER00,Canada,16.0,22.0,31.0
2015,7335,Other Small Engine and Equipment Mechanics,ER00,Canada,12.0,20.0,28.5
2015,7341,Upholsterers,ER00,Canada,12.5,18.0,26.0
2015,7342,"Tailors, Dressmakers, Furriers and Milliners",ER00,Canada,10.4,14.28,19.0
2015,7343,Shoe Repairers and Shoemakers,ER00,Canada,10.35,15.0,21.75
2015,7344,"Jewellers, Watch Repairers and Related Occupations",ER00,Canada,11.0,15.22,22.12
2015,7351,Stationary Engineers and Auxiliary Equipment Operators,ER00,Canada,18.0,30.0,47.0
2015,7352,Power Systems and Power Station Operators,ER00,Canada,20.0,40.48,52.0
2015,7361,Railway and Yard Locomotive Engineers,ER00,Canada,17.0,32.0,45.67
2015,7362,Railway Conductors and Brakemen/women,ER00,Canada,16.03,29.0,40.0
2015,7371,Crane Operators,ER00,Canada,18.36,29.85,43.0
2015,7372,"Drillers and Blasters - Surface Mining, Quarrying and Construction",ER00,Canada,17.0,29.76,40.0
2015,7373,Water Well Drillers,ER00,Canada,16.0,22.0,30.0
2015,7381,Printing Press Operators,ER00,Canada,14.0,20.0,33.0
2015,7382,Commercial Divers,ER00,Canada,10.5,27.89,38.38
2015,7383,Other Trades and Related Occupations,ER00,Canada,14.5,23.5,35.84
2015,7411,Truck Drivers,ER00,Canada,13.75,20.0,31.19
2015,7412,Bus Drivers and Subway and Other Transit Operators,ER00,Canada,12.0,20.0,31.25
2015,7413,Taxi and Limousine Drivers and Chauffeurs,ER00,Canada,10.3,14.56,25.83
2015,7414,Delivery and Courier Service Drivers,ER00,Canada,10.3,15.8,27.0
2015,7421,Heavy Equipment Operators (Except Crane),ER00,Canada,17.0,25.0,35.0
2015,7422,Public Works Maintenance Equipment Operators,ER00,Canada,16.0,21.88,29.0
2015,7431,Railway Yard Workers,ER00,Canada,17.6,28.23,42.15
2015,7432,Railway Track Maintenance Workers,ER00,Canada,16.0,24.6,33.0
2015,7433,"Deck Crew, Water Transport",ER00,Canada,15.0,22.0,32.0
2015,7434,"Engine Room Crew, Water Transport",ER00,Canada,16.0,24.41,29.0
2015,7435,Lock and Cable Ferry Operators and Related Occupations,ER00,Canada,13.5,24.0,29.0
2015,7436,Boat Operators,ER00,Canada,15.0,21.0,30.72
2015,7437,Air Transport Ramp Attendants,ER00,Canada,11.0,16.5,25.48
2015,7441,Residential and Commercial Installers and Servicers,ER00,Canada,13.0,18.0,30.0
2015,7442,Waterworks and Gas Maintenance Workers,ER00,Canada,17.5,27.0,37.55
2015,7443,Automotive Mechanical Installers and Servicers,ER00,Canada,11.0,15.0,25.0
2015,7444,Pest Controllers and Fumigators,ER00,Canada,13.22,18.0,28.59
2015,7445,Other Repairers and Servicers,ER00,Canada,11.0,19.23,30.0
2015,7451,Longshore Workers,ER00,Canada,16.0,33.0,50.0
2015,7452,Material Handlers,ER00,Canada,10.75,16.0,26.5
2015,7611,Construction Trades Helpers and Labourers,ER00,Canada,12.0,19.5,31.0
2015,7612,Other Trades Helpers and Labourers,ER00,Canada,11.0,18.0,30.0
2015,7621,Public Works and Maintenance Labourers,ER00,Canada,12.63,21.85,30.23
2015,7622,Railway and Motor Transport Labourers,ER00,Canada,10.5,15.0,25.0
2015,8211,"Supervisors, Logging and Forestry",ER00,Canada,18.18,26.0,42.0
2015,8221,"Supervisors, Mining and Quarrying",ER00,Canada,18.42,33.65,52.0
2015,8222,"Supervisors, Oil and Gas Drilling and Service",ER00,Canada,18.0,38.0,57.69
2015,8231,Underground Production and Development Miners,ER00,Canada,17.92,32.0,45.0
2015,8232,"Oil and Gas Well Drillers, Servicers, Testers and Related Workers",ER00,Canada,18.0,34.5,56.0
2015,8241,Logging Machinery Operators,ER00,Canada,15.5,25.0,30.0
2015,8251,Farmers and Farm Managers,ER00,Canada,10.3,16.01,28.0
2015,8252,Agricultural and Related Service Contractors and Managers,ER00,Canada,10.59,15.5,24.75
2015,8253,Farm Supervisors and Specialized Livestock Workers,ER00,Canada,10.73,16.32,25.0
2015,8254,Nursery and Greenhouse Operators and Managers,ER00,Canada,10.3,16.42,34.66
2015,8255,Landscaping and Grounds Maintenance Contractors and Managers,ER00,Canada,10.3,17.22,32.08
2015,8256,"Supervisors, Landscape and Horticulture",ER00,Canada,14.0,21.0,35.0
2015,8257,Aquaculture Operators and Managers,ER00,Canada,10.3,18.81,30.11
2015,8261,Fishing Masters and Officers,ER00,Canada,15.0,40.0,100.0
2015,8262,Fishing Vessel Skippers and Fishermen/women,ER00,Canada,13.33,25.0,75.0
2015,8411,Underground Mine Service and Support Workers,ER00,Canada,19.0,28.14,38.0
2015,8412,Oil and Gas Well Drilling Workers and Services Operators,ER00,Canada,17.62,30.0,40.87
2015,8421,Chainsaw and Skidder Operators,ER00,Canada,13.5,20.0,30.89
2015,8422,Silviculture and Forestry Workers,ER00,Canada,15.0,22.0,31.25
2015,8431,General Farm Workers,ER00,Canada,10.3,14.5,23.0
2015,8432,Nursery and Greenhouse Workers,ER00,Canada,10.3,11.25,18.0
2015,8441,Fishing Vessel Deckhands,ER00,Canada,12.5,20.0,50.0
2015,8442,Trappers and Hunters,ER00,Canada,10.3,15.0,32.0
2015,8611,Harvesting Labourers,ER00,Canada,10.3,11.75,18.22
2015,8612,Landscaping and Grounds Maintenance Labourers,ER00,Canada,10.85,15.0,25.1
2015,8613,Aquaculture and Marine Harvest Labourers,ER00,Canada,12.0,15.0,23.0
2015,8614,Mine Labourers,ER00,Canada,13.0,27.0,35.0
2015,8615,"Oil and Gas Drilling, Servicing and Related Labourers",ER00,Canada,16.78,24.13,35.0
2015,8616,Logging and Forestry Labourers,ER00,Canada,11.0,18.0,28.0
2015,9211,"Supervisors, Mineral and Metal Processing",ER00,Canada,18.0,26.0,39.23
2015,9212,"Supervisors, Petroleum, Gas and Chemical Processing and Utilities",ER00,Canada,17.0,32.0,54.01
2015,9213,"Supervisors, Food, Beverage and Tobacco Processing",ER00,Canada,13.79,22.0,34.87
2015,9214,"Supervisors, Plastic and Rubber Products Manufacturing",ER00,Canada,13.66,21.4,36.06
2015,9215,"Supervisors, Forest Products Processing",ER00,Canada,18.0,28.0,43.27
2015,9216,"Supervisors, Textile Processing",ER00,Canada,12.5,21.63,33.65
2015,9221,"Supervisors, Motor Vehicle Assembling",ER00,Canada,16.9,31.0,38.46
2015,9222,"Supervisors, Electronics Manufacturing",ER00,Canada,14.5,23.08,48.08
2015,9223,"Supervisors, Electrical Products Manufacturing",ER00,Canada,18.0,25.0,39.42
2015,9224,"Supervisors, Furniture and Fixtures Manufacturing",ER00,Canada,15.45,19.23,32.0
2015,9225,"Supervisors, Fabric, Fur and Leather Products Manufacturing",ER00,Canada,10.91,20.09,37.94
2015,9226,"Supervisors, Other Mechanical and Metal Products Manufacturing",ER00,Canada,16.83,28.57,41.89
2015,9227,"Supervisors, Other Products Manufacturing and Assembly",ER00,Canada,14.0,24.35,36.06
2015,9231,"Central Control and Process Operators, Mineral and Metal Processing",ER00,Canada,18.5,28.5,36.0
2015,9232,"Petroleum, Gas and Chemical Process Operators",ER00,Canada,17.0,32.0,50.0
2015,9233,Pulping Control Operators,ER00,Canada,18.76,35.89,49.17
2015,9234,Papermaking and Coating Control Operators,ER00,Canada,17.5,25.35,34.95
2015,9411,"Machine Operators, Mineral and Metal Processing",ER00,Canada,18.0,27.34,38.0
2015,9412,Foundry Workers,ER00,Canada,12.0,21.83,32.5
2015,9413,Glass Forming and Finishing Machine Operators and Glass Cutters,ER00,Canada,12.55,17.0,21.0
2015,9414,"Concrete, Clay and Stone Forming Operators",ER00,Canada,15.0,20.0,27.0
2015,9415,"Inspectors and Testers, Mineral and Metal Processing",ER00,Canada,16.25,22.0,32.0
2015,9421,Chemical Plant Machine Operators,ER00,Canada,11.25,19.0,32.0
2015,9422,Plastics Processing Machine Operators,ER00,Canada,11.5,16.54,25.0
2015,9423,Rubber Processing Machine Operators and Related Workers,ER00,Canada,12.0,19.1,26.94
2015,9424,Water and Waste Plant Operators,ER00,Canada,17.52,27.0,36.06
2015,9431,Sawmill Machine Operators,ER00,Canada,13.0,20.0,29.0
2015,9432,Pulp Mill Machine Operators,ER00,Canada,22.0,29.0,33.33
2015,9433,Papermaking and Finishing Machine Operators,ER00,Canada,16.0,27.0,35.0
2015,9434,Other Wood Processing Machine Operators,ER00,Canada,13.0,18.75,27.41
2015,9435,Paper Converting Machine Operators,ER00,Canada,12.0,20.0,29.1
2015,9436,Lumber Graders and Other Wood Processing Inspectors and Graders,ER00,Canada,15.0,22.93,30.48
2015,9441,Textile Fibre and Yarn Preparation Machine Operators,ER00,Canada,13.97,16.25,24.0
2015,9442,"Weavers, Knitters and Other Fabric-Making Occupations",ER00,Canada,11.0,12.6,24.0
2015,9443,Textile Dyeing and Finishing Machine Operators,ER00,Canada,10.3,15.0,25.0
2015,9444,"Textile Inspectors, Graders and Samplers",ER00,Canada,10.3,11.38,19.95
2015,9451,Sewing Machine Operators,ER00,Canada,10.3,11.37,18.0
2015,9452,"Fabric, Fur and Leather Cutters",ER00,Canada,10.35,13.0,18.4
2015,9453,Hide and Pelt Processing Workers,ER00,Canada,10.3,14.85,26.02
2015,9454,"Inspectors and Testers, Fabric, Fur and Leather Products Manufacturing",ER00,Canada,10.3,14.0,24.32
2015,9461,"Process Control and Machine Operators, Food and Beverage Processing",ER00,Canada,11.0,18.0,26.0
2015,9462,"Industrial Butchers and Meat Cutters, Poultry Preparers and Related Workers",ER00,Canada,13.0,18.0,21.0
2015,9463,Fish Plant Workers,ER00,Canada,10.3,12.5,18.0
2015,9464,Tobacco Processing Machine Operators,ER00,Canada,12.9,17.7,29.61
2015,9465,"Testers and Graders, Food and Beverage Processing",ER00,Canada,11.5,17.5,28.21
2015,9471,Printing Machine Operators,ER00,Canada,12.0,17.95,25.9
2015,9472,"Camera, Platemaking and Other Pre-Press Occupations",ER00,Canada,13.69,20.0,31.79
2015,9473,Binding and Finishing Machine Operators,ER00,Canada,10.5,16.8,24.04
2015,9474,Photographic and Film Processors,ER00,Canada,10.3,12.0,23.0
2015,9481,Aircraft Assemblers and Aircraft Assembly Inspectors,ER00,Canada,14.25,28.35,36.06
2015,9482,"Motor Vehicle Assemblers, Inspectors and Testers",ER00,Canada,15.0,30.7,35.0
2015,9483,"Electronics Assemblers, Fabricators, Inspectors and Testers",ER00,Canada,11.0,16.0,25.0
2015,9484,"Assemblers and Inspectors, Electrical Appliance, Apparatus and Equipment Manufacturing",ER00,Canada,11.14,17.4,30.0
2015,9485,"Assemblers, Fabricators and Inspectors, Industrial Electrical Motors and Transformers",ER00,Canada,12.5,18.0,28.0
2015,9486,Mechanical Assemblers and Inspectors,ER00,Canada,12.5,19.68,30.0
2015,9487,"Machine Operators and Inspectors, Electrical Apparatus Manufacturing",ER00,Canada,12.02,20.57,31.3
2015,9491,Boat Assemblers and Inspectors,ER00,Canada,12.58,17.21,26.0
2015,9492,Furniture and Fixture Assemblers and Inspectors,ER00,Canada,11.5,16.0,25.17
2015,9493,Other Wood Products Assemblers and Inspectors,ER00,Canada,12.0,16.0,25.5
2015,9494,Furniture Finishers and Refinishers,ER00,Canada,11.95,17.5,25.0
2015,9495,"Plastic Products Assemblers, Finishers and Inspectors",ER00,Canada,12.0,17.0,27.5
2015,9496,Painters and Coaters - Industrial,ER00,Canada,13.0,19.0,30.0
2015,9497,"Plating, Metal Spraying and Related Operators",ER00,Canada,13.0,20.0,26.0
2015,9498,Other Assemblers and Inspectors,ER00,Canada,11.0,16.0,26.0
2015,9511,Machining Tool Operators,ER00,Canada,14.0,21.0,30.0
2015,9512,Forging Machine Operators,ER00,Canada,10.52,20.58,34.43
2015,9513,Woodworking Machine Operators,ER00,Canada,11.0,14.75,21.0
2015,9514,Metalworking Machine Operators,ER00,Canada,12.7,18.0,25.09
2015,9516,Other Metal Products Machine Operators,ER00,Canada,11.5,17.2,25.0
2015,9517,Other Products Machine Operators,ER00,Canada,11.25,17.62,28.0
2015,9611,Labourers in Mineral and Metal Processing,ER00,Canada,13.5,20.09,30.0
2015,9612,Labourers in Metal Fabrication,ER00,Canada,12.0,16.77,24.38
2015,9613,Labourers in Chemical Products Processing and Utilities,ER00,Canada,12.0,18.39,31.0
2015,9614,"Labourers in Wood, Pulp and Paper Processing",ER00,Canada,11.0,17.0,27.53
2015,9615,Labourers in Rubber and Plastic Products Manufacturing,ER00,Canada,11.25,14.4,24.0
2015,9616,Labourers in Textile Processing,ER00,Canada,10.3,12.0,16.73
2015,9617,"Labourers in Food, Beverage and Tobacco Processing",ER00,Canada,10.5,15.0,22.8
2015,9618,Labourers in Fish Processing,ER00,Canada,10.45,12.45,16.02
2015,9619,"Other Labourers in Processing, Manufacturing and Utilities",ER00,Canada,10.3,13.25,20.22
2016,0011,Legislators,ER00,Canada,10.484,31.5165,74.947
2016,0012,Senior Government Managers and Officials,ER00,Canada,19.78,45.45,79.33
2016,0013,"Senior Managers - Financial, Communications and Other Business Services",ER00,Canada,21.33,46.15,75.9
2016,0014,"Senior Managers - Health, Education, Social and Community Services and Membership Organizations",ER00,Canada,22.0,43.46,83.52
2016,0015,"Senior Managers - Trade, Broadcasting and Other Services, n.c.a.",ER00,Canada,16.83,48.08,68.68
2016,0016,"Senior Managers - Goods Production, Utilities, Transportation and Construction",ER00,Canada,25.0,51.28,88.72
2016,0111,Financial Managers,ER00,Canada,21.15,40.87,64.29
2016,0112,Human Resources Managers,ER00,Canada,22.0,40.0,62.5
2016,0113,Purchasing Managers,ER00,Canada,21.63,40.11,57.69
2016,0114,Other Administrative Services Managers,ER00,Canada,20.09,38.46,54.95
2016,0121,"Insurance, Real Estate and Financial Brokerage Managers",ER00,Canada,20.6,46.67,71.79
2016,0122,"Banking, Credit and Other Investment Managers",ER00,Canada,22.1,42.05,64.1
2016,0124,"Sales, Marketing and Advertising Managers",ER00,Canada,21.54,38.46,62.73
2016,0125,Other Business Services Managers,ER00,Canada,20.0,36.15,55.29
2016,0131,Telecommunication Carriers Managers,ER00,Canada,24.0,40.6,60.1
2016,0132,Postal and Courier Services Managers,ER00,Canada,20.0,40.87,55.38
2016,0211,Engineering Managers,ER00,Canada,25.33,48.08,74.52
2016,0212,Architecture and Science Managers,ER00,Canada,22.5,43.27,66.67
2016,0213,Computer and Information Systems Managers,ER00,Canada,24.52,46.15,67.31
2016,0311,Managers in Health Care,ER00,Canada,23.0,43.0,60.05
2016,0411,Government Managers - Health and Social Policy Development and Program Administration,ER00,Canada,33.52,50.26,63.59
2016,0412,"Government Managers - Economic Analysis, Policy Development and Program Administration",ER00,Canada,32.0,50.55,68.72
2016,0413,Government Managers - Education Policy Development and Program Administration,ER00,Canada,28.86368,45.686416,65.122832
2016,0414,Other Managers in Public Administration,ER00,Canada,26.92,49.0,63.74
2016,0421,Administrators - Post-Secondary Education and Vocational Training,ER00,Canada,23.08,45.33,72.12
2016,0422,School Principals and Administrators of Elementary and Secondary Education,ER00,Canada,26.44,45.67,57.69
2016,0423,"Managers in Social, Community and Correctional Services",ER00,Canada,19.0,32.82,52.56
2016,0431,Commissioned Police Officers,ER00,Canada,32.94,53.33,72.12
2016,0432,Fire Chiefs and Senior Firefighting Officers,ER00,Canada,25.0,49.0,66.67
2016,0433,"Commissioned Officers, Armed Forces",ER00,Canada,19.7967,36.105442,51.322633
2016,0511,"Library, Archive, Museum and Art Gallery Managers",ER00,Canada,16.0,31.18,68.57
2016,0512,"Managers - Publishing, Motion Pictures, Broadcasting and Performing Arts",ER00,Canada,18.0,31.19,65.93
2016,0513,Recreation and Sports Program and Service Directors,ER00,Canada,16.2,27.0,46.15
2016,0601,"Sales, Marketing and Advertising Managers",ER00,Canada,19.23,38.46,64.1
2016,0621,Retail Trade Managers,ER00,Canada,14.45,27.5,54.95
2016,0631,Restaurant and Food Service Managers,ER00,Canada,12.0,19.23,37.5
2016,0632,Accommodation Service Managers,ER00,Canada,14.42,24.0,48.08
2016,0651,Other Services Managers,ER00,Canada,15.0,27.88,52.88
2016,0711,Construction Managers,ER00,Canada,20.8,38.46,58.5
2016,0712,Residential Home Builders and Renovators,ER00,Canada,13.5,18.0,28.0
2016,0714,Facility Operation and Maintenance Managers,ER00,Canada,16.92,34.62,54.57
2016,0731,Transportation Managers,ER00,Canada,19.91,34.36,60.58
2016,0811,Primary Production Managers (Except Agriculture),ER00,Canada,24.42,50.0,80.0
2016,0821,Farmers and Farm Managers,ER00,Canada,10.5,16.11,30.59
2016,0822,Nursery and Greenhouse Operators and Managers,ER00,Canada,10.5,16.29489,34.406236
2016,0823,Aquaculture Operators and Managers,ER00,Canada,10.5,18.729813,29.984254
2016,0911,Manufacturing Managers,ER00,Canada,21.63,38.46,64.1
2016,0912,Utilities Managers,ER00,Canada,25.5,48.08,71.6
2016,1111,Financial Auditors and Accountants,ER00,Canada,18.0,31.25,53.85
2016,1112,Financial and Investment Analysts,ER00,Canada,21.51,34.36,53.33
2016,1113,"Securities Agents, Investment Dealers and Brokers",ER00,Canada,16.67,30.26,64.1
2016,1114,Other Financial Officers,ER00,Canada,19.23,31.19,56.41
2016,1121,Specialists in Human Resources,ER00,Canada,20.0,32.82,52.4
2016,1122,Professional Occupations in Business Services to Management,ER00,Canada,17.31,33.0,52.88
2016,1123,Professional Occupations in Public Relations and Communications,ER00,Canada,16.22,30.22,51.28
2016,1211,"Supervisors, General Office and Administrative Support Clerks",ER00,Canada,16.0,25.0,44.23
2016,1212,"Supervisors, Finance and Insurance Clerks",ER00,Canada,16.25,25.48,38.59
2016,1213,"Supervisors, Library, Correspondence and Related Information Clerks",ER00,Canada,13.11,23.0,38.0
2016,1214,"Supervisors, Mail and Message Distribution Occupations",ER00,Canada,15.0,25.28,36.0
2016,1215,"Supervisors, Recording, Distributing and Scheduling Occupations",ER00,Canada,14.5,22.5,36.06
2016,1221,Administrative Officers,ER00,Canada,14.98,23.0,35.0
2016,1222,Executive Assistants,ER00,Canada,16.11,26.0,35.93
2016,1223,Personnel and Recruitment Officers,ER00,Canada,16.0,25.96,41.85
2016,1224,Property Administrators,ER00,Canada,11.25,21.33,37.18
2016,1225,Purchasing Agents and Officers,ER00,Canada,16.5,27.04,41.83
2016,1226,Conference and Event Planners,ER00,Canada,13.19,22.56,33.65
2016,1227,Court Officers and Justices of the Peace,ER00,Canada,18.3,26.09,37.77
2016,1228,"Immigration, Employment Insurance and Revenue Officers",ER00,Canada,19.5,29.0,39.0
2016,1241,Secretaries (Except Legal and Medical),ER00,Canada,12.0,20.0,27.83
2016,1242,Paralegal and Related Occupations,ER00,Canada,14.29,24.04,35.71
2016,1243,Medical Secretaries,ER00,Canada,12.75,19.23,26.08
2016,1251,Court Recorders and Medical Transcriptionists,ER00,Canada,14.72,22.0,29.0
2016,1252,Records Management and Filing Clerks,ER00,Canada,11.0,23.08,36.0
2016,1253,Records Management and Filing Clerks,ER00,Canada,11.25,18.0,26.0
2016,1254,"Social Policy Researchers, Consultants and Program Officers",ER00,Canada,20.66,33.33,55.92
2016,1311,Bookkeepers,ER00,Canada,12.8,20.0,31.79
2016,1312,Insurance Adjusters and Claims Examiners,ER00,Canada,18.0,26.67,43.59
2016,1313,Insurance Underwriters,ER00,Canada,17.0,27.47,43.59
2016,1314,"Assessors, Valuators and Appraisers",ER00,Canada,15.38,29.74,48.08
2016,1315,"Customs, Ship and Other Brokers",ER00,Canada,13.29,19.0,26.67
2016,1411,General Office Clerks,ER00,Canada,12.5,21.0,30.0
2016,1414,Receptionists and Switchboard Operators,ER00,Canada,11.0,16.25,24.28
2016,1415,Personnel Clerks,ER00,Canada,13.0,21.63,30.77
2016,1416,Court Clerks,ER00,Canada,21.0,25.32,32.6
2016,1422,Data Entry Clerks,ER00,Canada,11.05,17.0,26.0
2016,1423,Desktop Publishing Operators and Related Occupations,ER00,Canada,12.0,18.9,28.85
2016,1431,Accounting and Related Clerks,ER00,Canada,13.11,20.0,28.85
2016,1432,Payroll Clerks,ER00,Canada,15.0,23.32,32.97
2016,1434,"Banking, Insurance and Other Financial Clerks",ER00,Canada,13.51,19.74,27.73
2016,1435,Collectors,ER00,Canada,12.0,19.61,31.32
2016,1451,Library Clerks,ER00,Canada,11.0,19.68,28.21
2016,1452,Administrative Clerks,ER00,Canada,12.65,22.0,30.77
2016,1454,Survey Interviewers and Statistical Clerks,ER00,Canada,10.5,16.0,28.83
2016,1511,"Mail, Postal and Related Clerks",ER00,Canada,11.0,20.03,26.21
2016,1512,Letter Carriers,ER00,Canada,17.0,25.0,27.0
2016,1513,"Couriers, Messengers and Door-to-Door Distributors",ER00,Canada,10.5,15.0,27.0
2016,1521,Shippers and Receivers,ER00,Canada,11.25,17.0,25.0
2016,1522,Storekeepers and Parts Clerks,ER00,Canada,11.5,19.83,31.0
2016,1523,Production Clerks,ER00,Canada,14.42,22.19,35.9
2016,1524,Purchasing and Inventory Clerks,ER00,Canada,11.55,18.93,30.0
2016,1525,Dispatchers and Radio Operators,ER00,Canada,13.0,23.0,35.18
2016,1526,Transportation Route and Crew Schedulers,ER00,Canada,14.0,21.8,33.65
2016,2111,Physicists and Astronomers,ER00,Canada,20.0,43.27,64.9
2016,2112,Chemists,ER00,Canada,20.19,32.97,54.87
2016,2113,"Geologists, Geochemists and Geophysicists",ER00,Canada,24.73,40.82,72.12
2016,2114,Meteorologists,ER00,Canada,23.735422,41.841091,58.850522
2016,2115,Other Professional Occupations in Physical Sciences,ER00,Canada,22.95,33.65,53.85
2016,2121,Biologists and Related Scientists,ER00,Canada,19.0,34.62,51.79
2016,2122,Forestry Professionals,ER00,Canada,20.77,31.25,43.96
2016,2123,"Agricultural Representatives, Consultants and Specialists",ER00,Canada,17.5,28.85,48.08
2016,2131,Civil Engineers,ER00,Canada,24.04,38.5,60.75
2016,2132,Mechanical Engineers,ER00,Canada,23.65,38.0,57.69
2016,2133,Electrical and Electronics Engineers,ER00,Canada,24.04,41.83,62.5
2016,2134,Chemical Engineers,ER00,Canada,20.0,40.86,62.98
2016,2141,Industrial and Manufacturing Engineers,ER00,Canada,21.15,35.9,51.79
2016,2142,Metallurgical and Materials Engineers,ER00,Canada,28.85,43.96,69.33
2016,2143,Mining Engineers,ER00,Canada,20.0,40.38,72.12
2016,2144,Geological Engineers,ER00,Canada,24.98,38.94,55.5
2016,2145,Petroleum Engineers,ER00,Canada,25.0,50.48,84.28
2016,2146,Aerospace Engineers,ER00,Canada,25.0,38.46,56.73
2016,2147,Computer Engineers (Except Software Engineers),ER00,Canada,25.0,38.46,59.62
2016,2148,"Other Professional Engineers, n.e.c.",ER00,Canada,23.56,38.97,61.54
2016,2151,Architects,ER00,Canada,23.0,33.65,55.29
2016,2152,Landscape Architects,ER00,Canada,10.5,30.332382,49.768733
2016,2153,Urban and Land Use Planners,ER00,Canada,24.1,40.87,60.1
2016,2154,Land Surveyors,ER00,Canada,20.0,32.0,49.23
2016,2161,"Mathematicians, Statisticians and Actuaries",ER00,Canada,18.64,40.0,57.95
2016,2171,Information Systems Analysts and Consultants,ER00,Canada,23.0,37.44,53.85
2016,2172,Database Analysts and Data Administrators,ER00,Canada,19.71,30.81,48.36
2016,2173,Software Engineers,ER00,Canada,24.04,42.31,60.0
2016,2174,Computer Programmers and Interactive Media Developers,ER00,Canada,19.71,33.85,50.48
2016,2175,Web Designers and Developers,ER00,Canada,16.83,26.44,46.7
2016,2211,Chemical Technologists and Technicians,ER00,Canada,15.0,24.0,38.0
2016,2212,Geological and Mineral Technologists and Technicians,ER00,Canada,17.0,31.5,55.29
2016,2221,Biological Technologists and Technicians,ER00,Canada,14.8,22.0,38.46
2016,2222,Agricultural and Fish Products Inspectors,ER00,Canada,18.76,33.0,40.0
2016,2223,Forestry Technologists and Technicians,ER00,Canada,18.0,26.0,42.74
2016,2224,Conservation and Fishery Officers,ER00,Canada,16.15,30.0,44.51
2016,2225,Landscape and Horticultural Technicians and Specialists,ER00,Canada,12.8,22.5,33.65
2016,2231,Civil Engineering Technologists and Technicians,ER00,Canada,18.0,29.0,47.12
2016,2232,Mechanical Engineering Technologists and Technicians,ER00,Canada,16.84,26.67,45.05
2016,2233,Industrial Engineering and Manufacturing Technologists and Technicians,ER00,Canada,18.0,26.44,43.27
2016,2234,Construction Estimators,ER00,Canada,19.5,30.0,51.15
2016,2241,Electrical and Electronics Engineering Technologists and Technicians,ER00,Canada,16.7,29.42,46.0
2016,2242,Electronic Service Technicians (Household and Business Equipment),ER00,Canada,13.75,23.0,38.46
2016,2243,Industrial Instrument Technicians and Mechanics,ER00,Canada,22.0,36.0,52.0
2016,2244,"Aircraft Instrument, Electrical and Avionics Mechanics, Technicians and Inspectors",ER00,Canada,16.0,32.17,43.59
2016,2251,Architectural Technologists and Technicians,ER00,Canada,15.0,25.96,43.96
2016,2252,Industrial Designers,ER00,Canada,16.75,25.48,44.0
2016,2253,Drafting Technologists and Technicians,ER00,Canada,16.5,25.53,44.62
2016,2254,Land Survey Technologists and Technicians,ER00,Canada,17.0,24.0,40.0
2016,2255,Mapping and Related Technologists and Technicians,ER00,Canada,19.23,31.87,49.04
2016,2261,Nondestructive Testers and Inspectors,ER00,Canada,18.0,30.77,50.0
2016,2262,Engineering Inspectors and Regulatory Officers,ER00,Canada,21.0,38.0,51.28
2016,2263,Inspectors in Public and Environmental Health and Occupational Health and Safety,ER00,Canada,20.0,35.0,50.0
2016,2264,Construction Inspectors,ER00,Canada,19.23,30.77,50.4
2016,2271,"Air Pilots, Flight Engineers and Flying Instructors",ER00,Canada,18.32,38.46,64.1
2016,2272,Air Traffic Control and Related Occupations,ER00,Canada,18.0,42.56,74.93
2016,2273,"Deck Officers, Water Transport",ER00,Canada,19.0,30.0,47.31
2016,2274,"Engineer Officers, Water Transport",ER00,Canada,22.5,31.4,43.5
2016,2275,Railway Traffic Controllers and Marine Traffic Regulators,ER00,Canada,25.0,40.0,45.19
2016,2281,Computer and Network Operators and Web Technicians,ER00,Canada,18.25,30.77,46.15
2016,2282,User Support Technicians,ER00,Canada,14.5,25.3,43.27
2016,2283,Systems Testing Technicians,ER00,Canada,12.31,26.67,41.03
2016,3011,Head Nurses and Supervisors,ER00,Canada,20.0,38.0,48.0
2016,3012,Registered Nurses,ER00,Canada,22.0,36.0,45.0
2016,3111,Specialist Physicians,ER00,Canada,23.126,64.2895,188.2305
2016,3112,General Practitioners and Family Physicians,ER00,Canada,20.608,62.501,147.2025
2016,3113,Dentists,ER00,Canada,19.5305,59.7975,131.2565
2016,3114,Veterinarians,ER00,Canada,15.0395,40.82,73.977
2016,3121,Optometrists,ER00,Canada,19.151,47.304,89.8885
2016,3122,Chiropractors,ER00,Canada,10.484,28.73,63.173
2016,3124,Registered Nurses,ER00,Canada,22.0,36.0,45.03
2016,3125,Other Professional Occupations in Health Diagnosing and Treating,ER00,Canada,4.8705,23.137,47.5945
2016,3131,Pharmacists,ER00,Canada,24.9875,48.7435,70.4885
2016,3132,Dietitians and Nutritionists,ER00,Canada,21.81,35.0,45.47
2016,3141,Audiologists and Speech-Language Pathologists,ER00,Canada,23.42,40.0,48.08
2016,3142,Physiotherapists,ER00,Canada,24.65,36.0,45.0
2016,3143,Occupational Therapists,ER00,Canada,26.0,37.69,44.05
2016,3144,Other Professional Occupations in Therapy and Assessment,ER00,Canada,15.5,23.0,45.0
2016,3211,Medical Laboratory Technologists and Pathologists' Assistants,ER00,Canada,21.0,32.15,41.92
2016,3212,Medical Laboratory Technicians,ER00,Canada,15.5,24.77,38.5
2016,3213,Veterinary and Animal Health Technologists and Technicians,ER00,Canada,12.69,18.0,26.92
2016,3214,"Respiratory Therapists, Clinical Perfusionists and Cardio-Pulmonary Technologists",ER00,Canada,23.0,33.5,46.0
2016,3215,Medical Radiation Technologists,ER00,Canada,23.5,33.0,42.0
2016,3216,Medical Sonographers,ER00,Canada,26.8,35.0,46.0
2016,3217,Cardiology Technologists,ER00,Canada,17.9,25.0,33.0
2016,3219,Other Assisting Occupations in Support of Health Services,ER00,Canada,12.0,19.0,30.0
2016,3221,Denturists,ER00,Canada,12.0145,24.217,56.652
2016,3222,Dental Hygienists and Dental Therapists,ER00,Canada,22.6,35.0,45.0
2016,3223,"Dental Technologists, Technicians and Laboratory Bench Workers",ER00,Canada,16.0,23.0,37.14
2016,3231,Opticians,ER00,Canada,16.83,23.0,31.0
2016,3232,Midwives and Practitioners of Natural Healing,ER00,Canada,11.6,16.210608,28.748827
2016,3233,Licensed Practical Nurses,ER00,Canada,20.0,25.0,32.96
2016,3234,Ambulance Attendants and Other Paramedical Occupations,ER00,Canada,20.0,30.0,40.95
2016,3236,Other Technical Occupations in Therapy and Assessment,ER00,Canada,13.5,21.0,40.0
2016,3237,Other Technical Occupations in Therapy and Assessment,ER00,Canada,13.0,19.0,30.0
2016,3411,Dental Assistants,ER00,Canada,15.5,22.0,30.0
2016,3413,"Nurse Aides, Orderlies and Patient Service Associates",ER00,Canada,13.0,19.66,26.0
2016,3414,Other Assisting Occupations in Support of Health Services,ER00,Canada,12.4,18.27,27.0
2016,4011,University Professors,ER00,Canada,18.46,41.96,67.31
2016,4012,Post-Secondary Teaching and Research Assistants,ER00,Canada,11.0,21.15,40.0
2016,4021,College and Other Vocational Instructors,ER00,Canada,17.77,34.5,52.2
2016,4031,Secondary School Teachers,ER00,Canada,22.44,37.91,50.94
2016,4032,Elementary School and Kindergarten Teachers,ER00,Canada,20.19,35.71,49.04
2016,4033,Educational Counsellors,ER00,Canada,18.44,33.23,47.47
2016,4111,Judges,ER00,Canada,47.82283,108.49339,130.81391
2016,4112,Lawyers and Quebec Notaries,ER00,Canada,18.598,53.9145,149.471
2016,4151,Psychologists,ER00,Canada,20.0,38.46,56.41
2016,4152,Social Workers,ER00,Canada,19.0,32.4,45.0
2016,4153,"Family, Marriage and Other Related Counsellors",ER00,Canada,17.91,27.5,41.0
2016,4154,Ministers of Religion,ER00,Canada,11.54,23.08,38.0
2016,4155,Probation and Parole Officers and Related Occupations,ER00,Canada,22.44,36.12,46.0
2016,4156,Employment Counsellors,ER00,Canada,17.5,24.18,39.84
2016,4161,"Natural and Applied Science Policy Researchers, Consultants and Program Officers",ER00,Canada,23.0,35.0,55.38
2016,4162,Economists and Economic Policy Researchers and Analysts,ER00,Canada,22.97,40.5,55.63
2016,4163,Business Development Officers and Marketing Researchers and Consultants,ER00,Canada,18.04,31.41,52.88
2016,4164,"Social Policy Researchers, Consultants and Program Officers",ER00,Canada,19.75,34.69,50.33
2016,4165,"Health Policy Researchers, Consultants and Program Officers",ER00,Canada,19.0,33.0,49.45
2016,4166,"Education Policy Researchers, Consultants and Program Officers",ER00,Canada,21.43,36.81,52.88
2016,4167,"Recreation, Sports and Fitness Program Supervisors and Consultants",ER00,Canada,12.0,20.0,38.0
2016,4168,Program Officers Unique to Government,ER00,Canada,23.0,38.97,52.31
2016,4169,"Other Professional Occupations in Social Science, n.e.c.",ER00,Canada,18.0,30.77,50.26
2016,4211,Paralegal and Related Occupations,ER00,Canada,15.0,23.68,38.46
2016,4212,Community and Social Service Workers,ER00,Canada,13.95,21.0,32.5
2016,4214,Early Childhood Educators and Assistants,ER00,Canada,11.25,17.9,26.0
2016,4215,Instructors and Teachers of Persons with Disabilities,ER00,Canada,18.46,28.0,42.0
2016,4216,Other Instructors,ER00,Canada,10.5,18.0,37.44
2016,4217,Other Religious Occupations,ER00,Canada,11.0,19.04,35.0
2016,4311,Police Officers (Except Commissioned),ER00,Canada,17.0,39.23,48.56
2016,4312,Firefighters,ER00,Canada,16.4,35.71,49.0
2016,4313,Occupations Unique to the Armed Forces,ER00,Canada,15.927495,26.511065,35.315473
2016,4411,"Babysitters, Nannies and Parents' Helpers",ER00,Canada,10.5,11.77,19.5
2016,4412,"Visiting Homemakers, Housekeepers and Related Occupations",ER00,Canada,10.5,14.42,20.75
2016,4413,Elementary and Secondary School Teacher Assistants,ER00,Canada,12.5,20.51,26.75
2016,4421,Sheriffs and Bailiffs,ER00,Canada,17.31,29.0,37.0
2016,4422,Correctional Service Officers,ER00,Canada,19.23,30.08,38.46
2016,4423,"By-law Enforcement and Other Regulatory Officers, n.e.c.",ER00,Canada,13.94,29.58,45.0
2016,5111,Librarians,ER00,Canada,17.0,30.22,49.0
2016,5112,Conservators and Curators,ER00,Canada,19.5,32.69,48.9
2016,5113,Archivists,ER00,Canada,11.54,25.0,41.76
2016,5121,Authors and Writers,ER00,Canada,13.85,28.21,47.94
2016,5122,Editors,ER00,Canada,14.42,26.44,40.63
2016,5123,Journalists,ER00,Canada,15.0,30.22,52.2
2016,5125,"Translators, Terminologists and Interpreters",ER00,Canada,17.0,30.77,50.0
2016,5131,"Producers, Directors, Choreographers and Related Occupations",ER00,Canada,16.83,28.37,48.72
2016,5132,"Conductors, Composers and Arrangers",ER00,Canada,10.484,14.4235,35.853
2016,5133,Musicians and Singers,ER00,Canada,14.2,21.0,37.5
2016,5134,Dancers,ER00,Canada,16.25,30.0,45.0
2016,5135,Actors and Comedians,ER00,Canada,11.0,18.0,33.0
2016,5136,"Painters, Sculptors and Other Visual Artists",ER00,Canada,14.0,23.0,39.436932
2016,5211,Library and Archive Technicians and Assistants,ER00,Canada,16.67,28.0,42.86
2016,5212,Technical Occupations Related to Museums and Art Galleries,ER00,Canada,11.0,16.0,32.05
2016,5221,Photographers,ER00,Canada,12.0,21.98,41.03
2016,5222,Film and Video Camera Operators,ER00,Canada,15.0,26.0,37.36
2016,5223,Graphic Arts Technicians,ER00,Canada,16.75,25.82,43.96
2016,5224,Broadcast Technicians,ER00,Canada,11.0,23.0,41.0
2016,5225,Audio and Video Recording Technicians,ER00,Canada,13.0,25.0,40.31
2016,5226,"Other Technical and Coordinating Occupations in Motion Pictures, Broadcasting and the Performing Arts",ER00,Canada,14.8,24.85,40.66
2016,5227,"Support Occupations in Motion Pictures, Broadcasting and the Performing Arts",ER00,Canada,13.0,23.0,30.0
2016,5231,Announcers and Other Broadcasters,ER00,Canada,12.0,20.0,43.27
2016,5232,Other Performers,ER00,Canada,10.7,16.83,35.0
2016,5241,Graphic Designers and Illustrators,ER00,Canada,14.0,22.6,36.54
2016,5242,Interior Designers,ER00,Canada,11.0,18.0,37.5
2016,5243,"Theatre, Fashion, Exhibit and Other Creative Designers",ER00,Canada,12.5,21.63,35.0
2016,5244,Artisans and Craftspersons,ER00,Canada,10.5,16.25,31.0
2016,5245,"Patternmakers - Textile, Leather and Fur Products",ER00,Canada,10.5,23.707481,31.370992
2016,5251,Athletes,ER00,Canada,11.25,20.0,44.87
2016,5252,Coaches,ER00,Canada,10.5,15.0,30.77
2016,5253,Sports Officials and Referees,ER00,Canada,10.5,15.0,25.71
2016,5254,Program Leaders and Instructors in Recreation and Sport,ER00,Canada,10.5,14.5,27.0
2016,6211,Retail Trade Supervisors,ER00,Canada,11.25,16.61,28.85
2016,6221,Technical Sales Specialists - Wholesale Trade,ER00,Canada,12.82,25.0,48.08
2016,6222,Retail and Wholesale Buyers,ER00,Canada,12.0,19.76,35.58
2016,6231,Insurance Agents and Brokers,ER00,Canada,14.0,23.08,37.98
2016,6232,Real Estate Agents and Salespersons,ER00,Canada,10.484,22.378,57.5095
2016,6235,Loan Officers,ER00,Canada,15.0,22.53,40.0
2016,6311,Food Service Supervisors,ER00,Canada,10.76,13.0,21.0
2016,6312,Executive Housekeepers,ER00,Canada,11.0,16.0,23.0
2016,6313,Casino Occupations,ER00,Canada,12.2,19.0,31.5
2016,6314,"Supervisors, Library, Correspondence and Related Information Clerks",ER00,Canada,13.25,24.04,36.06
2016,6315,Cleaning Supervisors,ER00,Canada,13.0,21.0,35.0
2016,6316,Other Service Supervisors,ER00,Canada,11.5,19.23,32.69
2016,6321,Chefs,ER00,Canada,11.15,16.0,25.0
2016,6322,Cooks,ER00,Canada,10.5,12.5,19.1
2016,6331,Butchers and Meat Cutters - Retail and Wholesale,ER00,Canada,10.5,12.0,21.25
2016,6332,Bakers,ER00,Canada,10.5,12.5,19.85
2016,6341,Hairstylists and Barbers,ER00,Canada,10.5,13.5,22.89
2016,6342,"Tailors, Dressmakers, Furriers and Milliners",ER00,Canada,10.5,14.0,19.5
2016,6343,Shoe Repairers and Shoemakers,ER00,Canada,10.61,14.0,22.0
2016,6344,"Jewellers, Watch Repairers and Related Occupations",ER00,Canada,11.5,17.0,24.0
2016,6345,Upholsterers,ER00,Canada,10.5,18.0,30.0
2016,6346,Funeral Directors and Embalmers,ER00,Canada,10.5,19.23,31.25
2016,6411,Sales Representatives - Wholesale Trade (Non-Technical),ER00,Canada,12.79,24.04,42.5
2016,6421,Retail Salespersons and Sales Clerks,ER00,Canada,10.5,12.0,21.0
2016,6511,Maîtres d'hôtel and Hosts/Hostesses,ER00,Canada,10.5,12.0,20.19
2016,6512,Bartenders,ER00,Canada,10.5,10.5,14.67
2016,6513,Food and Beverage Servers,ER00,Canada,10.5,10.5,15.6
2016,6521,Travel Counsellors,ER00,Canada,11.84,16.34,25.48
2016,6522,Pursers and Flight Attendants,ER00,Canada,12.0,24.0,46.0
2016,6523,Airline Sales and Service Agents,ER00,Canada,11.5,18.0,28.85
2016,6524,"Ticket Agents, Cargo Service Representatives and Related Clerks (Except Airline)",ER00,Canada,11.0,16.1,25.55
2016,6525,Hotel Front Desk Clerks,ER00,Canada,11.0,13.75,20.0
2016,6531,Tour and Travel Guides,ER00,Canada,10.5,13.0,22.0
2016,6532,Outdoor Sport and Recreational Guides,ER00,Canada,11.25,15.0,23.5
2016,6533,Casino Occupations,ER00,Canada,14.5,21.0,28.85
2016,6541,Security Guards and Related Occupations,ER00,Canada,11.0,15.0,25.0
2016,6551,Customer Service Representatives - Financial Services,ER00,Canada,13.25,17.69,25.64
2016,6552,"Customer Service, Information and Related Clerks",ER00,Canada,11.0,17.25,27.47
2016,6561,"Image, Social and Other Personal Consultants",ER00,Canada,10.5,17.050153,41.883395
2016,6562,"Estheticians, Electrologists and Related Occupations",ER00,Canada,10.5,13.5,21.0
2016,6563,Pet Groomers and Animal Care Workers,ER00,Canada,10.5,12.5,22.0
2016,6564,Other Personal Service Occupations,ER00,Canada,11.25,20.83,35.0
2016,6611,Cashiers,ER00,Canada,10.5,11.0,15.0
2016,6621,Service Station Attendants,ER00,Canada,10.5,11.0,15.95
2016,6622,Grocery Clerks and Store Shelf Stockers,ER00,Canada,10.5,11.5,18.4
2016,6623,Other Elemental Sales Occupations,ER00,Canada,10.5,12.5,24.04
2016,6711,"Food Counter Attendants, Kitchen Helpers and Related Occupations",ER00,Canada,10.5,11.0,17.0
2016,6721,Other Attendants in Accommodation and Travel,ER00,Canada,11.25,17.0,25.5
2016,6722,"Operators and Attendants in Amusement, Recreation and Sport",ER00,Canada,10.5,12.0,23.7
2016,6731,Light Duty Cleaners,ER00,Canada,10.65,14.5,20.0
2016,6732,Specialized Cleaners,ER00,Canada,10.5,14.0,22.44
2016,6733,"Janitors, Caretakers and Building Superintendents",ER00,Canada,11.0,17.0,25.0
2016,6741,Dry Cleaning and Laundry Occupations,ER00,Canada,10.75,15.0,19.61
2016,6742,Other Elemental Service Occupations,ER00,Canada,10.5,12.0,20.0
2016,7201,"Contractors and Supervisors, Metal Forming, Shaping and Erecting Trades",ER00,Canada,21.0,33.25,47.5
2016,7202,"Contractors and Supervisors, Electrical Trades and Telecommunications Occupations",ER00,Canada,20.0,36.0,51.0
2016,7203,"Contractors and Supervisors, Pipefitting Trades",ER00,Canada,21.63,36.0,54.99
2016,7204,"Contractors and Supervisors, Carpentry Trades",ER00,Canada,19.23,30.77,42.13
2016,7205,"Contractors and Supervisors, Other Construction Trades, Installers, Repairers and Servicers",ER00,Canada,17.31,30.77,42.0
2016,7231,Machinists and Machining and Tooling Inspectors,ER00,Canada,17.0,24.8,35.0
2016,7232,Tool and Die Makers,ER00,Canada,16.0,26.0,34.9
2016,7233,Sheet Metal Workers,ER00,Canada,16.7,28.0,37.0
2016,7234,Boilermakers,ER00,Canada,13.64,36.0,48.6
2016,7235,Structural Metal and Platework Fabricators and Fitters,ER00,Canada,17.1,27.0,36.0
2016,7236,Ironworkers,ER00,Canada,19.5,33.0,41.9
2016,7237,Welders and Related Machine Operators,ER00,Canada,15.0,23.17,39.0
2016,7241,Electricians (Except Industrial and Power System),ER00,Canada,16.0,29.0,43.0
2016,7242,Industrial Electricians,ER00,Canada,20.0,33.0,45.0
2016,7243,Power System Electricians,ER00,Canada,22.0,36.0,46.0
2016,7244,Electrical Power Line and Cable Workers,ER00,Canada,18.5,34.65,44.0
2016,7245,Telecommunications Line and Cable Workers,ER00,Canada,16.2,28.0,36.7
2016,7246,Telecommunications Installation and Repair Workers,ER00,Canada,16.0,26.44,37.5
2016,7247,Cable Television Service and Maintenance Technicians,ER00,Canada,15.5,24.35,41.83
2016,7251,Plumbers,ER00,Canada,16.0,28.0,39.0
2016,7252,"Steamfitters, Pipefitters and Sprinkler System Installers",ER00,Canada,18.0,34.0,45.69
2016,7253,Gas Fitters,ER00,Canada,18.0,28.0,40.75
2016,7271,Carpenters,ER00,Canada,16.0,25.0,36.0
2016,7272,Cabinetmakers,ER00,Canada,13.0,19.0,30.72
2016,7281,Bricklayers,ER00,Canada,17.0,30.0,37.0
2016,7282,Concrete Finishers,ER00,Canada,17.5,27.6,35.0
2016,7283,Tilesetters,ER00,Canada,12.75,25.0,35.96
2016,7284,"Plasterers, Drywall Installers and Finishers and Lathers",ER00,Canada,15.0,25.0,35.12
2016,7291,Roofers and Shinglers,ER00,Canada,16.0,25.0,35.1
2016,7292,Glaziers,ER00,Canada,15.0,25.0,35.0
2016,7293,Insulators,ER00,Canada,16.0,28.0,40.49
2016,7294,Painters and Decorators,ER00,Canada,12.5,20.0,33.0
2016,7295,Floor Covering Installers,ER00,Canada,13.0,20.0,30.17
2016,7301,"Contractors and Supervisors, Mechanic Trades",ER00,Canada,17.7,31.0,47.57
2016,7302,"Contractors and Supervisors, Heavy Construction Equipment Crews",ER00,Canada,18.75,31.0,46.0
2016,7303,"Supervisors, Printing and Related Occupations",ER00,Canada,15.0,27.0,38.46
2016,7304,"Supervisors, Railway Transport Operations",ER00,Canada,15.0,35.0,49.04
2016,7305,"Supervisors, Motor Transport and Other Ground Transit Operators",ER00,Canada,15.35,25.38,41.03
2016,7311,Construction Millwrights and Industrial Mechanics (Except Textile),ER00,Canada,18.0,28.65,40.0
2016,7312,Heavy-Duty Equipment Mechanics,ER00,Canada,18.0,28.0,42.0
2016,7313,Refrigeration and Air Conditioning Mechanics,ER00,Canada,16.0,29.76,43.0
2016,7314,Railway Carmen/women,ER00,Canada,16.0,28.75,37.0
2016,7315,Aircraft Mechanics and Aircraft Inspectors,ER00,Canada,17.0,28.0,41.0
2016,7316,Machine Fitters,ER00,Canada,15.290396,29.297291,47.332504
2016,7318,Elevator Constructors and Mechanics,ER00,Canada,16.5,34.7,49.0
2016,7321,"Automotive Service Technicians, Truck Mechanics and Mechanical Repairers",ER00,Canada,14.0,23.0,35.0
2016,7322,Motor Vehicle Body Repairers,ER00,Canada,14.0,22.0,36.06
2016,7331,Oil and Solid Fuel Heating Mechanics,ER00,Canada,15.0,24.44,38.0
2016,7332,Electric Appliance Servicers and Repairers,ER00,Canada,13.0,19.67,29.7
2016,7333,Electrical Mechanics,ER00,Canada,16.4,23.0,32.47
2016,7334,Motorcycle and Other Related Mechanics,ER00,Canada,15.0,23.0,33.0
2016,7335,Other Small Engine and Equipment Mechanics,ER00,Canada,14.0,20.17,29.0
2016,7361,Railway and Yard Locomotive Engineers,ER00,Canada,18.0,35.0,48.08
2016,7362,Railway Conductors and Brakemen/women,ER00,Canada,16.28,28.85,42.0
2016,7371,Crane Operators,ER00,Canada,19.0,30.0,43.0
2016,7372,"Drillers and Blasters - Surface Mining, Quarrying and Construction",ER00,Canada,18.0,30.58,44.23
2016,7373,Water Well Drillers,ER00,Canada,16.0,22.5,32.75
2016,7381,Printing Press Operators,ER00,Canada,12.81,20.0,33.0
2016,7384,Other Trades and Related Occupations,ER00,Canada,12.5,21.0,35.84
2016,7441,Residential and Commercial Installers and Servicers,ER00,Canada,14.0,19.0,32.28
2016,7442,Waterworks and Gas Maintenance Workers,ER00,Canada,17.0,27.0,40.65
2016,7444,Pest Controllers and Fumigators,ER00,Canada,15.0,17.0,27.0
2016,7445,Other Repairers and Servicers,ER00,Canada,12.0,20.0,33.65
2016,7451,Longshore Workers,ER00,Canada,16.67,34.0,50.0
2016,7452,Other Attendants in Accommodation and Travel,ER00,Canada,11.0,16.49,26.6
2016,7511,Truck Drivers,ER00,Canada,14.0,20.4,32.0
2016,7512,Bus Drivers and Subway and Other Transit Operators,ER00,Canada,12.23,20.12,32.0
2016,7513,Taxi and Limousine Drivers and Chauffeurs,ER00,Canada,10.5,14.0,26.0
2016,7514,Delivery and Courier Service Drivers,ER00,Canada,11.0,15.75,27.4
2016,7521,Heavy Equipment Operators (Except Crane),ER00,Canada,17.0,26.0,36.06
2016,7522,Public Works Maintenance Equipment Operators,ER00,Canada,15.9,22.5,31.0
2016,7531,Railway Track Maintenance Workers,ER00,Canada,15.93,26.0,34.07
2016,7532,"Deck Crew, Water Transport",ER00,Canada,14.0,21.65,34.0
2016,7533,Lock and Cable Ferry Operators and Related Occupations,ER00,Canada,13.04,24.0,40.0
2016,7534,Air Transport Ramp Attendants,ER00,Canada,11.0,18.5,28.68
2016,7535,Automotive Mechanical Installers and Servicers,ER00,Canada,11.0,15.43,25.0
2016,7611,Construction Trades Helpers and Labourers,ER00,Canada,13.0,20.0,32.0
2016,7612,Public Works Maintenance Equipment Operators,ER00,Canada,11.25,17.0,32.0
2016,7621,Public Works and Maintenance Labourers,ER00,Canada,12.5,21.0,29.9
2016,7622,Railway and Motor Transport Labourers,ER00,Canada,11.0,16.0,24.0
2016,8211,"Supervisors, Logging and Forestry",ER00,Canada,15.5,25.64,38.46
2016,8221,"Supervisors, Mining and Quarrying",ER00,Canada,19.0,32.8,53.6
2016,8222,"Supervisors, Oil and Gas Drilling and Service",ER00,Canada,18.46,38.46,62.5
2016,8231,Underground Production and Development Miners,ER00,Canada,18.0,32.0,44.33
2016,8232,"Oil and Gas Well Drillers, Servicers, Testers and Related Workers",ER00,Canada,18.4,35.0,55.0
2016,8241,Logging Machinery Operators,ER00,Canada,16.0,25.0,32.0
2016,8252,Farm Supervisors and Specialized Livestock Workers,ER00,Canada,12.0,18.75,28.85
2016,8255,"Supervisors, Landscape and Horticulture",ER00,Canada,14.0,21.0,31.0
2016,8261,Fishing Masters and Officers,ER00,Canada,15.0,45.0,100.0
2016,8262,Fishing Vessel Skippers and Fishermen/women,ER00,Canada,13.33,25.0,75.0
2016,8411,Underground Mine Service and Support Workers,ER00,Canada,18.0,27.0,37.85
2016,8412,Oil and Gas Well Drilling Workers and Services Operators,ER00,Canada,17.5,30.0,43.0
2016,8421,Chainsaw and Skidder Operators,ER00,Canada,14.0,22.0,32.0
2016,8422,Silviculture and Forestry Workers,ER00,Canada,15.0,21.39,28.0
2016,8431,General Farm Workers,ER00,Canada,10.5,15.0,24.0
2016,8432,Nursery and Greenhouse Workers,ER00,Canada,10.5,11.5,22.0
2016,8441,Fishing Vessel Deckhands,ER00,Canada,12.5,20.0,71.0
2016,8442,Trappers and Hunters,ER00,Canada,10.5,15.0,34.0
2016,8611,Harvesting Labourers,ER00,Canada,10.5,11.73,24.0
2016,8612,Landscaping and Grounds Maintenance Labourers,ER00,Canada,11.0,15.0,25.15
2016,8613,Aquaculture and Marine Harvest Labourers,ER00,Canada,12.0,15.0,23.0
2016,8614,Mine Labourers,ER00,Canada,14.0,25.79,37.0
2016,8615,"Oil and Gas Drilling, Servicing and Related Labourers",ER00,Canada,17.0,25.0,38.08
2016,8616,Logging and Forestry Labourers,ER00,Canada,11.0,18.1,28.0
2016,9211,"Supervisors, Mineral and Metal Processing",ER00,Canada,17.48,26.0,41.83
2016,9212,"Supervisors, Petroleum, Gas and Chemical Processing and Utilities",ER00,Canada,16.88,31.25,52.88
2016,9213,"Supervisors, Food, Beverage and Tobacco Processing",ER00,Canada,15.0,21.85,35.1
2016,9214,"Supervisors, Plastic and Rubber Products Manufacturing",ER00,Canada,14.4,22.0,38.0
2016,9215,"Supervisors, Forest Products Processing",ER00,Canada,17.5,27.4,42.31
2016,9217,"Supervisors, Textile Processing",ER00,Canada,13.0,22.0,34.62
2016,9221,"Supervisors, Motor Vehicle Assembling",ER00,Canada,16.9,29.59,37.98
2016,9222,"Supervisors, Electronics Manufacturing",ER00,Canada,14.5,23.08,48.08
2016,9223,"Supervisors, Electrical Products Manufacturing",ER00,Canada,18.0,26.25,39.42
2016,9224,"Supervisors, Furniture and Fixtures Manufacturing",ER00,Canada,14.0,19.73,32.0
2016,9226,"Supervisors, Other Mechanical and Metal Products Manufacturing",ER00,Canada,17.21,28.0,41.11
2016,9227,"Supervisors, Other Products Manufacturing and Assembly",ER00,Canada,14.42,25.0,37.5
2016,9231,"Central Control and Process Operators, Mineral and Metal Processing",ER00,Canada,20.0,30.0,39.0
2016,9232,"Petroleum, Gas and Chemical Process Operators",ER00,Canada,18.0,34.0,53.42
2016,9235,Papermaking and Coating Control Operators,ER00,Canada,18.966423,36.061473,50.713073
2016,9241,Stationary Engineers and Auxiliary Equipment Operators,ER00,Canada,20.0,32.5,51.0
2016,9243,Water and Waste Plant Operators,ER00,Canada,16.5,26.0,36.4
2016,9411,"Machine Operators, Mineral and Metal Processing",ER00,Canada,18.0,27.34,39.44
2016,9412,Foundry Workers,ER00,Canada,11.0,22.0,35.0
2016,9413,Glass Forming and Finishing Machine Operators and Glass Cutters,ER00,Canada,13.75,16.15,27.95
2016,9414,"Concrete, Clay and Stone Forming Operators",ER00,Canada,14.9,20.92,27.25
2016,9415,"Inspectors and Testers, Mineral and Metal Processing",ER00,Canada,18.44,22.4,32.0
2016,9416,Metalworking Machine Operators,ER00,Canada,13.0,18.0,27.75
2016,9417,Machining Tool Operators,ER00,Canada,14.6,21.0,30.0
2016,9418,Other Metal Products Machine Operators,ER00,Canada,12.28,17.0,26.0
2016,9421,Chemical Plant Machine Operators,ER00,Canada,12.79,19.25,32.0
2016,9422,Plastics Processing Machine Operators,ER00,Canada,11.0,17.0,27.0
2016,9423,Rubber Processing Machine Operators and Related Workers,ER00,Canada,13.0,20.0,27.89
2016,9431,Sawmill Machine Operators,ER00,Canada,14.0,23.0,30.5
2016,9432,Pulp Mill Machine Operators,ER00,Canada,20.19,28.85,33.08
2016,9433,Papermaking and Finishing Machine Operators,ER00,Canada,15.0,26.0,34.72
2016,9434,Other Wood Processing Machine Operators,ER00,Canada,13.4,20.78,29.53
2016,9435,Paper Converting Machine Operators,ER00,Canada,12.0,20.0,28.0
2016,9436,Lumber Graders and Other Wood Processing Inspectors and Graders,ER00,Canada,14.0,21.34,32.0
2016,9437,Woodworking Machine Operators,ER00,Canada,11.5,16.0,22.0
2016,9441,Textile Fibre and Yarn Preparation Machine Operators,ER00,Canada,12.0,16.0,25.0
2016,9442,"Weavers, Knitters and Other Fabric-Making Occupations",ER00,Canada,11.0,13.0,23.0
2016,9445,"Fabric, Fur and Leather Cutters",ER00,Canada,10.5,13.67,18.0
2016,9446,Sewing Machine Operators,ER00,Canada,10.5,12.75,20.0
2016,9447,"Textile Inspectors, Graders and Samplers",ER00,Canada,10.6,12.0,18.69
2016,9461,"Process Control and Machine Operators, Food and Beverage Processing",ER00,Canada,12.0,18.0,26.74
2016,9462,"Industrial Butchers and Meat Cutters, Poultry Preparers and Related Workers",ER00,Canada,13.0,17.75,22.0
2016,9463,Fish Plant Workers,ER00,Canada,10.5,12.97,20.39
2016,9465,"Testers and Graders, Food and Beverage Processing",ER00,Canada,11.75,19.0,32.73
2016,9471,Printing Machine Operators,ER00,Canada,13.75,17.0,26.79
2016,9472,"Camera, Platemaking and Other Pre-Press Occupations",ER00,Canada,15.15,22.0,37.0
2016,9473,Binding and Finishing Machine Operators,ER00,Canada,11.0,16.0,24.0
2016,9474,Photographic and Film Processors,ER00,Canada,11.0,13.6,20.0
2016,9521,Aircraft Assemblers and Aircraft Assembly Inspectors,ER00,Canada,15.0,31.0,35.58
2016,9522,"Motor Vehicle Assemblers, Inspectors and Testers",ER00,Canada,15.05,27.0,35.0
2016,9523,"Electronics Assemblers, Fabricators, Inspectors and Testers",ER00,Canada,11.0,17.0,27.0
2016,9524,"Assemblers and Inspectors, Electrical Appliance, Apparatus and Equipment Manufacturing",ER00,Canada,11.5,16.0,24.0
2016,9525,"Assemblers, Fabricators and Inspectors, Industrial Electrical Motors and Transformers",ER00,Canada,12.9,18.0,28.0
2016,9526,Mechanical Assemblers and Inspectors,ER00,Canada,15.0,21.7,30.0
2016,9527,"Machine Operators and Inspectors, Electrical Apparatus Manufacturing",ER00,Canada,11.990284,20.515763,31.223812
2016,9531,Boat Assemblers and Inspectors,ER00,Canada,13.0,17.0,26.0
2016,9532,Furniture and Fixture Assemblers and Inspectors,ER00,Canada,11.55,16.0,26.0
2016,9533,Other Wood Products Assemblers and Inspectors,ER00,Canada,12.0,15.65,25.53
2016,9534,Furniture Finishers and Refinishers,ER00,Canada,12.5,17.76,25.0
2016,9535,"Plastic Products Assemblers, Finishers and Inspectors",ER00,Canada,12.69,17.0,25.0
2016,9536,Painters and Coaters - Industrial,ER00,Canada,13.75,20.0,30.56
2016,9537,Other Assemblers and Inspectors,ER00,Canada,11.0,16.0,26.0
2016,9611,Labourers in Mineral and Metal Processing,ER00,Canada,14.0,21.5,32.0
2016,9612,Labourers in Metal Fabrication,ER00,Canada,12.0,17.0,25.0
2016,9613,Labourers in Chemical Products Processing and Utilities,ER00,Canada,11.0,19.0,28.85
2016,9614,"Labourers in Wood, Pulp and Paper Processing",ER00,Canada,12.0,18.0,28.0
2016,9615,Labourers in Rubber and Plastic Products Manufacturing,ER00,Canada,11.25,15.0,23.0
2016,9616,Labourers in Textile Processing,ER00,Canada,10.5,12.0,16.73
2016,9617,"Labourers in Food, Beverage and Tobacco Processing",ER00,Canada,10.95,15.0,22.0
2016,9618,Labourers in Fish Processing,ER00,Canada,10.5,13.1,18.0
2016,9619,"Other Labourers in Processing, Manufacturing and Utilities",ER00,Canada,10.5,12.0,23.0
2017,0011,Legislators,ER00,Canada,10.9715,31.5165,74.947
2017,0012,Senior Government Managers and Officials,ER00,Canada,23.99,47.0,79.33
2017,0013,"Senior Managers - Financial, Communications and Other Business Services",ER00,Canada,23.06,48.08,80.77
2017,0014,"Senior Managers - Health, Education, Social and Community Services and Membership Organizations",ER00,Canada,12.7,43.27,76.92
2017,0015,"Senior Managers - Trade, Broadcasting and Other Services, n.c.a.",ER00,Canada,18.0,35.89,85.1
2017,0016,"Senior Managers - Goods Production, Utilities, Transportation and Construction",ER00,Canada,24.65,48.99,84.13
2017,0111,Financial Managers,ER00,Canada,22.0,41.46,69.71
2017,0112,Human Resources Managers,ER00,Canada,23.0,39.56,63.0
2017,0113,Purchasing Managers,ER00,Canada,22.72,40.66,67.31
2017,0114,Other Administrative Services Managers,ER00,Canada,20.0,36.32,64.9
2017,0121,"Insurance, Real Estate and Financial Brokerage Managers",ER00,Canada,23.08,49.7,72.12
2017,0122,"Banking, Credit and Other Investment Managers",ER00,Canada,24.04,42.31,66.15
2017,0124,"Sales, Marketing and Advertising Managers",ER00,Canada,21.15,40.0,67.31
2017,0125,Other Business Services Managers,ER00,Canada,22.12,41.11,72.12
2017,0131,Telecommunication Carriers Managers,ER00,Canada,24.0,41.6,60.1
2017,0132,Postal and Courier Services Managers,ER00,Canada,16.0,40.52,64.1
2017,0211,Engineering Managers,ER00,Canada,28.3,50.96,77.88
2017,0212,Architecture and Science Managers,ER00,Canada,20.51,44.23,71.28
2017,0213,Computer and Information Systems Managers,ER00,Canada,26.44,48.08,70.85
2017,0311,Managers in Health Care,ER00,Canada,22.0,43.75,60.51
2017,0411,Government Managers - Health and Social Policy Development and Program Administration,ER00,Canada,30.38,50.26,66.67
2017,0412,"Government Managers - Economic Analysis, Policy Development and Program Administration",ER00,Canada,31.95,55.0,71.79
2017,0413,Government Managers - Education Policy Development and Program Administration,ER00,Canada,28.86,45.69,65.12
2017,0414,Other Managers in Public Administration,ER00,Canada,29.0,51.28,68.87
2017,0421,Administrators - Post-Secondary Education and Vocational Training,ER00,Canada,23.08,45.0,72.12
2017,0422,School Principals and Administrators of Elementary and Secondary Education,ER00,Canada,26.73,45.19,58.79
2017,0423,"Managers in Social, Community and Correctional Services",ER00,Canada,18.0,34.13,52.88
2017,0431,Commissioned Police Officers,ER00,Canada,31.39,50.43,72.12
2017,0432,Fire Chiefs and Senior Firefighting Officers,ER00,Canada,39.86,57.14,90.66
2017,0433,"Commissioned Officers, Armed Forces",ER00,Canada,19.8,36.11,51.32
2017,0511,"Library, Archive, Museum and Art Gallery Managers",ER00,Canada,17.6,30.82,56.04
2017,0512,"Managers - Publishing, Motion Pictures, Broadcasting and Performing Arts",ER00,Canada,18.32,34.62,66.24
2017,0513,Recreation and Sports Program and Service Directors,ER00,Canada,16.0,26.92,45.12
2017,0601,"Sales, Marketing and Advertising Managers",ER00,Canada,20.19,40.87,69.23
2017,0621,Retail Trade Managers,ER00,Canada,15.0,29.0,57.69
2017,0631,Restaurant and Food Service Managers,ER00,Canada,12.25,19.5,39.0
2017,0632,Accommodation Service Managers,ER00,Canada,14.42,25.0,48.08
2017,0651,Other Services Managers,ER00,Canada,12.5,23.85,43.27
2017,0711,Construction Managers,ER00,Canada,21.64,38.46,57.69
2017,0712,Residential Home Builders and Renovators,ER00,Canada,14.0,19.0,29.0
2017,0714,Facility Operation and Maintenance Managers,ER00,Canada,17.31,36.0,57.0
2017,0731,Transportation Managers,ER00,Canada,19.91,34.62,62.5
2017,0811,Primary Production Managers (Except Agriculture),ER00,Canada,25.0,48.08,81.73
2017,0821,Farmers and Farm Managers,ER00,Canada,10.85,17.82,37.0
2017,0822,Nursery and Greenhouse Operators and Managers,ER00,Canada,10.85,16.29,34.41
2017,0823,Aquaculture Operators and Managers,ER00,Canada,10.85,18.73,29.98
2017,0911,Manufacturing Managers,ER00,Canada,21.6,38.46,62.5
2017,0912,Utilities Managers,ER00,Canada,31.25,54.0,72.12
2017,1111,Financial Auditors and Accountants,ER00,Canada,18.0,31.79,55.29
2017,1112,Financial and Investment Analysts,ER00,Canada,21.63,33.85,52.98
2017,1113,"Securities Agents, Investment Dealers and Brokers",ER00,Canada,19.23,33.33,70.51
2017,1114,Other Financial Officers,ER00,Canada,19.23,31.25,57.69
2017,1121,Specialists in Human Resources,ER00,Canada,20.57,33.76,53.1
2017,1122,Professional Occupations in Business Services to Management,ER00,Canada,18.27,34.62,51.86
2017,1123,Professional Occupations in Public Relations and Communications,ER00,Canada,16.35,29.0,50.26
2017,1211,"Supervisors, General Office and Administrative Support Clerks",ER00,Canada,15.56,25.07,42.5
2017,1212,"Supervisors, Finance and Insurance Clerks",ER00,Canada,16.25,26.44,41.58
2017,1213,"Supervisors, Library, Correspondence and Related Information Clerks",ER00,Canada,17.15,24.62,40.6
2017,1214,"Supervisors, Mail and Message Distribution Occupations",ER00,Canada,15.0,25.96,37.0
2017,1215,"Supervisors, Recording, Distributing and Scheduling Occupations",ER00,Canada,15.0,23.45,38.46
2017,1221,Administrative Officers,ER00,Canada,15.0,23.5,35.53
2017,1222,Executive Assistants,ER00,Canada,15.0,26.0,37.87
2017,1223,Personnel and Recruitment Officers,ER00,Canada,16.83,27.4,43.27
2017,1224,Property Administrators,ER00,Canada,12.0,22.12,37.98
2017,1225,Purchasing Agents and Officers,ER00,Canada,17.0,27.95,44.09
2017,1226,Conference and Event Planners,ER00,Canada,13.02,22.75,33.65
2017,1227,Court Officers and Justices of the Peace,ER00,Canada,18.75,26.0,36.06
2017,1228,"Immigration, Employment Insurance and Revenue Officers",ER00,Canada,20.88,29.0,39.0
2017,1241,Secretaries (Except Legal and Medical),ER00,Canada,13.55,21.03,29.64
2017,1242,Paralegal and Related Occupations,ER00,Canada,15.0,24.59,35.0
2017,1243,Medical Secretaries,ER00,Canada,14.0,20.99,28.5
2017,1251,Court Recorders and Medical Transcriptionists,ER00,Canada,13.0,21.18,29.0
2017,1252,Records Management and Filing Clerks,ER00,Canada,11.0,23.45,35.16
2017,1253,Records Management and Filing Clerks,ER00,Canada,15.25,20.7,31.28
2017,1254,"Social Policy Researchers, Consultants and Program Officers",ER00,Canada,18.0,31.73,47.8
2017,1311,Bookkeepers,ER00,Canada,13.0,20.88,34.07
2017,1312,Insurance Adjusters and Claims Examiners,ER00,Canada,18.13,27.0,42.0
2017,1313,Insurance Underwriters,ER00,Canada,18.0,28.07,43.59
2017,1314,"Assessors, Valuators and Appraisers",ER00,Canada,16.83,28.85,48.0
2017,1315,"Customs, Ship and Other Brokers",ER00,Canada,13.29,22.5,28.75
2017,1411,General Office Clerks,ER00,Canada,12.82,21.0,30.4
2017,1414,Receptionists and Switchboard Operators,ER00,Canada,11.5,17.0,25.0
2017,1415,Personnel Clerks,ER00,Canada,13.75,22.0,30.76
2017,1416,Court Clerks,ER00,Canada,20.67,26.0,33.05
2017,1422,Data Entry Clerks,ER00,Canada,12.0,17.5,26.67
2017,1423,Desktop Publishing Operators and Related Occupations,ER00,Canada,12.5,22.0,28.85
2017,1431,Accounting and Related Clerks,ER00,Canada,13.85,20.19,30.0
2017,1432,Payroll Clerks,ER00,Canada,15.0,23.69,32.56
2017,1434,"Banking, Insurance and Other Financial Clerks",ER00,Canada,14.0,20.0,28.85
2017,1435,Collectors,ER00,Canada,11.45,19.23,30.09
2017,1451,Library Clerks,ER00,Canada,11.0,20.0,29.0
2017,1452,Administrative Clerks,ER00,Canada,12.82,22.4,32.45
2017,1454,Survey Interviewers and Statistical Clerks,ER00,Canada,11.0,17.0,30.0
2017,1511,"Mail, Postal and Related Clerks",ER00,Canada,12.0,20.65,26.5
2017,1512,Letter Carriers,ER00,Canada,17.0,25.0,27.0
2017,1513,"Couriers, Messengers and Door-to-Door Distributors",ER00,Canada,10.85,16.0,27.0
2017,1521,Shippers and Receivers,ER00,Canada,11.9,17.0,25.5
2017,1522,Storekeepers and Parts Clerks,ER00,Canada,13.0,20.0,31.73
2017,1523,Production Clerks,ER00,Canada,14.0,23.85,37.8
2017,1524,Purchasing and Inventory Clerks,ER00,Canada,11.6,18.27,30.0
2017,1525,Dispatchers and Radio Operators,ER00,Canada,14.0,22.65,35.18
2017,1526,Transportation Route and Crew Schedulers,ER00,Canada,15.0,24.62,37.91
2017,2111,Physicists and Astronomers,ER00,Canada,22.86,43.59,70.26
2017,2112,Chemists,ER00,Canada,21.0,32.97,57.69
2017,2113,"Geologists, Geochemists and Geophysicists",ER00,Canada,24.0,40.63,68.37
2017,2114,Meteorologists,ER00,Canada,23.74,41.84,58.85
2017,2115,Other Professional Occupations in Physical Sciences,ER00,Canada,20.79,38.46,51.28
2017,2121,Biologists and Related Scientists,ER00,Canada,20.0,36.06,55.08
2017,2122,Forestry Professionals,ER00,Canada,22.15,35.0,50.48
2017,2123,"Agricultural Representatives, Consultants and Specialists",ER00,Canada,17.5,30.29,43.59
2017,2131,Civil Engineers,ER00,Canada,24.04,38.5,62.0
2017,2132,Mechanical Engineers,ER00,Canada,23.09,38.46,59.0
2017,2133,Electrical and Electronics Engineers,ER00,Canada,25.64,40.87,64.9
2017,2134,Chemical Engineers,ER00,Canada,23.0,40.87,69.71
2017,2141,Industrial and Manufacturing Engineers,ER00,Canada,22.73,35.58,56.41
2017,2142,Metallurgical and Materials Engineers,ER00,Canada,28.0,47.18,72.12
2017,2143,Mining Engineers,ER00,Canada,25.0,43.94,72.12
2017,2144,Geological Engineers,ER00,Canada,25.0,40.87,55.5
2017,2145,Petroleum Engineers,ER00,Canada,27.0,50.0,80.0
2017,2146,Aerospace Engineers,ER00,Canada,22.5,42.79,60.0
2017,2147,Computer Engineers (Except Software Engineers),ER00,Canada,25.64,40.0,60.0
2017,2148,"Other Professional Engineers, n.e.c.",ER00,Canada,23.0,40.87,62.05
2017,2151,Architects,ER00,Canada,23.0,31.79,48.08
2017,2152,Landscape Architects,ER00,Canada,10.85,30.33,49.77
2017,2153,Urban and Land Use Planners,ER00,Canada,24.73,41.5,60.1
2017,2154,Land Surveyors,ER00,Canada,19.9,32.0,50.55
2017,2161,"Mathematicians, Statisticians and Actuaries",ER00,Canada,20.0,40.38,59.34
2017,2171,Information Systems Analysts and Consultants,ER00,Canada,23.56,38.46,55.29
2017,2172,Database Analysts and Data Administrators,ER00,Canada,19.23,33.65,50.0
2017,2173,Software Engineers,ER00,Canada,25.13,43.27,62.5
2017,2174,Computer Programmers and Interactive Media Developers,ER00,Canada,20.0,34.62,52.4
2017,2175,Web Designers and Developers,ER00,Canada,17.0,27.55,47.18
2017,2211,Chemical Technologists and Technicians,ER00,Canada,16.0,25.0,38.46
2017,2212,Geological and Mineral Technologists and Technicians,ER00,Canada,17.56,30.29,54.95
2017,2221,Biological Technologists and Technicians,ER00,Canada,15.5,24.0,38.46
2017,2222,Agricultural and Fish Products Inspectors,ER00,Canada,17.35,30.67,40.0
2017,2223,Forestry Technologists and Technicians,ER00,Canada,17.5,27.0,41.54
2017,2224,Conservation and Fishery Officers,ER00,Canada,14.0,28.0,44.51
2017,2225,Landscape and Horticultural Technicians and Specialists,ER00,Canada,14.0,22.5,32.5
2017,2231,Civil Engineering Technologists and Technicians,ER00,Canada,18.25,30.0,46.0
2017,2232,Mechanical Engineering Technologists and Technicians,ER00,Canada,17.0,28.0,44.62
2017,2233,Industrial Engineering and Manufacturing Technologists and Technicians,ER00,Canada,17.4,26.0,46.1
2017,2234,Construction Estimators,ER00,Canada,18.75,29.0,50.77
2017,2241,Electrical and Electronics Engineering Technologists and Technicians,ER00,Canada,18.8,31.0,49.45
2017,2242,Electronic Service Technicians (Household and Business Equipment),ER00,Canada,14.1,23.13,43.0
2017,2243,Industrial Instrument Technicians and Mechanics,ER00,Canada,23.0,38.0,55.0
2017,2244,"Aircraft Instrument, Electrical and Avionics Mechanics, Technicians and Inspectors",ER00,Canada,17.5,36.06,60.44
2017,2251,Architectural Technologists and Technicians,ER00,Canada,16.0,25.0,42.05
2017,2252,Industrial Designers,ER00,Canada,17.0,25.0,45.0
2017,2253,Drafting Technologists and Technicians,ER00,Canada,17.04,26.0,45.67
2017,2254,Land Survey Technologists and Technicians,ER00,Canada,18.0,26.0,36.2
2017,2255,Mapping and Related Technologists and Technicians,ER00,Canada,19.4,32.29,47.81
2017,2261,Nondestructive Testers and Inspectors,ER00,Canada,19.0,32.0,50.0
2017,2262,Engineering Inspectors and Regulatory Officers,ER00,Canada,20.2,38.48,53.33
2017,2263,Inspectors in Public and Environmental Health and Occupational Health and Safety,ER00,Canada,20.0,34.36,49.39
2017,2264,Construction Inspectors,ER00,Canada,20.0,31.16,51.0
2017,2271,"Air Pilots, Flight Engineers and Flying Instructors",ER00,Canada,17.31,37.0,66.67
2017,2272,Air Traffic Control and Related Occupations,ER00,Canada,21.0,43.0,75.97
2017,2273,"Deck Officers, Water Transport",ER00,Canada,21.03,35.0,50.0
2017,2274,"Engineer Officers, Water Transport",ER00,Canada,22.5,34.0,46.15
2017,2275,Railway Traffic Controllers and Marine Traffic Regulators,ER00,Canada,16.0,37.5,46.32
2017,2281,Computer and Network Operators and Web Technicians,ER00,Canada,18.0,31.0,48.21
2017,2282,User Support Technicians,ER00,Canada,15.0,27.0,44.62
2017,2283,Systems Testing Technicians,ER00,Canada,12.0,28.85,41.03
2017,3011,Head Nurses and Supervisors,ER00,Canada,22.0,39.48,49.0
2017,3012,Registered Nurses,ER00,Canada,22.8,36.0,45.64
2017,3111,Specialist Physicians,ER00,Canada,23.126,64.2895,188.2305
2017,3112,General Practitioners and Family Physicians,ER00,Canada,20.608,62.501,147.2025
2017,3113,Dentists,ER00,Canada,19.5305,59.7975,131.2565
2017,3114,Veterinarians,ER00,Canada,15.0395,40.82,73.977
2017,3121,Optometrists,ER00,Canada,19.151,47.304,89.8885
2017,3122,Chiropractors,ER00,Canada,10.9715,28.73,63.173
2017,3124,Registered Nurses,ER00,Canada,28.0,40.63,51.28
2017,3125,Other Professional Occupations in Health Diagnosing and Treating,ER00,Canada,10.9715,23.137,47.5945
2017,3131,Pharmacists,ER00,Canada,24.9875,48.7435,70.4885
2017,3132,Dietitians and Nutritionists,ER00,Canada,20.51,36.06,43.59
2017,3141,Audiologists and Speech-Language Pathologists,ER00,Canada,23.63,40.0,50.0
2017,3142,Physiotherapists,ER00,Canada,25.0,36.0,45.0
2017,3143,Occupational Therapists,ER00,Canada,28.85,38.46,46.9
2017,3144,Other Professional Occupations in Therapy and Assessment,ER00,Canada,16.0,23.08,43.0
2017,3211,Medical Laboratory Technologists and Pathologists' Assistants,ER00,Canada,22.0,32.05,41.92
2017,3212,Medical Laboratory Technicians,ER00,Canada,16.0,25.0,38.15
2017,3213,Veterinary and Animal Health Technologists and Technicians,ER00,Canada,13.0,17.15,26.27
2017,3214,"Respiratory Therapists, Clinical Perfusionists and Cardio-Pulmonary Technologists",ER00,Canada,22.17,34.0,45.8
2017,3215,Medical Radiation Technologists,ER00,Canada,23.86,33.0,43.5
2017,3216,Medical Sonographers,ER00,Canada,25.0,34.62,45.0
2017,3217,Cardiology Technologists,ER00,Canada,16.71,28.0,38.0
2017,3219,Other Assisting Occupations in Support of Health Services,ER00,Canada,12.5,19.0,28.78
2017,3221,Denturists,ER00,Canada,12.0145,24.217,56.652
2017,3222,Dental Hygienists and Dental Therapists,ER00,Canada,24.0,35.0,47.0
2017,3223,"Dental Technologists, Technicians and Laboratory Bench Workers",ER00,Canada,16.0,23.0,35.9
2017,3231,Opticians,ER00,Canada,15.0,23.08,31.66
2017,3232,Midwives and Practitioners of Natural Healing,ER00,Canada,13.0,18.0,30.01
2017,3233,Licensed Practical Nurses,ER00,Canada,19.35,25.8,33.95
2017,3234,Ambulance Attendants and Other Paramedical Occupations,ER00,Canada,21.0,31.0,41.09
2017,3236,Other Technical Occupations in Therapy and Assessment,ER00,Canada,13.0,21.37,38.0
2017,3237,Other Technical Occupations in Therapy and Assessment,ER00,Canada,14.4,22.0,31.02
2017,3411,Dental Assistants,ER00,Canada,16.0,21.5,30.0
2017,3413,"Nurse Aides, Orderlies and Patient Service Associates",ER00,Canada,13.45,19.92,26.0
2017,3414,Other Assisting Occupations in Support of Health Services,ER00,Canada,13.0,19.2,28.0
2017,4011,University Professors,ER00,Canada,20.5,44.23,71.43
2017,4012,Post-Secondary Teaching and Research Assistants,ER00,Canada,11.0,22.0,41.21
2017,4021,College and Other Vocational Instructors,ER00,Canada,18.97,35.0,53.85
2017,4031,Secondary School Teachers,ER00,Canada,23.24,40.0,51.92
2017,4032,Elementary School and Kindergarten Teachers,ER00,Canada,20.67,36.3,49.28
2017,4033,Educational Counsellors,ER00,Canada,16.0,34.0,48.08
2017,4111,Judges,ER00,Canada,47.82,108.49,130.81
2017,4112,Lawyers and Quebec Notaries,ER00,Canada,18.598,53.9145,149.471
2017,4151,Psychologists,ER00,Canada,20.0,40.0,57.69
2017,4152,Social Workers,ER00,Canada,19.0,32.29,45.0
2017,4153,"Family, Marriage and Other Related Counsellors",ER00,Canada,17.65,27.04,41.21
2017,4154,Ministers of Religion,ER00,Canada,12.0,23.08,39.6
2017,4155,Probation and Parole Officers and Related Occupations,ER00,Canada,24.0,36.0,45.6
2017,4156,Employment Counsellors,ER00,Canada,17.5,24.62,36.0
2017,4161,"Natural and Applied Science Policy Researchers, Consultants and Program Officers",ER00,Canada,23.09,38.26,57.44
2017,4162,Economists and Economic Policy Researchers and Analysts,ER00,Canada,23.59,41.76,55.29
2017,4163,Business Development Officers and Marketing Researchers and Consultants,ER00,Canada,18.75,33.33,54.4
2017,4164,"Social Policy Researchers, Consultants and Program Officers",ER00,Canada,20.05,35.9,50.14
2017,4165,"Health Policy Researchers, Consultants and Program Officers",ER00,Canada,18.8,33.4,49.04
2017,4166,"Education Policy Researchers, Consultants and Program Officers",ER00,Canada,20.83,35.16,52.88
2017,4167,"Recreation, Sports and Fitness Program Supervisors and Consultants",ER00,Canada,13.25,22.0,42.05
2017,4168,Program Officers Unique to Government,ER00,Canada,20.34,39.42,51.28
2017,4169,"Other Professional Occupations in Social Science, n.e.c.",ER00,Canada,20.0,32.0,50.77
2017,4211,Paralegal and Related Occupations,ER00,Canada,15.0,25.08,43.0
2017,4212,Community and Social Service Workers,ER00,Canada,14.0,21.0,32.0
2017,4214,Early Childhood Educators and Assistants,ER00,Canada,12.0,18.0,25.53
2017,4215,Instructors and Teachers of Persons with Disabilities,ER00,Canada,17.79,28.0,45.58
2017,4216,Other Instructors,ER00,Canada,11.0,18.46,38.46
2017,4217,Other Religious Occupations,ER00,Canada,10.85,19.23,39.18
2017,4311,Police Officers (Except Commissioned),ER00,Canada,22.0,40.38,50.96
2017,4312,Firefighters,ER00,Canada,20.8,37.95,51.0
2017,4313,Occupations Unique to the Armed Forces,ER00,Canada,15.93,26.51,35.32
2017,4411,"Babysitters, Nannies and Parents' Helpers",ER00,Canada,10.85,12.5,20.0
2017,4412,"Visiting Homemakers, Housekeepers and Related Occupations",ER00,Canada,11.0,15.0,21.25
2017,4413,Elementary and Secondary School Teacher Assistants,ER00,Canada,13.0,21.26,28.0
2017,4421,Sheriffs and Bailiffs,ER00,Canada,18.0,28.85,46.15
2017,4422,Correctional Service Officers,ER00,Canada,21.0,31.25,39.9
2017,4423,"By-law Enforcement and Other Regulatory Officers, n.e.c.",ER00,Canada,18.0,32.0,46.62
2017,5111,Librarians,ER00,Canada,17.21,30.39,48.0
2017,5112,Conservators and Curators,ER00,Canada,19.5,28.85,48.9
2017,5113,Archivists,ER00,Canada,11.54,25.0,41.76
2017,5121,Authors and Writers,ER00,Canada,16.83,27.0,43.59
2017,5122,Editors,ER00,Canada,15.0,25.0,37.14
2017,5123,Journalists,ER00,Canada,16.0,31.0,46.7
2017,5125,"Translators, Terminologists and Interpreters",ER00,Canada,15.0,28.85,41.67
2017,5131,"Producers, Directors, Choreographers and Related Occupations",ER00,Canada,16.0,25.72,46.15
2017,5132,"Conductors, Composers and Arrangers",ER00,Canada,10.9715,14.4235,35.853
2017,5133,Musicians and Singers,ER00,Canada,13.0,21.15,30.0
2017,5134,Dancers,ER00,Canada,17.0,30.0,48.0
2017,5135,Actors and Comedians,ER00,Canada,11.0,15.75,32.75
2017,5136,"Painters, Sculptors and Other Visual Artists",ER00,Canada,14.0,24.11,38.86
2017,5211,Library and Archive Technicians and Assistants,ER00,Canada,15.0,26.44,40.87
2017,5212,Technical Occupations Related to Museums and Art Galleries,ER00,Canada,11.25,16.75,30.77
2017,5221,Photographers,ER00,Canada,11.25,16.0,41.03
2017,5222,Film and Video Camera Operators,ER00,Canada,15.75,27.0,37.36
2017,5223,Graphic Arts Technicians,ER00,Canada,15.0,23.08,39.66
2017,5224,Broadcast Technicians,ER00,Canada,13.0,23.0,34.8
2017,5225,Audio and Video Recording Technicians,ER00,Canada,11.54,25.96,46.63
2017,5226,"Other Technical and Coordinating Occupations in Motion Pictures, Broadcasting and the Performing Arts",ER00,Canada,15.0,25.0,40.0
2017,5227,"Support Occupations in Motion Pictures, Broadcasting and the Performing Arts",ER00,Canada,14.0,22.15,32.0
2017,5231,Announcers and Other Broadcasters,ER00,Canada,11.54,19.75,41.83
2017,5232,Other Performers,ER00,Canada,10.85,16.83,35.0
2017,5241,Graphic Designers and Illustrators,ER00,Canada,15.0,23.92,38.46
2017,5242,Interior Designers,ER00,Canada,11.54,18.53,34.87
2017,5243,"Theatre, Fashion, Exhibit and Other Creative Designers",ER00,Canada,13.0,24.04,38.46
2017,5244,Artisans and Craftspersons,ER00,Canada,11.0,15.0,23.5
2017,5245,"Patternmakers - Textile, Leather and Fur Products",ER00,Canada,12.0,26.44,33.0
2017,5251,Athletes,ER00,Canada,12.0,18.5,38.39
2017,5252,Coaches,ER00,Canada,11.0,15.5,31.05
2017,5253,Sports Officials and Referees,ER00,Canada,10.85,14.5,22.5
2017,5254,Program Leaders and Instructors in Recreation and Sport,ER00,Canada,11.0,15.0,26.67
2017,6211,Retail Trade Supervisors,ER00,Canada,11.5,16.83,28.85
2017,6221,Technical Sales Specialists - Wholesale Trade,ER00,Canada,13.0,25.0,48.08
2017,6222,Retail and Wholesale Buyers,ER00,Canada,12.5,21.0,35.0
2017,6231,Insurance Agents and Brokers,ER00,Canada,14.0,23.0,36.58
2017,6232,Real Estate Agents and Salespersons,ER00,Canada,10.9715,22.378,57.5095
2017,6235,Loan Officers,ER00,Canada,14.04,23.08,38.46
2017,6311,Food Service Supervisors,ER00,Canada,11.0,13.48,21.5
2017,6312,Executive Housekeepers,ER00,Canada,12.0,15.87,23.08
2017,6313,Casino Occupations,ER00,Canada,12.87,19.23,30.77
2017,6314,"Supervisors, Library, Correspondence and Related Information Clerks",ER00,Canada,13.0,22.05,35.0
2017,6315,Cleaning Supervisors,ER00,Canada,12.5,20.0,35.0
2017,6316,Other Service Supervisors,ER00,Canada,12.0,18.04,33.0
2017,6321,Chefs,ER00,Canada,11.5,16.43,25.64
2017,6322,Cooks,ER00,Canada,10.85,13.0,19.38
2017,6331,Butchers and Meat Cutters - Retail and Wholesale,ER00,Canada,10.85,13.0,21.84
2017,6332,Bakers,ER00,Canada,10.85,13.0,20.0
2017,6341,Hairstylists and Barbers,ER00,Canada,10.85,14.0,23.0
2017,6342,"Tailors, Dressmakers, Furriers and Milliners",ER00,Canada,10.85,14.0,23.0
2017,6343,Shoe Repairers and Shoemakers,ER00,Canada,10.85,14.0,21.0
2017,6344,"Jewellers, Watch Repairers and Related Occupations",ER00,Canada,13.0,16.47,24.0
2017,6345,Upholsterers,ER00,Canada,11.0,18.0,28.25
2017,6346,Funeral Directors and Embalmers,ER00,Canada,11.25,19.7,26.92
2017,6411,Sales Representatives - Wholesale Trade (Non-Technical),ER00,Canada,13.0,24.04,43.08
2017,6421,Retail Salespersons and Sales Clerks,ER00,Canada,10.85,12.0,21.63
2017,6511,Maîtres d'hôtel and Hosts/Hostesses,ER00,Canada,10.85,12.5,20.0
2017,6512,Bartenders,ER00,Canada,10.85,10.85,15.0
2017,6513,Food and Beverage Servers,ER00,Canada,10.85,10.85,16.0
2017,6521,Travel Counsellors,ER00,Canada,12.0,16.83,26.44
2017,6522,Pursers and Flight Attendants,ER00,Canada,12.0,23.0,46.0
2017,6523,Airline Sales and Service Agents,ER00,Canada,12.5,17.25,28.0
2017,6524,"Ticket Agents, Cargo Service Representatives and Related Clerks (Except Airline)",ER00,Canada,11.5,16.91,26.64
2017,6525,Hotel Front Desk Clerks,ER00,Canada,11.0,14.0,20.0
2017,6531,Tour and Travel Guides,ER00,Canada,10.85,14.42,24.04
2017,6532,Outdoor Sport and Recreational Guides,ER00,Canada,11.6,15.0,23.08
2017,6533,Casino Occupations,ER00,Canada,13.0,20.0,28.0
2017,6541,Security Guards and Related Occupations,ER00,Canada,11.25,15.0,25.0
2017,6551,Customer Service Representatives - Financial Services,ER00,Canada,13.5,17.95,24.12
2017,6552,"Customer Service, Information and Related Clerks",ER00,Canada,11.36,17.4,28.0
2017,6561,"Image, Social and Other Personal Consultants",ER00,Canada,10.85,17.05,41.88
2017,6562,"Estheticians, Electrologists and Related Occupations",ER00,Canada,10.85,14.0,21.79
2017,6563,Pet Groomers and Animal Care Workers,ER00,Canada,10.85,13.0,20.0
2017,6564,Other Personal Service Occupations,ER00,Canada,12.0,22.5,35.0
2017,6611,Cashiers,ER00,Canada,10.85,11.25,15.0
2017,6621,Service Station Attendants,ER00,Canada,10.85,11.0,15.25
2017,6622,Grocery Clerks and Store Shelf Stockers,ER00,Canada,10.85,12.0,19.0
2017,6623,Other Elemental Sales Occupations,ER00,Canada,11.0,13.0,25.0
2017,6711,"Food Counter Attendants, Kitchen Helpers and Related Occupations",ER00,Canada,10.85,11.25,16.83
2017,6721,Other Attendants in Accommodation and Travel,ER00,Canada,11.56,16.5,25.5
2017,6722,"Operators and Attendants in Amusement, Recreation and Sport",ER00,Canada,10.85,12.0,21.3
2017,6731,Light Duty Cleaners,ER00,Canada,11.0,15.0,20.07
2017,6732,Specialized Cleaners,ER00,Canada,11.0,14.0,23.0
2017,6733,"Janitors, Caretakers and Building Superintendents",ER00,Canada,11.0,17.0,25.0
2017,6741,Dry Cleaning and Laundry Occupations,ER00,Canada,11.0,15.0,19.61
2017,6742,Other Elemental Service Occupations,ER00,Canada,10.85,12.5,18.9
2017,7201,"Contractors and Supervisors, Metal Forming, Shaping and Erecting Trades",ER00,Canada,20.34,31.0,50.0
2017,7202,"Contractors and Supervisors, Electrical Trades and Telecommunications Occupations",ER00,Canada,24.0,36.92,50.0
2017,7203,"Contractors and Supervisors, Pipefitting Trades",ER00,Canada,21.63,42.98,56.76
2017,7204,"Contractors and Supervisors, Carpentry Trades",ER00,Canada,19.0,31.0,44.23
2017,7205,"Contractors and Supervisors, Other Construction Trades, Installers, Repairers and Servicers",ER00,Canada,17.07,30.18,42.5
2017,7231,Machinists and Machining and Tooling Inspectors,ER00,Canada,17.0,24.44,35.0
2017,7232,Tool and Die Makers,ER00,Canada,15.0,26.9,36.0
2017,7233,Sheet Metal Workers,ER00,Canada,18.0,30.0,38.0
2017,7234,Boilermakers,ER00,Canada,22.0,38.0,48.9
2017,7235,Structural Metal and Platework Fabricators and Fitters,ER00,Canada,15.0,23.0,35.0
2017,7236,Ironworkers,ER00,Canada,20.0,34.7,44.0
2017,7237,Welders and Related Machine Operators,ER00,Canada,16.0,24.02,39.05
2017,7241,Electricians (Except Industrial and Power System),ER00,Canada,16.0,29.7,44.0
2017,7242,Industrial Electricians,ER00,Canada,20.0,33.5,45.0
2017,7243,Power System Electricians,ER00,Canada,23.5,38.5,46.0
2017,7244,Electrical Power Line and Cable Workers,ER00,Canada,21.0,35.0,48.5
2017,7245,Telecommunications Line and Cable Workers,ER00,Canada,16.2,28.0,37.45
2017,7246,Telecommunications Installation and Repair Workers,ER00,Canada,17.0,29.0,40.0
2017,7247,Cable Television Service and Maintenance Technicians,ER00,Canada,15.5,27.0,41.83
2017,7251,Plumbers,ER00,Canada,16.0,29.0,41.0
2017,7252,"Steamfitters, Pipefitters and Sprinkler System Installers",ER00,Canada,18.0,35.0,47.0
2017,7253,Gas Fitters,ER00,Canada,17.0,27.0,40.0
2017,7271,Carpenters,ER00,Canada,16.0,25.0,37.0
2017,7272,Cabinetmakers,ER00,Canada,14.0,19.5,31.25
2017,7281,Bricklayers,ER00,Canada,18.0,32.0,38.0
2017,7282,Concrete Finishers,ER00,Canada,19.0,30.0,36.0
2017,7283,Tilesetters,ER00,Canada,14.0,25.0,35.96
2017,7284,"Plasterers, Drywall Installers and Finishers and Lathers",ER00,Canada,15.0,26.0,37.0
2017,7291,Roofers and Shinglers,ER00,Canada,15.0,22.0,35.0
2017,7292,Glaziers,ER00,Canada,15.0,26.0,36.0
2017,7293,Insulators,ER00,Canada,16.0,28.0,41.93
2017,7294,Painters and Decorators,ER00,Canada,13.0,21.0,32.0
2017,7295,Floor Covering Installers,ER00,Canada,14.0,20.0,33.75
2017,7301,"Contractors and Supervisors, Mechanic Trades",ER00,Canada,18.0,31.73,49.04
2017,7302,"Contractors and Supervisors, Heavy Construction Equipment Crews",ER00,Canada,20.0,32.0,48.0
2017,7303,"Supervisors, Printing and Related Occupations",ER00,Canada,14.42,26.05,36.85
2017,7304,"Supervisors, Railway Transport Operations",ER00,Canada,16.0,34.0,43.27
2017,7305,"Supervisors, Motor Transport and Other Ground Transit Operators",ER00,Canada,16.83,28.0,47.0
2017,7311,Construction Millwrights and Industrial Mechanics (Except Textile),ER00,Canada,17.5,29.33,41.52
2017,7312,Heavy-Duty Equipment Mechanics,ER00,Canada,18.0,29.94,43.0
2017,7313,Refrigeration and Air Conditioning Mechanics,ER00,Canada,17.0,31.0,41.5
2017,7314,Railway Carmen/women,ER00,Canada,16.0,32.0,37.0
2017,7315,Aircraft Mechanics and Aircraft Inspectors,ER00,Canada,17.9,28.8,42.0
2017,7316,Machine Fitters,ER00,Canada,15.29,29.3,47.33
2017,7318,Elevator Constructors and Mechanics,ER00,Canada,22.0,40.31,54.55
2017,7321,"Automotive Service Technicians, Truck Mechanics and Mechanical Repairers",ER00,Canada,14.0,23.5,36.0
2017,7322,Motor Vehicle Body Repairers,ER00,Canada,15.0,22.49,37.5
2017,7331,Oil and Solid Fuel Heating Mechanics,ER00,Canada,15.5,24.44,38.63
2017,7332,Electric Appliance Servicers and Repairers,ER00,Canada,15.0,20.0,29.5
2017,7333,Electrical Mechanics,ER00,Canada,17.0,24.0,34.0
2017,7334,Motorcycle and Other Related Mechanics,ER00,Canada,14.0,21.5,35.0
2017,7335,Other Small Engine and Equipment Mechanics,ER00,Canada,15.0,20.17,29.0
2017,7361,Railway and Yard Locomotive Engineers,ER00,Canada,20.0,35.26,50.0
2017,7362,Railway Conductors and Brakemen/women,ER00,Canada,17.09,31.55,48.0
2017,7371,Crane Operators,ER00,Canada,19.25,30.0,43.0
2017,7372,"Drillers and Blasters - Surface Mining, Quarrying and Construction",ER00,Canada,19.36,30.0,44.23
2017,7373,Water Well Drillers,ER00,Canada,17.5,24.0,33.0
2017,7381,Printing Press Operators,ER00,Canada,12.0,21.5,31.63
2017,7384,Other Trades and Related Occupations,ER00,Canada,13.0,20.0,35.0
2017,7441,Residential and Commercial Installers and Servicers,ER00,Canada,14.0,20.0,34.8
2017,7442,Waterworks and Gas Maintenance Workers,ER00,Canada,17.0,28.0,40.65
2017,7444,Pest Controllers and Fumigators,ER00,Canada,14.0,17.0,25.96
2017,7445,Other Repairers and Servicers,ER00,Canada,11.75,19.0,34.6
2017,7451,Longshore Workers,ER00,Canada,20.3,34.0,48.0
2017,7452,Other Attendants in Accommodation and Travel,ER00,Canada,11.25,16.4,26.5
2017,7511,Truck Drivers,ER00,Canada,14.0,21.0,32.6
2017,7512,Bus Drivers and Subway and Other Transit Operators,ER00,Canada,12.5,20.41,32.67
2017,7513,Taxi and Limousine Drivers and Chauffeurs,ER00,Canada,10.85,13.5,26.0
2017,7514,Delivery and Courier Service Drivers,ER00,Canada,11.0,15.0,27.6
2017,7521,Heavy Equipment Operators (Except Crane),ER00,Canada,17.0,27.0,37.0
2017,7522,Public Works Maintenance Equipment Operators,ER00,Canada,16.0,23.85,31.02
2017,7531,Railway Track Maintenance Workers,ER00,Canada,17.0,28.0,34.62
2017,7532,"Deck Crew, Water Transport",ER00,Canada,14.0,24.0,32.0
2017,7533,Lock and Cable Ferry Operators and Related Occupations,ER00,Canada,13.04,25.0,44.0
2017,7534,Air Transport Ramp Attendants,ER00,Canada,11.25,21.0,30.0
2017,7535,Automotive Mechanical Installers and Servicers,ER00,Canada,11.25,15.0,25.0
2017,7611,Construction Trades Helpers and Labourers,ER00,Canada,13.0,20.0,32.15
2017,7612,Public Works Maintenance Equipment Operators,ER00,Canada,11.5,16.5,33.13
2017,7621,Public Works and Maintenance Labourers,ER00,Canada,12.63,22.0,29.5
2017,7622,Railway and Motor Transport Labourers,ER00,Canada,11.5,16.0,30.0
2017,8211,"Supervisors, Logging and Forestry",ER00,Canada,15.5,28.0,37.61
2017,8221,"Supervisors, Mining and Quarrying",ER00,Canada,19.1,35.0,52.88
2017,8222,"Supervisors, Oil and Gas Drilling and Service",ER00,Canada,20.0,38.46,64.9
2017,8231,Underground Production and Development Miners,ER00,Canada,20.0,32.0,43.0
2017,8232,"Oil and Gas Well Drillers, Servicers, Testers and Related Workers",ER00,Canada,20.23,36.06,55.0
2017,8241,Logging Machinery Operators,ER00,Canada,17.0,25.0,33.56
2017,8252,Agricultural and Related Service Contractors and Managers,ER00,Canada,12.0,19.91,28.85
2017,8255,"Supervisors, Landscape and Horticulture",ER00,Canada,12.5,20.63,31.0
2017,8261,Fishing Masters and Officers,ER00,Canada,15.0,40.0,100.0
2017,8262,Fishing Vessel Skippers and Fishermen/women,ER00,Canada,14.28,25.0,82.0
2017,8411,Underground Mine Service and Support Workers,ER00,Canada,16.3,29.67,38.54
2017,8412,Oil and Gas Well Drilling Workers and Services Operators,ER00,Canada,18.0,30.0,46.0
2017,8421,Chainsaw and Skidder Operators,ER00,Canada,15.0,24.0,35.0
2017,8422,Silviculture and Forestry Workers,ER00,Canada,14.23,21.28,28.0
2017,8431,General Farm Workers,ER00,Canada,10.85,15.0,24.0
2017,8432,Nursery and Greenhouse Workers,ER00,Canada,10.85,12.5,21.0
2017,8441,Fishing Vessel Deckhands,ER00,Canada,13.0,20.0,100.0
2017,8442,Trappers and Hunters,ER00,Canada,11.43,15.71,32.0
2017,8611,Harvesting Labourers,ER00,Canada,10.85,12.0,22.73
2017,8612,Landscaping and Grounds Maintenance Labourers,ER00,Canada,11.25,15.0,25.43
2017,8613,Aquaculture and Marine Harvest Labourers,ER00,Canada,11.18,15.53,22.0
2017,8614,Mine Labourers,ER00,Canada,13.0,23.65,36.0
2017,8615,"Oil and Gas Drilling, Servicing and Related Labourers",ER00,Canada,17.0,26.0,40.38
2017,8616,Logging and Forestry Labourers,ER00,Canada,11.0,20.0,29.33
2017,9211,"Supervisors, Mineral and Metal Processing",ER00,Canada,18.5,26.5,45.0
2017,9212,"Supervisors, Petroleum, Gas and Chemical Processing and Utilities",ER00,Canada,16.88,31.0,50.35
2017,9213,"Supervisors, Food, Beverage and Tobacco Processing",ER00,Canada,15.0,22.5,36.0
2017,9214,"Supervisors, Plastic and Rubber Products Manufacturing",ER00,Canada,14.4,22.85,38.1
2017,9215,"Supervisors, Forest Products Processing",ER00,Canada,17.5,27.4,42.0
2017,9217,"Supervisors, Textile Processing",ER00,Canada,12.24,18.25,29.0
2017,9221,"Supervisors, Motor Vehicle Assembling",ER00,Canada,18.03,30.25,40.87
2017,9222,"Supervisors, Electronics Manufacturing",ER00,Canada,18.0,30.77,40.87
2017,9223,"Supervisors, Electrical Products Manufacturing",ER00,Canada,20.19,27.5,43.17
2017,9224,"Supervisors, Furniture and Fixtures Manufacturing",ER00,Canada,15.0,20.19,34.0
2017,9226,"Supervisors, Other Mechanical and Metal Products Manufacturing",ER00,Canada,17.5,27.95,42.0
2017,9227,"Supervisors, Other Products Manufacturing and Assembly",ER00,Canada,13.0,23.08,39.0
2017,9231,"Central Control and Process Operators, Mineral and Metal Processing",ER00,Canada,19.0,27.5,40.0
2017,9232,"Petroleum, Gas and Chemical Process Operators",ER00,Canada,19.5,37.0,54.0
2017,9235,Papermaking and Coating Control Operators,ER00,Canada,18.97,36.06,50.71
2017,9241,Stationary Engineers and Auxiliary Equipment Operators,ER00,Canada,20.77,33.65,52.0
2017,9243,Water and Waste Plant Operators,ER00,Canada,15.0,27.0,37.0
2017,9411,"Machine Operators, Mineral and Metal Processing",ER00,Canada,18.0,27.0,41.0
2017,9412,Foundry Workers,ER00,Canada,11.0,20.89,34.0
2017,9413,Glass Forming and Finishing Machine Operators and Glass Cutters,ER00,Canada,13.0,16.15,27.0
2017,9414,"Concrete, Clay and Stone Forming Operators",ER00,Canada,14.5,22.0,30.0
2017,9415,"Inspectors and Testers, Mineral and Metal Processing",ER00,Canada,14.85,22.79,33.0
2017,9416,Metalworking Machine Operators,ER00,Canada,14.0,19.0,27.5
2017,9417,Machining Tool Operators,ER00,Canada,15.0,21.0,29.5
2017,9418,Other Metal Products Machine Operators,ER00,Canada,12.5,17.54,26.95
2017,9421,Chemical Plant Machine Operators,ER00,Canada,12.5,20.0,32.0
2017,9422,Plastics Processing Machine Operators,ER00,Canada,11.0,17.65,27.0
2017,9423,Rubber Processing Machine Operators and Related Workers,ER00,Canada,13.33,20.0,28.37
2017,9431,Sawmill Machine Operators,ER00,Canada,14.42,24.04,31.25
2017,9432,Pulp Mill Machine Operators,ER00,Canada,20.0,30.0,37.0
2017,9433,Papermaking and Finishing Machine Operators,ER00,Canada,14.0,25.0,32.2
2017,9434,Other Wood Processing Machine Operators,ER00,Canada,13.4,22.5,30.0
2017,9435,Paper Converting Machine Operators,ER00,Canada,11.54,20.0,28.0
2017,9436,Lumber Graders and Other Wood Processing Inspectors and Graders,ER00,Canada,14.22,21.0,32.0
2017,9437,Woodworking Machine Operators,ER00,Canada,12.0,17.0,25.0
2017,9441,Textile Fibre and Yarn Preparation Machine Operators,ER00,Canada,12.0,15.94,26.44
2017,9442,"Weavers, Knitters and Other Fabric-Making Occupations",ER00,Canada,11.75,15.0,23.0
2017,9445,"Fabric, Fur and Leather Cutters",ER00,Canada,10.85,14.75,17.5
2017,9446,Sewing Machine Operators,ER00,Canada,10.85,13.0,19.25
2017,9447,"Textile Inspectors, Graders and Samplers",ER00,Canada,10.85,12.0,23.0
2017,9461,"Process Control and Machine Operators, Food and Beverage Processing",ER00,Canada,11.75,17.98,26.5
2017,9462,"Industrial Butchers and Meat Cutters, Poultry Preparers and Related Workers",ER00,Canada,13.0,18.3,21.0
2017,9463,Fish Plant Workers,ER00,Canada,11.0,13.56,21.19
2017,9465,"Testers and Graders, Food and Beverage Processing",ER00,Canada,12.0,20.0,33.44
2017,9471,Printing Machine Operators,ER00,Canada,12.14,18.0,27.0
2017,9472,"Camera, Platemaking and Other Pre-Press Occupations",ER00,Canada,16.0,25.0,38.0
2017,9473,Binding and Finishing Machine Operators,ER00,Canada,11.3,17.0,25.0
2017,9474,Photographic and Film Processors,ER00,Canada,11.0,14.25,22.0
2017,9521,Aircraft Assemblers and Aircraft Assembly Inspectors,ER00,Canada,17.35,29.74,35.58
2017,9522,"Motor Vehicle Assemblers, Inspectors and Testers",ER00,Canada,16.0,25.0,35.0
2017,9523,"Electronics Assemblers, Fabricators, Inspectors and Testers",ER00,Canada,11.96,17.0,28.0
2017,9524,"Assemblers and Inspectors, Electrical Appliance, Apparatus and Equipment Manufacturing",ER00,Canada,11.5,17.5,25.0
2017,9525,"Assemblers, Fabricators and Inspectors, Industrial Electrical Motors and Transformers",ER00,Canada,12.55,17.0,29.0
2017,9526,Mechanical Assemblers and Inspectors,ER00,Canada,14.25,21.8,30.0
2017,9527,"Machine Operators and Inspectors, Electrical Apparatus Manufacturing",ER00,Canada,11.99,20.52,31.22
2017,9531,Boat Assemblers and Inspectors,ER00,Canada,13.0,17.0,26.0
2017,9532,Furniture and Fixture Assemblers and Inspectors,ER00,Canada,12.0,16.0,23.0
2017,9533,Other Wood Products Assemblers and Inspectors,ER00,Canada,12.5,16.7,22.5
2017,9534,Furniture Finishers and Refinishers,ER00,Canada,12.5,17.0,25.0
2017,9535,"Plastic Products Assemblers, Finishers and Inspectors",ER00,Canada,12.69,16.0,22.65
2017,9536,Painters and Coaters - Industrial,ER00,Canada,14.0,20.23,32.7
2017,9537,Other Assemblers and Inspectors,ER00,Canada,11.0,15.55,25.0
2017,9611,Labourers in Mineral and Metal Processing,ER00,Canada,14.0,21.0,32.0
2017,9612,Labourers in Metal Fabrication,ER00,Canada,12.0,17.0,26.0
2017,9613,Labourers in Chemical Products Processing and Utilities,ER00,Canada,11.5,18.0,28.85
2017,9614,"Labourers in Wood, Pulp and Paper Processing",ER00,Canada,11.6,18.36,28.83
2017,9615,Labourers in Rubber and Plastic Products Manufacturing,ER00,Canada,12.0,15.5,23.3
2017,9616,Labourers in Textile Processing,ER00,Canada,10.85,12.0,17.35
2017,9617,"Labourers in Food, Beverage and Tobacco Processing",ER00,Canada,11.0,15.0,22.0
2017,9618,Labourers in Fish Processing,ER00,Canada,11.0,13.65,18.25
2017,9619,"Other Labourers in Processing, Manufacturing and Utilities",ER00,Canada,11.0,13.0,23.75
2018,0011,Legislators,ER00,Canada,11.583,33.842,71.4125
2018,0012,Senior government managers and officials,ER00,Canada,23.0,45.51,81.49
2018,0013,"Senior managers - financial, communications and other business services",ER00,Canada,22.38,51.28,84.13
2018,0014,"Senior managers - health, education, social and community services and membership organizations",ER00,Canada,12.7,43.27,76.92
2018,0015,"Senior managers - trade, broadcasting and other services, n.e.c.",ER00,Canada,11.0,39.92,146.19
2018,0016,"Senior managers - construction, transportation, production and utilities",ER00,Canada,24.65,48.99,84.13
2018,0111,Financial managers,ER00,Canada,24.03,44.23,72.12
2018,0112,Human resources managers,ER00,Canada,24.36,42.56,69.11
2018,0113,Purchasing managers,ER00,Canada,26.56,41.03,67.92
2018,0114,Other administrative services managers,ER00,Canada,21.0,34.87,69.23
2018,0121,"Insurance, real estate and financial brokerage managers",ER00,Canada,27.18,50.26,74.18
2018,0122,"Banking, credit and other investment managers",ER00,Canada,25.3,45.67,65.56
2018,0124,"Advertising, marketing and public relations managers",ER00,Canada,20.67,39.9,65.93
2018,0125,Other business services managers,ER00,Canada,22.12,43.27,72.12
2018,0131,Telecommunication carriers managers,ER00,Canada,24.04,40.66,63.04
2018,0132,Postal and courier services managers,ER00,Canada,22.5,43.75,69.23
2018,0211,Engineering managers,ER00,Canada,33.0,52.25,75.0
2018,0212,Architecture and science managers,ER00,Canada,25.14,48.08,74.52
2018,0213,Computer and information systems managers,ER00,Canada,28.0,49.45,74.36
2018,0311,Managers in health care,ER00,Canada,24.25,46.0,64.1
2018,0411,Government managers - health and social policy development and program administration,ER00,Canada,27.99,51.79,66.67
2018,0412,"Government managers - economic analysis, policy development and program administration",ER00,Canada,31.0,54.36,71.28
2018,0413,Government managers - education policy development and program administration,ER00,Canada,23.51,44.05,63.89
2018,0414,Other managers in public administration,ER00,Canada,29.0,51.79,70.0
2018,0421,Administrators - post-secondary education and vocational training,ER00,Canada,23.33,46.88,74.18
2018,0422,School principals and administrators of elementary and secondary education,ER00,Canada,26.73,45.67,60.1
2018,0423,"Managers in social, community and correctional services",ER00,Canada,18.46,35.16,55.9
2018,0431,Commissioned police officers,ER00,Canada,31.39,50.48,73.56
2018,0432,Fire chiefs and senior firefighting officers,ER00,Canada,36.29,57.37,90.66
2018,0433,Commissioned officers of the Canadian Forces,ER00,Canada,26.41,44.14,58.76
2018,0511,"Library, archive, museum and art gallery managers",ER00,Canada,22.15,38.46,54.95
2018,0512,"Managers - publishing, motion pictures, broadcasting and performing arts",ER00,Canada,20.43,34.62,57.69
2018,0513,"Recreation, sports and fitness program and service directors",ER00,Canada,17.2,31.25,46.15
2018,0601,Corporate sales managers,ER00,Canada,22.36,41.54,72.12
2018,0621,Retail and wholesale trade managers,ER00,Canada,16.0,30.77,57.69
2018,0631,Restaurant and food service managers,ER00,Canada,13.0,20.0,43.27
2018,0632,Accommodation service managers,ER00,Canada,14.42,26.68,48.08
2018,0651,"Managers in customer and personal services, n.e.c.",ER00,Canada,15.0,26.44,52.41
2018,0711,Construction managers,ER00,Canada,24.0,38.46,60.58
2018,0712,Home building and renovation managers,ER00,Canada,15.0,20.0,30.0
2018,0714,Facility operation and maintenance managers,ER00,Canada,18.8,35.0,57.69
2018,0731,Managers in transportation,ER00,Canada,20.67,37.44,62.86
2018,0811,Managers in natural resources production and fishing,ER00,Canada,25.0,50.48,89.42
2018,0821,Managers in agriculture,ER00,Canada,11.25,19.0,38.97
2018,0822,Managers in horticulture,ER00,Canada,13.85,20.0,54.95
2018,0823,Managers in aquaculture,ER00,Canada,11.0,25.17,43.43
2018,0911,Manufacturing managers,ER00,Canada,20.83,38.46,62.0
2018,0912,Utilities managers,ER00,Canada,31.25,54.66,80.77
2018,1111,Financial auditors and accountants,ER00,Canada,18.63,32.82,56.59
2018,1112,Financial and investment analysts,ER00,Canada,21.63,33.33,52.5
2018,1113,"Securities agents, investment dealers and brokers",ER00,Canada,19.23,33.65,66.77
2018,1114,Other financial officers,ER00,Canada,20.0,31.0,57.69
2018,1121,Human resources professionals,ER00,Canada,21.0,35.38,54.33
2018,1122,Professional occupations in business management consulting,ER00,Canada,20.0,36.06,53.33
2018,1123,"Professional occupations in advertising, marketing and public relations",ER00,Canada,16.0,28.57,47.18
2018,1211,"Supervisors, general office and administrative support workers",ER00,Canada,15.5,25.64,42.05
2018,1212,"Supervisors, finance and insurance office workers",ER00,Canada,16.5,27.06,40.06
2018,1213,"Supervisors, library, correspondence and related information workers",ER00,Canada,18.52,28.21,46.15
2018,1214,"Supervisors, mail and message distribution occupations",ER00,Canada,18.3,25.96,33.9
2018,1215,"Supervisors, supply chain, tracking and scheduling co-ordination occupations",ER00,Canada,15.25,24.0,38.46
2018,1221,Administrative officers,ER00,Canada,15.5,24.0,35.9
2018,1222,Executive assistants,ER00,Canada,16.8,26.67,39.9
2018,1223,Human resources and recruitment officers,ER00,Canada,16.5,27.4,41.97
2018,1224,Property administrators,ER00,Canada,13.7,23.0,38.46
2018,1225,Purchasing agents and officers,ER00,Canada,18.0,28.13,45.13
2018,1226,Conference and event planners,ER00,Canada,13.1,22.12,33.65
2018,1227,Court officers and justices of the peace,ER00,Canada,20.0,27.42,39.0
2018,1228,"Employment insurance, immigration, border services and revenue officers",ER00,Canada,21.0,29.0,39.13
2018,1241,Administrative assistants,ER00,Canada,14.29,21.63,30.29
2018,1242,Legal administrative assistants,ER00,Canada,15.0,23.65,33.17
2018,1243,Medical administrative assistants,ER00,Canada,15.0,21.43,28.82
2018,1251,"Court reporters, medical transcriptionists and related occupations",ER00,Canada,13.67,21.75,29.65
2018,1252,Health information management occupations,ER00,Canada,16.63,25.95,32.98
2018,1253,Records management technicians,ER00,Canada,19.0,25.49,35.74
2018,1254,Statistical officers and related research support occupations,ER00,Canada,18.0,31.73,47.8
2018,1311,Accounting technicians and bookkeepers,ER00,Canada,14.0,21.63,35.0
2018,1312,Insurance adjusters and claims examiners,ER00,Canada,18.0,27.47,41.76
2018,1313,Insurance underwriters,ER00,Canada,19.0,29.12,43.59
2018,1314,"Assessors, valuators and appraisers",ER00,Canada,18.0,30.0,45.0
2018,1315,"Customs, ship and other brokers",ER00,Canada,14.42,23.8,33.33
2018,1411,General office support workers,ER00,Canada,13.0,20.0,30.0
2018,1414,Receptionists,ER00,Canada,12.0,17.0,25.25
2018,1415,Personnel clerks,ER00,Canada,13.75,21.63,28.72
2018,1416,Court clerks,ER00,Canada,17.0,26.0,33.05
2018,1422,Data entry clerks,ER00,Canada,12.84,18.46,29.0
2018,1423,Desktop publishing operators and related occupations,ER00,Canada,15.85,26.67,31.79
2018,1431,Accounting and related clerks,ER00,Canada,14.03,20.79,30.22
2018,1432,Payroll clerks,ER00,Canada,16.24,24.45,33.33
2018,1434,"Banking, insurance and other financial clerks",ER00,Canada,14.42,20.67,31.25
2018,1435,Collectors,ER00,Canada,11.75,20.0,32.0
2018,1451,Library assistants and clerks,ER00,Canada,12.0,20.0,29.0
2018,1452,"Correspondence, publication and regulatory clerks",ER00,Canada,14.3,22.5,32.0
2018,1454,Survey interviewers and statistical clerks,ER00,Canada,11.75,18.0,28.64
2018,1511,"Mail, postal and related workers",ER00,Canada,13.07,22.83,27.35
2018,1512,Letter carriers,ER00,Canada,17.6,25.0,28.0
2018,1513,"Couriers, messengers and door-to-door distributors",ER00,Canada,11.0,16.67,28.0
2018,1521,Shippers and receivers,ER00,Canada,12.1,17.5,27.0
2018,1522,Storekeepers and partspersons,ER00,Canada,13.0,20.88,33.6
2018,1523,Production logistics co-ordinators,ER00,Canada,15.0,24.1,38.94
2018,1524,Purchasing and inventory control workers,ER00,Canada,12.0,18.35,29.26
2018,1525,Dispatchers,ER00,Canada,14.0,22.44,36.0
2018,1526,Transportation route and crew schedulers,ER00,Canada,16.6,25.0,40.0
2018,2111,Physicists and astronomers,ER00,Canada,24.5,42.56,71.79
2018,2112,Chemists,ER00,Canada,18.75,34.62,57.69
2018,2113,Geoscientists and oceanographers,ER00,Canada,24.0,41.0,72.12
2018,2114,Meteorologists and climatologists,ER00,Canada,23.0,42.51,54.36
2018,2115,Other professional occupations in physical sciences,ER00,Canada,19.71,42.05,56.16
2018,2121,Biologists and related scientists,ER00,Canada,20.0,34.87,54.81
2018,2122,Forestry professionals,ER00,Canada,24.73,37.91,50.94
2018,2123,"Agricultural representatives, consultants and specialists",ER00,Canada,19.23,30.0,46.63
2018,2131,Civil engineers,ER00,Canada,24.04,38.46,60.1
2018,2132,Mechanical engineers,ER00,Canada,23.56,39.18,61.54
2018,2133,Electrical and electronics engineers,ER00,Canada,26.0,40.39,63.46
2018,2134,Chemical engineers,ER00,Canada,22.12,36.06,72.12
2018,2141,Industrial and manufacturing engineers,ER00,Canada,22.12,34.62,56.41
2018,2142,Metallurgical and materials engineers,ER00,Canada,29.5,45.0,61.54
2018,2143,Mining engineers,ER00,Canada,26.92,44.57,69.93
2018,2144,Geological engineers,ER00,Canada,21.63,35.58,51.28
2018,2145,Petroleum engineers,ER00,Canada,30.0,50.48,81.73
2018,2146,Aerospace engineers,ER00,Canada,21.0,43.23,65.93
2018,2147,Computer engineers (except software engineers and designers),ER00,Canada,25.0,42.86,60.43
2018,2148,"Other professional engineers, n.e.c.",ER00,Canada,22.0,41.03,61.54
2018,2151,Architects,ER00,Canada,20.43,30.77,48.08
2018,2152,Landscape architects,ER00,Canada,12.65,33.9,59.04
2018,2153,Urban and land use planners,ER00,Canada,26.44,42.0,61.54
2018,2154,Land surveyors,ER00,Canada,21.5,33.0,52.31
2018,2161,"Mathematicians, statisticians and actuaries",ER00,Canada,26.09,42.86,68.68
2018,2171,Information systems analysts and consultants,ER00,Canada,22.6,38.46,55.0
2018,2172,Database analysts and data administrators,ER00,Canada,18.27,34.87,51.0
2018,2173,Software engineers and designers,ER00,Canada,26.0,43.27,65.93
2018,2174,Computer programmers and interactive media developers,ER00,Canada,20.82,36.06,55.29
2018,2175,Web designers and developers,ER00,Canada,16.92,27.75,46.15
2018,2211,Chemical technologists and technicians,ER00,Canada,16.0,27.0,41.96
2018,2212,Geological and mineral technologists and technicians,ER00,Canada,16.5,30.0,55.29
2018,2221,Biological technologists and technicians,ER00,Canada,15.0,25.0,37.95
2018,2222,Agricultural and fish products inspectors,ER00,Canada,19.23,29.74,46.0
2018,2223,Forestry technologists and technicians,ER00,Canada,17.63,26.0,38.0
2018,2224,Conservation and fishery officers,ER00,Canada,15.19,29.0,40.0
2018,2225,Landscape and horticulture technicians and specialists,ER00,Canada,14.5,22.0,32.69
2018,2231,Civil engineering technologists and technicians,ER00,Canada,16.92,28.5,45.0
2018,2232,Mechanical engineering technologists and technicians,ER00,Canada,18.0,31.0,50.0
2018,2233,Industrial engineering and manufacturing technologists and technicians,ER00,Canada,17.8,26.92,43.75
2018,2234,Construction estimators,ER00,Canada,19.13,29.81,50.0
2018,2241,Electrical and electronics engineering technologists and technicians,ER00,Canada,19.33,32.21,48.72
2018,2242,Electronic service technicians (household and business equipment),ER00,Canada,14.0,24.04,43.0
2018,2243,Industrial instrument technicians and mechanics,ER00,Canada,25.0,38.9,62.0
2018,2244,"Aircraft instrument, electrical and avionics mechanics, technicians and inspectors",ER00,Canada,22.0,40.0,49.45
2018,2251,Architectural technologists and technicians,ER00,Canada,15.0,24.4,34.87
2018,2252,Industrial designers,ER00,Canada,17.5,26.44,46.0
2018,2253,Drafting technologists and technicians,ER00,Canada,18.0,25.0,43.0
2018,2254,Land survey technologists and technicians,ER00,Canada,18.0,25.5,41.21
2018,2255,Technical occupations in geomatics and meteorology,ER00,Canada,22.0,34.82,44.15
2018,2261,Non-destructive testers and inspection technicians,ER00,Canada,17.31,32.5,49.04
2018,2262,Engineering inspectors and regulatory officers,ER00,Canada,21.47,40.0,54.87
2018,2263,Inspectors in public and environmental health and occupational health and safety,ER00,Canada,19.23,35.27,49.98
2018,2264,Construction inspectors,ER00,Canada,20.41,32.0,51.0
2018,2271,"Air pilots, flight engineers and flying instructors",ER00,Canada,17.5,37.5,64.1
2018,2272,Air traffic controllers and related occupations,ER00,Canada,21.0,40.84,75.0
2018,2273,"Deck officers, water transport",ER00,Canada,21.43,34.11,50.0
2018,2274,"Engineer officers, water transport",ER00,Canada,23.08,35.0,55.38
2018,2275,Railway traffic controllers and marine traffic regulators,ER00,Canada,16.0,41.35,50.0
2018,2281,Computer network technicians,ER00,Canada,17.5,32.05,48.72
2018,2282,User support technicians,ER00,Canada,15.0,27.69,46.15
2018,2283,Information systems testing technicians,ER00,Canada,12.81,31.35,41.03
2018,3011,Nursing co-ordinators and supervisors,ER00,Canada,23.48,40.0,49.68
2018,3012,Registered nurses and registered psychiatric nurses,ER00,Canada,23.85,37.0,46.0
2018,3113,Dentists,ER00,Canada,15.064,59.197,130.7585
2018,3114,Veterinarians,ER00,Canada,15.1145,42.537,69.8335
2018,3121,Optometrists,ER00,Canada,11.583,43.0575,83.929
2018,3122,Chiropractors,ER00,Canada,11.583,30.0385,61.158
2018,3124,Allied primary health practitioners,ER00,Canada,22.75,45.0,57.0
2018,3125,Other professional occupations in health diagnosing and treating,ER00,Canada,11.583,26.2585,53.874
2018,3131,Pharmacists,ER00,Canada,27.056,52.323,72.15
2018,3132,Dietitians and nutritionists,ER00,Canada,20.51,37.0,42.0
2018,3141,Audiologists and speech-language pathologists,ER00,Canada,24.62,40.0,51.3
2018,3142,Physiotherapists,ER00,Canada,25.71,36.5,46.0
2018,3143,Occupational therapists,ER00,Canada,25.0,38.68,49.0
2018,3144,Other professional occupations in therapy and assessment,ER00,Canada,16.0,25.64,41.0
2018,3211,Medical laboratory technologists,ER00,Canada,22.5,33.33,43.0
2018,3212,Medical laboratory technicians and pathologists' assistants,ER00,Canada,18.0,24.7,37.0
2018,3213,Animal health technologists and veterinary technicians,ER00,Canada,13.0,17.31,26.4
2018,3214,"Respiratory therapists, clinical perfusionists and cardiopulmonary technologists",ER00,Canada,22.0,34.0,45.41
2018,3215,Medical radiation technologists,ER00,Canada,22.25,33.06,45.0
2018,3216,Medical sonographers,ER00,Canada,28.0,36.0,45.69
2018,3217,"Cardiology technologists and electrophysiological diagnostic technologists, n.e.c.",ER00,Canada,16.71,27.85,37.0
2018,3219,Other medical technologists and technicians (except dental health),ER00,Canada,13.0,18.0,28.21
2018,3221,Denturists,ER00,Canada,11.583,27.2125,56.177
2018,3222,Dental hygienists and dental therapists,ER00,Canada,21.7,35.0,47.0
2018,3223,"Dental technologists, technicians and laboratory assistants",ER00,Canada,15.0,21.5,38.0
2018,3231,Opticians,ER00,Canada,14.5,24.0,32.0
2018,3232,Practitioners of natural healing,ER00,Canada,13.0,19.24,36.74
2018,3233,Licensed practical nurses,ER00,Canada,19.0,26.0,33.0
2018,3234,Paramedical occupations,ER00,Canada,21.15,32.0,42.4
2018,3236,Massage therapists,ER00,Canada,11.0,24.88,47.0
2018,3237,Other technical occupations in therapy and assessment,ER00,Canada,14.0,23.0,37.22
2018,3411,Dental assistants,ER00,Canada,16.0,21.5,31.2
2018,3413,"Nurse aides, orderlies and patient service associates",ER00,Canada,14.0,20.0,25.11
2018,3414,Other assisting occupations in support of health services,ER00,Canada,13.0,19.3,27.0
2018,4011,University professors and lecturers,ER00,Canada,21.03,47.31,73.08
2018,4012,Post-secondary teaching and research assistants,ER00,Canada,11.13,23.0,41.78
2018,4021,College and other vocational instructors,ER00,Canada,19.16,36.66,54.0
2018,4031,Secondary school teachers,ER00,Canada,25.0,40.87,52.75
2018,4032,Elementary school and kindergarten teachers,ER00,Canada,20.98,36.95,50.21
2018,4033,Educational counsellors,ER00,Canada,20.0,35.0,48.08
2018,4111,Judges,ER00,Canada,65.66,135.65,148.85
2018,4112,Lawyers and Quebec notaries,ER00,Canada,18.6735,58.47,147.173
2018,4151,Psychologists,ER00,Canada,20.0,39.56,58.46
2018,4152,Social workers,ER00,Canada,19.0,33.0,46.15
2018,4153,"Family, marriage and other related counsellors",ER00,Canada,17.5,27.64,42.51
2018,4154,Professional occupations in religion,ER00,Canada,13.0,22.8,40.87
2018,4155,Probation and parole officers and related occupations,ER00,Canada,25.81,37.96,43.59
2018,4156,Employment counsellors,ER00,Canada,17.5,24.04,38.0
2018,4161,"Natural and applied science policy researchers, consultants and program officers",ER00,Canada,22.12,39.01,57.69
2018,4162,Economists and economic policy researchers and analysts,ER00,Canada,25.48,42.05,63.88
2018,4163,Business development officers and marketing researchers and consultants,ER00,Canada,19.0,34.36,53.42
2018,4164,"Social policy researchers, consultants and program officers",ER00,Canada,21.5,36.0,51.28
2018,4165,"Health policy researchers, consultants and program officers",ER00,Canada,19.67,35.0,50.55
2018,4166,"Education policy researchers, consultants and program officers",ER00,Canada,21.32,34.41,51.28
2018,4167,"Recreation, sports and fitness policy researchers, consultants and program officers",ER00,Canada,15.28,24.0,42.0
2018,4168,Program officers unique to government,ER00,Canada,21.42,41.03,54.4
2018,4169,"Other professional occupations in social science, n.e.c.",ER00,Canada,20.0,36.06,65.93
2018,4211,Paralegal and related occupations,ER00,Canada,16.67,26.0,45.0
2018,4212,Social and community service workers,ER00,Canada,13.99,21.0,32.0
2018,4214,Early childhood educators and assistants,ER00,Canada,12.0,18.0,26.0
2018,4215,Instructors of persons with disabilities,ER00,Canada,16.5,26.67,34.82
2018,4216,Other instructors,ER00,Canada,11.0,18.46,37.15
2018,4217,Other religious occupations,ER00,Canada,11.4,18.5,32.97
2018,4311,Police officers (except commissioned),ER00,Canada,26.45,41.68,55.0
2018,4312,Firefighters,ER00,Canada,22.0,40.0,52.0
2018,4313,Non-commissioned ranks of the Canadian Forces,ER00,Canada,22.12,32.16,42.24
2018,4411,Home child care providers,ER00,Canada,11.0,12.96,20.0
2018,4412,"Home support workers, housekeepers and related occupations",ER00,Canada,12.0,15.8,23.0
2018,4413,Elementary and secondary school teacher assistants,ER00,Canada,14.0,22.0,30.0
2018,4421,Sheriffs and bailiffs,ER00,Canada,18.23,33.54,47.0
2018,4422,Correctional service officers,ER00,Canada,24.19,32.0,42.56
2018,4423,"By-law enforcement and other regulatory officers, n.e.c.",ER00,Canada,17.9,29.67,43.0
2018,5111,Librarians,ER00,Canada,16.16,28.85,43.56
2018,5112,Conservators and curators,ER00,Canada,17.89,28.0,44.75
2018,5113,Archivists,ER00,Canada,14.42,26.0,37.36
2018,5121,Authors and writers,ER00,Canada,16.0,26.92,43.59
2018,5122,Editors,ER00,Canada,16.67,26.0,38.46
2018,5123,Journalists,ER00,Canada,15.59,30.0,46.7
2018,5125,"Translators, terminologists and interpreters",ER00,Canada,13.68,25.86,40.0
2018,5131,"Producers, directors, choreographers and related occupations",ER00,Canada,15.59,30.0,44.62
2018,5132,"Conductors, composers and arrangers",ER00,Canada,11.583,18.0495,44.0085
2018,5133,Musicians and singers,ER00,Canada,12.0,20.0,33.33
2018,5134,Dancers,ER00,Canada,11.0,18.0,35.0
2018,5135,Actors and comedians,ER00,Canada,11.0,15.58,29.77
2018,5136,"Painters, sculptors and other visual artists",ER00,Canada,14.43,25.0,39.64
2018,5211,Library and public archive technicians,ER00,Canada,15.0,25.63,34.62
2018,5212,Technical occupations related to museums and art galleries,ER00,Canada,11.36,17.14,32.0
2018,5221,Photographers,ER00,Canada,11.25,16.0,35.64
2018,5222,Film and video camera operators,ER00,Canada,12.0,26.82,44.0
2018,5223,Graphic arts technicians,ER00,Canada,15.25,22.6,40.24
2018,5224,Broadcast technicians,ER00,Canada,13.0,24.38,34.8
2018,5225,Audio and video recording technicians,ER00,Canada,11.54,25.0,43.27
2018,5226,"Other technical and co-ordinating occupations in motion pictures, broadcasting and the performing arts",ER00,Canada,15.0,27.97,39.29
2018,5227,"Support occupations in motion pictures, broadcasting, photography and the performing arts",ER00,Canada,14.0,22.1,33.5
2018,5231,Announcers and other broadcasters,ER00,Canada,14.0,20.0,38.0
2018,5232,"Other performers, n.e.c.",ER00,Canada,11.0,13.25,33.33
2018,5241,Graphic designers and illustrators,ER00,Canada,15.0,23.5,38.46
2018,5242,Interior designers and interior decorators,ER00,Canada,13.5,20.94,34.87
2018,5243,"Theatre, fashion, exhibit and other creative designers",ER00,Canada,14.0,23.08,34.62
2018,5244,Artisans and craftspersons,ER00,Canada,11.0,14.25,25.0
2018,5245,"Patternmakers - textile, leather and fur products",ER00,Canada,14.42,30.0,34.07
2018,5251,Athletes,ER00,Canada,11.0,18.0,39.74
2018,5252,Coaches,ER00,Canada,11.0,17.5,31.25
2018,5253,Sports officials and referees,ER00,Canada,11.0,15.0,21.25
2018,5254,"Program leaders and instructors in recreation, sport and fitness",ER00,Canada,11.0,15.0,25.56
2018,6211,Retail sales supervisors,ER00,Canada,12.0,17.0,28.85
2018,6221,Technical sales specialists - wholesale trade,ER00,Canada,12.5,24.04,43.59
2018,6222,Retail and wholesale buyers,ER00,Canada,12.5,21.7,34.62
2018,6231,Insurance agents and brokers,ER00,Canada,14.0,23.0,35.0
2018,6232,Real estate agents and salespersons,ER00,Canada,11.583,23.106,67.3915
2018,6235,Financial sales representatives,ER00,Canada,13.42,23.08,35.9
2018,6311,Food service supervisors,ER00,Canada,11.25,14.0,21.5
2018,6312,Executive housekeepers,ER00,Canada,12.5,15.87,26.44
2018,6313,"Accommodation, travel, tourism and related services supervisors",ER00,Canada,13.2,20.51,31.25
2018,6314,Customer and information services supervisors,ER00,Canada,13.25,21.15,33.78
2018,6315,Cleaning supervisors,ER00,Canada,13.11,20.0,35.16
2018,6316,Other services supervisors,ER00,Canada,12.0,17.5,33.8
2018,6321,Chefs,ER00,Canada,12.0,17.0,25.64
2018,6322,Cooks,ER00,Canada,11.0,13.0,19.57
2018,6331,"Butchers, meat cutters and fishmongers - retail and wholesale",ER00,Canada,11.0,13.4,22.0
2018,6332,Bakers,ER00,Canada,11.0,13.0,20.3
2018,6341,Hairstylists and barbers,ER00,Canada,11.0,14.42,24.0
2018,6342,"Tailors, dressmakers, furriers and milliners",ER00,Canada,11.0,14.0,23.0
2018,6343,Shoe repairers and shoemakers,ER00,Canada,11.0,14.84,21.0
2018,6344,"Jewellers, jewellery and watch repairers and related occupations",ER00,Canada,12.75,18.27,30.0
2018,6345,Upholsterers,ER00,Canada,11.25,18.0,30.0
2018,6346,Funeral directors and embalmers,ER00,Canada,11.39,19.7,26.92
2018,6411,Sales and account representatives - wholesale trade (non-technical),ER00,Canada,13.0,23.56,40.87
2018,6421,Retail salespersons,ER00,Canada,11.0,12.5,22.0
2018,6511,Maîtres d'hôtel and hosts/hostesses,ER00,Canada,11.0,13.0,21.15
2018,6512,Bartenders,ER00,Canada,11.0,14.0,20.51
2018,6513,Food and beverage servers,ER00,Canada,11.0,13.0,20.0
2018,6521,Travel counsellors,ER00,Canada,12.0,17.0,27.47
2018,6522,Pursers and flight attendants,ER00,Canada,11.4,18.75,38.46
2018,6523,Airline ticket and service agents,ER00,Canada,12.0,17.84,28.0
2018,6524,"Ground and water transport ticket agents, cargo service representatives and related clerks",ER00,Canada,11.75,17.0,27.04
2018,6525,Hotel front desk clerks,ER00,Canada,11.4,14.5,20.53
2018,6531,Tour and travel guides,ER00,Canada,11.0,15.0,20.0
2018,6532,Outdoor sport and recreational guides,ER00,Canada,12.0,16.0,22.5
2018,6533,Casino occupations,ER00,Canada,12.2,19.0,25.0
2018,6541,Security guards and related security service occupations,ER00,Canada,11.5,15.96,24.86
2018,6551,Customer services representatives - financial institutions,ER00,Canada,13.0,17.2,24.0
2018,6552,Other customer and information services representatives,ER00,Canada,11.5,17.0,28.0
2018,6561,"Image, social and other personal consultants",ER00,Canada,11.0,15.71,38.32
2018,6562,"Estheticians, electrologists and related occupations",ER00,Canada,11.0,14.0,22.0
2018,6563,Pet groomers and animal care workers,ER00,Canada,11.0,13.0,18.0
2018,6564,Other personal service occupations,ER00,Canada,11.0,18.75,25.0
2018,6611,Cashiers,ER00,Canada,11.0,11.4,15.0
2018,6621,Service station attendants,ER00,Canada,11.0,11.4,15.4
2018,6622,"Store shelf stockers, clerks and order fillers",ER00,Canada,11.0,12.0,19.33
2018,6623,Other sales related occupations,ER00,Canada,11.1,13.43,24.0
2018,6711,"Food counter attendants, kitchen helpers and related support occupations",ER00,Canada,11.0,11.55,17.2
2018,6721,"Support occupations in accommodation, travel and facilities set-up services",ER00,Canada,12.0,15.0,25.0
2018,6722,"Operators and attendants in amusement, recreation and sport",ER00,Canada,11.0,12.0,21.0
2018,6731,Light duty cleaners,ER00,Canada,11.25,15.0,21.0
2018,6732,Specialized cleaners,ER00,Canada,11.0,14.4,23.08
2018,6733,"Janitors, caretakers and building superintendents",ER00,Canada,11.5,17.41,25.03
2018,6741,"Dry cleaning, laundry and related occupations",ER00,Canada,11.25,15.0,20.0
2018,6742,"Other service support occupations, n.e.c.",ER00,Canada,11.0,13.0,18.04
2018,7201,"Contractors and supervisors, machining, metal forming, shaping and erecting trades and related occupations",ER00,Canada,19.7,30.0,48.0
2018,7202,"Contractors and supervisors, electrical trades and telecommunications occupations",ER00,Canada,25.0,37.8,50.0
2018,7203,"Contractors and supervisors, pipefitting trades",ER00,Canada,21.0,40.0,54.0
2018,7204,"Contractors and supervisors, carpentry trades",ER00,Canada,20.0,30.74,43.49
2018,7205,"Contractors and supervisors, other construction trades, installers, repairers and servicers",ER00,Canada,18.5,30.0,44.0
2018,7231,Machinists and machining and tooling inspectors,ER00,Canada,16.0,25.0,35.0
2018,7232,Tool and die makers,ER00,Canada,15.83,27.0,37.36
2018,7233,Sheet metal workers,ER00,Canada,18.28,30.0,39.79
2018,7234,Boilermakers,ER00,Canada,22.0,37.0,45.91
2018,7235,Structural metal and platework fabricators and fitters,ER00,Canada,14.0,23.0,36.0
2018,7236,Ironworkers,ER00,Canada,20.0,33.2,44.0
2018,7237,Welders and related machine operators,ER00,Canada,16.5,24.75,40.0
2018,7241,Electricians (except industrial and power system),ER00,Canada,16.0,30.91,45.0
2018,7242,Industrial electricians,ER00,Canada,20.0,33.16,45.0
2018,7243,Power system electricians,ER00,Canada,24.0,40.0,46.15
2018,7244,Electrical power line and cable workers,ER00,Canada,21.59,38.0,50.0
2018,7245,Telecommunications line and cable workers,ER00,Canada,17.0,27.0,37.4
2018,7246,Telecommunications installation and repair workers,ER00,Canada,17.2,29.0,40.0
2018,7247,Cable television service and maintenance technicians,ER00,Canada,17.35,27.5,43.27
2018,7251,Plumbers,ER00,Canada,16.75,29.9,40.0
2018,7252,"Steamfitters, pipefitters and sprinkler system installers",ER00,Canada,20.0,36.0,47.25
2018,7253,Gas fitters,ER00,Canada,20.0,30.0,44.0
2018,7271,Carpenters,ER00,Canada,16.0,25.0,37.51
2018,7272,Cabinetmakers,ER00,Canada,14.42,19.0,28.0
2018,7281,Bricklayers,ER00,Canada,17.0,32.0,39.46
2018,7282,Concrete finishers,ER00,Canada,18.55,28.86,36.73
2018,7283,Tilesetters,ER00,Canada,13.5,25.0,36.0
2018,7284,"Plasterers, drywall installers and finishers and lathers",ER00,Canada,16.0,26.0,37.92
2018,7291,Roofers and shinglers,ER00,Canada,15.56,24.0,36.0
2018,7292,Glaziers,ER00,Canada,15.0,25.0,37.5
2018,7293,Insulators,ER00,Canada,17.0,28.85,42.0
2018,7294,Painters and decorators (except interior decorators),ER00,Canada,13.0,21.07,32.0
2018,7295,Floor covering installers,ER00,Canada,13.75,21.0,33.75
2018,7301,"Contractors and supervisors, mechanic trades",ER00,Canada,18.75,32.0,49.5
2018,7302,"Contractors and supervisors, heavy equipment operator crews",ER00,Canada,20.0,32.0,47.6
2018,7303,"Supervisors, printing and related occupations",ER00,Canada,15.0,25.46,35.0
2018,7304,"Supervisors, railway transport operations",ER00,Canada,23.63,36.06,52.45
2018,7305,"Supervisors, motor transport and other ground transit operators",ER00,Canada,16.8,28.85,44.47
2018,7311,Construction millwrights and industrial mechanics,ER00,Canada,18.0,30.0,43.0
2018,7312,Heavy-duty equipment mechanics,ER00,Canada,18.0,30.0,45.0
2018,7313,Refrigeration and air conditioning mechanics,ER00,Canada,18.0,31.25,45.0
2018,7314,Railway carmen/women,ER00,Canada,18.0,32.0,37.05
2018,7315,Aircraft mechanics and aircraft inspectors,ER00,Canada,16.0,28.0,40.0
2018,7316,Machine fitters,ER00,Canada,16.59,29.44,46.2
2018,7318,Elevator constructors and mechanics,ER00,Canada,22.0,42.1,55.0
2018,7321,"Automotive service technicians, truck and bus mechanics and mechanical repairers",ER00,Canada,14.75,24.0,37.0
2018,7322,Motor vehicle body repairers,ER00,Canada,14.5,22.0,35.0
2018,7331,Oil and solid fuel heating mechanics,ER00,Canada,13.0,23.08,40.0
2018,7332,Appliance servicers and repairers,ER00,Canada,16.0,22.0,30.0
2018,7333,Electrical mechanics,ER00,Canada,18.0,25.0,34.0
2018,7334,"Motorcycle, all-terrain vehicle and other related mechanics",ER00,Canada,15.0,25.0,36.5
2018,7335,Other small engine and small equipment repairers,ER00,Canada,15.0,19.5,28.0
2018,7361,Railway and yard locomotive engineers,ER00,Canada,20.0,35.0,50.0
2018,7362,Railway conductors and brakemen/women,ER00,Canada,17.5,31.82,46.33
2018,7371,Crane operators,ER00,Canada,20.0,31.09,42.75
2018,7372,"Drillers and blasters - surface mining, quarrying and construction",ER00,Canada,19.25,30.0,40.0
2018,7373,Water well drillers,ER00,Canada,18.25,24.95,32.69
2018,7381,Printing press operators,ER00,Canada,14.0,22.5,30.65
2018,7384,"Other trades and related occupations, n.e.c.",ER00,Canada,15.0,24.04,37.36
2018,7441,Residential and commercial installers and servicers,ER00,Canada,14.0,20.0,33.0
2018,7442,Waterworks and gas maintenance workers,ER00,Canada,20.0,30.0,40.0
2018,7444,Pest controllers and fumigators,ER00,Canada,13.0,20.67,36.06
2018,7445,Other repairers and servicers,ER00,Canada,12.0,20.0,32.75
2018,7451,Longshore workers,ER00,Canada,17.0,35.0,42.3
2018,7452,Material handlers,ER00,Canada,11.6,17.0,27.75
2018,7511,Transport truck drivers,ER00,Canada,14.25,21.0,32.22
2018,7512,"Bus drivers, subway operators and other transit operators",ER00,Canada,12.75,21.6,33.21
2018,7513,Taxi and limousine drivers and chauffeurs,ER00,Canada,11.0,14.0,26.4
2018,7514,Delivery and courier service drivers,ER00,Canada,11.25,16.2,29.0
2018,7521,Heavy equipment operators (except crane),ER00,Canada,18.0,27.0,36.79
2018,7522,Public works maintenance equipment operators and related workers,ER00,Canada,16.0,23.0,32.0
2018,7531,Railway yard and track maintenance workers,ER00,Canada,19.5,28.18,38.02
2018,7532,Water transport deck and engine room crew,ER00,Canada,15.66,24.0,33.0
2018,7533,Boat and cable ferry operators and related occupations,ER00,Canada,15.0,25.61,33.43
2018,7534,Air transport ramp attendants,ER00,Canada,11.75,20.0,27.0
2018,7535,Other automotive mechanical installers and servicers,ER00,Canada,11.75,15.0,25.0
2018,7611,Construction trades helpers and labourers,ER00,Canada,13.65,20.0,32.0
2018,7612,Other trades helpers and labourers,ER00,Canada,11.75,16.7,33.0
2018,7621,Public works and maintenance labourers,ER00,Canada,13.5,23.0,29.5
2018,7622,Railway and motor transport labourers,ER00,Canada,11.5,18.0,32.28
2018,8211,"Supervisors, logging and forestry",ER00,Canada,18.0,30.29,38.0
2018,8221,"Supervisors, mining and quarrying",ER00,Canada,20.19,38.75,52.88
2018,8222,"Contractors and supervisors, oil and gas drilling and services",ER00,Canada,21.88,40.06,65.87
2018,8231,Underground production and development miners,ER00,Canada,20.94,33.0,45.0
2018,8232,"Oil and gas well drillers, servicers, testers and related workers",ER00,Canada,20.0,37.5,59.0
2018,8241,Logging machinery operators,ER00,Canada,16.35,24.0,34.0
2018,8252,"Agricultural service contractors, farm supervisors and specialized livestock workers",ER00,Canada,12.0,19.19,30.0
2018,8255,"Contractors and supervisors, landscaping, grounds maintenance and horticulture services",ER00,Canada,14.5,22.0,32.97
2018,8261,Fishing masters and officers,ER00,Canada,16.66,36.15,100.0
2018,8262,Fishermen/women,ER00,Canada,14.44,25.0,85.0
2018,8411,Underground mine service and support workers,ER00,Canada,17.0,32.0,40.0
2018,8412,Oil and gas well drilling and related workers and services operators,ER00,Canada,18.5,30.0,42.0
2018,8421,Chain saw and skidder operators,ER00,Canada,15.0,25.0,35.0
2018,8422,Silviculture and forestry workers,ER00,Canada,15.0,21.67,28.85
2018,8431,General farm workers,ER00,Canada,11.0,16.0,25.0
2018,8432,Nursery and greenhouse workers,ER00,Canada,11.0,13.0,21.0
2018,8441,Fishing vessel deckhands,ER00,Canada,13.57,20.0,86.04
2018,8442,Trappers and hunters,ER00,Canada,11.0,16.4,30.77
2018,8611,Harvesting labourers,ER00,Canada,11.0,12.2,20.0
2018,8612,Landscaping and grounds maintenance labourers,ER00,Canada,11.75,16.0,25.56
2018,8613,Aquaculture and marine harvest labourers,ER00,Canada,12.02,16.5,22.0
2018,8614,Mine labourers,ER00,Canada,13.55,23.0,36.0
2018,8615,"Oil and gas drilling, servicing and related labourers",ER00,Canada,18.0,25.0,36.0
2018,8616,Logging and forestry labourers,ER00,Canada,12.67,21.0,32.25
2018,9211,"Supervisors, mineral and metal processing",ER00,Canada,19.54,26.09,47.0
2018,9212,"Supervisors, petroleum, gas and chemical processing and utilities",ER00,Canada,16.0,32.0,52.88
2018,9213,"Supervisors, food, beverage and associated products processing",ER00,Canada,14.0,24.04,37.5
2018,9214,"Supervisors, plastic and rubber products manufacturing",ER00,Canada,14.8,22.56,33.65
2018,9215,"Supervisors, forest products processing",ER00,Canada,18.0,29.83,45.0
2018,9217,"Supervisors, textile, fabric, fur and leather products processing and manufacturing",ER00,Canada,14.0,21.0,29.0
2018,9221,"Supervisors, motor vehicle assembling",ER00,Canada,18.5,29.33,39.9
2018,9222,"Supervisors, electronics manufacturing",ER00,Canada,19.2,29.81,37.32
2018,9223,"Supervisors, electrical products manufacturing",ER00,Canada,19.23,28.95,43.59
2018,9224,"Supervisors, furniture and fixtures manufacturing",ER00,Canada,15.65,22.5,33.65
2018,9226,"Supervisors, other mechanical and metal products manufacturing",ER00,Canada,17.5,28.37,42.72
2018,9227,"Supervisors, other products manufacturing and assembly",ER00,Canada,13.0,22.5,36.26
2018,9231,"Central control and process operators, mineral and metal processing",ER00,Canada,20.0,30.27,43.0
2018,9232,"Petroleum, gas and chemical process operators",ER00,Canada,20.0,37.83,55.29
2018,9235,"Pulping, papermaking and coating control operators",ER00,Canada,24.0,30.92,38.0
2018,9241,Power engineers and power systems operators,ER00,Canada,21.0,34.59,53.0
2018,9243,Water and waste treatment plant operators,ER00,Canada,17.46,28.0,37.0
2018,9411,"Machine operators, mineral and metal processing",ER00,Canada,16.35,29.69,41.9
2018,9412,Foundry workers,ER00,Canada,14.0,20.89,33.0
2018,9413,Glass forming and finishing machine operators and glass cutters,ER00,Canada,12.0,19.0,27.0
2018,9414,"Concrete, clay and stone forming operators",ER00,Canada,13.67,21.47,31.0
2018,9415,"Inspectors and testers, mineral and metal processing",ER00,Canada,14.85,22.79,37.5
2018,9416,Metalworking and forging machine operators,ER00,Canada,14.0,19.8,26.6
2018,9417,Machining tool operators,ER00,Canada,15.4,22.52,29.5
2018,9418,Other metal products machine operators,ER00,Canada,13.4,18.0,27.0
2018,9421,Chemical plant machine operators,ER00,Canada,13.0,20.98,31.07
2018,9422,Plastics processing machine operators,ER00,Canada,12.0,17.0,24.0
2018,9423,Rubber processing machine operators and related workers,ER00,Canada,14.0,20.0,29.0
2018,9431,Sawmill machine operators,ER00,Canada,14.72,24.0,31.25
2018,9432,Pulp mill machine operators,ER00,Canada,21.5,30.87,39.9
2018,9433,Papermaking and finishing machine operators,ER00,Canada,13.9,26.53,33.0
2018,9434,Other wood processing machine operators,ER00,Canada,14.9,22.23,30.39
2018,9435,Paper converting machine operators,ER00,Canada,11.55,21.95,29.0
2018,9436,Lumber graders and other wood processing inspectors and graders,ER00,Canada,15.0,22.0,33.0
2018,9437,Woodworking machine operators,ER00,Canada,13.0,18.0,25.2
2018,9441,"Textile fibre and yarn, hide and pelt processing machine operators and workers",ER00,Canada,11.5,16.78,25.5
2018,9442,"Weavers, knitters and other fabric making occupations",ER00,Canada,13.0,15.0,23.0
2018,9445,"Fabric, fur and leather cutters",ER00,Canada,11.0,14.75,17.5
2018,9446,Industrial sewing machine operators,ER00,Canada,11.0,13.0,19.0
2018,9447,"Inspectors and graders, textile, fabric, fur and leather products manufacturing",ER00,Canada,11.0,15.0,23.0
2018,9461,"Process control and machine operators, food, beverage and associated products processing",ER00,Canada,12.0,17.6,26.31
2018,9462,"Industrial butchers and meat cutters, poultry preparers and related workers",ER00,Canada,13.7,19.0,21.5
2018,9463,Fish and seafood plant workers,ER00,Canada,11.0,13.5,18.0
2018,9465,"Testers and graders, food, beverage and associated products processing",ER00,Canada,12.0,20.01,28.0
2018,9471,Plateless printing equipment operators,ER00,Canada,12.0,19.5,27.42
2018,9472,"Camera, platemaking and other prepress occupations",ER00,Canada,15.44,20.9,33.75
2018,9473,Binding and finishing machine operators,ER00,Canada,12.5,19.0,30.8
2018,9474,Photographic and film processors,ER00,Canada,11.0,14.0,22.0
2018,9521,Aircraft assemblers and aircraft assembly inspectors,ER00,Canada,17.0,27.58,37.95
2018,9522,"Motor vehicle assemblers, inspectors and testers",ER00,Canada,17.0,23.42,35.0
2018,9523,"Electronics assemblers, fabricators, inspectors and testers",ER00,Canada,12.0,16.0,27.5
2018,9524,"Assemblers and inspectors, electrical appliance, apparatus and equipment manufacturing",ER00,Canada,13.0,19.88,28.85
2018,9525,"Assemblers, fabricators and inspectors, industrial electrical motors and transformers",ER00,Canada,12.55,18.9,27.55
2018,9526,Mechanical assemblers and inspectors,ER00,Canada,14.5,21.8,29.65
2018,9527,"Machine operators and inspectors, electrical apparatus manufacturing",ER00,Canada,12.5,17.95,26.0
2018,9531,Boat assemblers and inspectors,ER00,Canada,14.0,19.99,26.14
2018,9532,Furniture and fixture assemblers and inspectors,ER00,Canada,13.0,16.5,22.0
2018,9533,Other wood products assemblers and inspectors,ER00,Canada,13.0,16.91,25.0
2018,9534,Furniture finishers and refinishers,ER00,Canada,12.5,18.0,26.0
2018,9535,"Plastic products assemblers, finishers and inspectors",ER00,Canada,12.6,16.65,22.0
2018,9536,"Industrial painters, coaters and metal finishing process operators",ER00,Canada,14.0,21.0,34.15
2018,9537,"Other products assemblers, finishers and inspectors",ER00,Canada,11.75,16.8,25.38
2018,9611,Labourers in mineral and metal processing,ER00,Canada,14.25,18.46,30.0
2018,9612,Labourers in metal fabrication,ER00,Canada,12.25,17.0,27.0
2018,9613,Labourers in chemical products processing and utilities,ER00,Canada,13.32,20.06,32.65
2018,9614,"Labourers in wood, pulp and paper processing",ER00,Canada,12.0,19.0,30.0
2018,9615,Labourers in rubber and plastic products manufacturing,ER00,Canada,12.0,15.6,23.0
2018,9616,Labourers in textile processing,ER00,Canada,11.0,15.0,22.0
2018,9617,"Labourers in food, beverage and associated products processing",ER00,Canada,11.35,15.0,22.0
2018,9618,Labourers in fish and seafood processing,ER00,Canada,12.0,13.52,19.45
2018,9619,"Other labourers in processing, manufacturing and utilities",ER00,Canada,11.25,13.75,23.0
2019,0011,Legislators,ER00,Canada,11.9495,33.842,71.4125
2019,0012,Senior government managers and officials,ER00,Canada,22.5,40.38,89.14
2019,0013,"Senior managers - financial, communications and other business services",ER00,Canada,25.48,53.08,89.6
2019,0014,"Senior managers - health, education, social and community services and membership organizations",ER00,Canada,19.98,43.24,93.45
2019,0015,"Senior managers - trade, broadcasting and other services, n.e.c.",ER00,Canada,11.32,39.92,146.19
2019,0016,"Senior managers - construction, transportation, production and utilities",ER00,Canada,11.32,46.71,159.72
2019,0111,Financial managers,ER00,Canada,25.24,46.15,71.43
2019,0112,Human resources managers,ER00,Canada,25.71,45.06,69.23
2019,0113,Purchasing managers,ER00,Canada,25.79,42.05,68.75
2019,0114,Other administrative services managers,ER00,Canada,22.25,38.01,61.54
2019,0121,"Insurance, real estate and financial brokerage managers",ER00,Canada,28.85,46.7,76.92
2019,0122,"Banking, credit and other investment managers",ER00,Canada,25.64,45.64,64.9
2019,0124,"Advertising, marketing and public relations managers",ER00,Canada,22.56,39.56,62.5
2019,0125,Other business services managers,ER00,Canada,20.0,35.0,69.74
2019,0131,Telecommunication carriers managers,ER00,Canada,24.04,41.03,77.88
2019,0132,Postal and courier services managers,ER00,Canada,19.27,40.87,52.31
2019,0211,Engineering managers,ER00,Canada,30.77,50.96,76.92
2019,0212,Architecture and science managers,ER00,Canada,30.0,49.04,76.92
2019,0213,Computer and information systems managers,ER00,Canada,29.23,50.0,72.12
2019,0311,Managers in health care,ER00,Canada,22.84,45.67,64.1
2019,0411,Government managers - health and social policy development and program administration,ER00,Canada,29.23,52.82,65.93
2019,0412,"Government managers - economic analysis, policy development and program administration",ER00,Canada,28.0,49.23,65.64
2019,0413,Government managers - education policy development and program administration,ER00,Canada,23.51,44.05,63.89
2019,0414,Other managers in public administration,ER00,Canada,30.0,52.66,70.0
2019,0421,Administrators - post-secondary education and vocational training,ER00,Canada,25.0,48.08,73.08
2019,0422,School principals and administrators of elementary and secondary education,ER00,Canada,27.78,48.08,61.54
2019,0423,"Managers in social, community and correctional services",ER00,Canada,19.2,35.13,57.69
2019,0431,Commissioned police officers,ER00,Canada,29.23,51.68,73.56
2019,0432,Fire chiefs and senior firefighting officers,ER00,Canada,30.0,53.43,67.31
2019,0433,Commissioned officers of the Canadian Forces,ER00,Canada,26.41,44.14,58.76
2019,0511,"Library, archive, museum and art gallery managers",ER00,Canada,22.88,38.46,60.1
2019,0512,"Managers - publishing, motion pictures, broadcasting and performing arts",ER00,Canada,16.03,30.77,62.5
2019,0513,"Recreation, sports and fitness program and service directors",ER00,Canada,19.23,31.5,48.08
2019,0601,Corporate sales managers,ER00,Canada,23.08,42.31,71.15
2019,0621,Retail and wholesale trade managers,ER00,Canada,16.83,32.69,60.1
2019,0631,Restaurant and food service managers,ER00,Canada,13.5,20.67,43.27
2019,0632,Accommodation service managers,ER00,Canada,14.42,27.5,60.17
2019,0651,"Managers in customer and personal services, n.e.c.",ER00,Canada,15.0,25.8,50.0
2019,0711,Construction managers,ER00,Canada,22.5,40.0,61.54
2019,0712,Home building and renovation managers,ER00,Canada,15.0,20.43,30.0
2019,0714,Facility operation and maintenance managers,ER00,Canada,18.46,33.65,56.41
2019,0731,Managers in transportation,ER00,Canada,23.08,40.51,65.56
2019,0811,Managers in natural resources production and fishing,ER00,Canada,22.0,55.29,95.55
2019,0821,Managers in agriculture,ER00,Canada,12.0,20.0,38.46
2019,0822,Managers in horticulture,ER00,Canada,18.5,26.0,54.95
2019,0823,Managers in aquaculture,ER00,Canada,11.32,25.17,43.43
2019,0911,Manufacturing managers,ER00,Canada,22.0,39.74,65.56
2019,0912,Utilities managers,ER00,Canada,30.0,54.87,78.37
2019,1111,Financial auditors and accountants,ER00,Canada,19.5,33.65,57.69
2019,1112,Financial and investment analysts,ER00,Canada,21.98,33.65,55.9
2019,1113,"Securities agents, investment dealers and brokers",ER00,Canada,19.2,29.67,62.56
2019,1114,Other financial officers,ER00,Canada,20.0,31.79,54.59
2019,1121,Human resources professionals,ER00,Canada,20.0,35.82,54.95
2019,1122,Professional occupations in business management consulting,ER00,Canada,20.0,36.55,57.21
2019,1123,"Professional occupations in advertising, marketing and public relations",ER00,Canada,16.67,29.91,48.84
2019,1211,"Supervisors, general office and administrative support workers",ER00,Canada,16.5,26.44,43.15
2019,1212,"Supervisors, finance and insurance office workers",ER00,Canada,17.31,28.85,42.0
2019,1213,"Supervisors, library, correspondence and related information workers",ER00,Canada,16.0,28.85,45.1
2019,1214,"Supervisors, mail and message distribution occupations",ER00,Canada,18.0,25.31,33.64
2019,1215,"Supervisors, supply chain, tracking and scheduling co-ordination occupations",ER00,Canada,16.0,24.04,39.42
2019,1221,Administrative officers,ER00,Canada,16.0,24.04,36.26
2019,1222,Executive assistants,ER00,Canada,17.5,27.69,40.0
2019,1223,Human resources and recruitment officers,ER00,Canada,16.83,27.47,40.97
2019,1224,Property administrators,ER00,Canada,14.0,23.8,38.46
2019,1225,Purchasing agents and officers,ER00,Canada,18.46,28.85,46.88
2019,1226,Conference and event planners,ER00,Canada,14.0,23.0,36.0
2019,1227,Court officers and justices of the peace,ER00,Canada,20.0,28.0,39.84
2019,1228,"Employment insurance, immigration, border services and revenue officers",ER00,Canada,20.88,29.37,41.03
2019,1241,Administrative assistants,ER00,Canada,15.0,21.82,31.0
2019,1242,Legal administrative assistants,ER00,Canada,15.0,23.0,32.97
2019,1243,Medical administrative assistants,ER00,Canada,15.0,21.86,28.85
2019,1251,"Court reporters, medical transcriptionists and related occupations",ER00,Canada,16.15,23.0,29.65
2019,1252,Health information management occupations,ER00,Canada,20.0,26.8,38.72
2019,1253,Records management technicians,ER00,Canada,19.0,26.92,35.0
2019,1254,Statistical officers and related research support occupations,ER00,Canada,21.63,27.74,41.43
2019,1311,Accounting technicians and bookkeepers,ER00,Canada,15.0,22.0,35.0
2019,1312,Insurance adjusters and claims examiners,ER00,Canada,18.1,28.21,42.03
2019,1313,Insurance underwriters,ER00,Canada,18.0,28.85,45.58
2019,1314,"Assessors, valuators and appraisers",ER00,Canada,17.0,31.02,44.62
2019,1315,"Customs, ship and other brokers",ER00,Canada,15.38,24.18,33.33
2019,1411,General office support workers,ER00,Canada,14.0,20.51,30.29
2019,1414,Receptionists,ER00,Canada,12.5,17.31,25.0
2019,1415,Personnel clerks,ER00,Canada,14.0,22.0,28.57
2019,1416,Court clerks,ER00,Canada,18.75,25.89,33.0
2019,1422,Data entry clerks,ER00,Canada,13.85,20.0,30.05
2019,1423,Desktop publishing operators and related occupations,ER00,Canada,14.0,26.0,32.69
2019,1431,Accounting and related clerks,ER00,Canada,15.0,21.0,30.0
2019,1432,Payroll clerks,ER00,Canada,17.0,25.0,33.53
2019,1434,"Banking, insurance and other financial clerks",ER00,Canada,14.42,20.67,30.77
2019,1435,Collectors,ER00,Canada,14.0,22.56,33.93
2019,1451,Library assistants and clerks,ER00,Canada,12.5,21.0,30.0
2019,1452,"Correspondence, publication and regulatory clerks",ER00,Canada,15.38,24.62,32.97
2019,1454,Survey interviewers and statistical clerks,ER00,Canada,12.0,19.0,30.77
2019,1511,"Mail, postal and related workers",ER00,Canada,14.0,22.8,27.9
2019,1512,Letter carriers,ER00,Canada,19.0,26.0,29.69
2019,1513,"Couriers, messengers and door-to-door distributors",ER00,Canada,11.32,18.0,29.16
2019,1521,Shippers and receivers,ER00,Canada,13.5,18.0,27.69
2019,1522,Storekeepers and partspersons,ER00,Canada,14.0,21.54,35.0
2019,1523,Production logistics co-ordinators,ER00,Canada,16.2,24.09,38.1
2019,1524,Purchasing and inventory control workers,ER00,Canada,12.2,18.5,30.77
2019,1525,Dispatchers,ER00,Canada,14.0,23.0,36.85
2019,1526,Transportation route and crew schedulers,ER00,Canada,17.0,24.69,39.56
2019,2111,Physicists and astronomers,ER00,Canada,25.96,42.56,71.79
2019,2112,Chemists,ER00,Canada,18.0,32.82,56.25
2019,2113,Geoscientists and oceanographers,ER00,Canada,27.24,45.0,72.12
2019,2114,Meteorologists and climatologists,ER00,Canada,29.15,46.15,52.88
2019,2115,Other professional occupations in physical sciences,ER00,Canada,35.1,46.15,57.69
2019,2121,Biologists and related scientists,ER00,Canada,20.67,36.0,56.0
2019,2122,Forestry professionals,ER00,Canada,26.3,40.0,51.54
2019,2123,"Agricultural representatives, consultants and specialists",ER00,Canada,19.23,31.25,47.18
2019,2131,Civil engineers,ER00,Canada,25.0,39.42,61.54
2019,2132,Mechanical engineers,ER00,Canada,24.0,39.18,62.37
2019,2133,Electrical and electronics engineers,ER00,Canada,26.92,43.27,64.9
2019,2134,Chemical engineers,ER00,Canada,22.0,38.46,69.23
2019,2141,Industrial and manufacturing engineers,ER00,Canada,22.9,36.06,57.14
2019,2142,Metallurgical and materials engineers,ER00,Canada,25.0,40.87,72.12
2019,2143,Mining engineers,ER00,Canada,31.25,47.31,80.13
2019,2144,Geological engineers,ER00,Canada,21.63,35.0,56.73
2019,2145,Petroleum engineers,ER00,Canada,31.25,55.56,85.1
2019,2146,Aerospace engineers,ER00,Canada,24.52,39.42,65.93
2019,2147,Computer engineers (except software engineers and designers),ER00,Canada,23.08,43.27,60.73
2019,2148,"Other professional engineers, n.e.c.",ER00,Canada,23.0,39.08,58.46
2019,2151,Architects,ER00,Canada,20.0,31.79,59.49
2019,2152,Landscape architects,ER00,Canada,22.84,35.0,48.87
2019,2153,Urban and land use planners,ER00,Canada,28.0,39.95,60.33
2019,2154,Land surveyors,ER00,Canada,22.0,33.0,57.69
2019,2161,"Mathematicians, statisticians and actuaries",ER00,Canada,26.0,42.0,69.23
2019,2171,Information systems analysts and consultants,ER00,Canada,22.56,38.46,55.29
2019,2172,Database analysts and data administrators,ER00,Canada,18.0,34.13,51.28
2019,2173,Software engineers and designers,ER00,Canada,26.92,43.27,66.83
2019,2174,Computer programmers and interactive media developers,ER00,Canada,20.43,36.06,55.29
2019,2175,Web designers and developers,ER00,Canada,17.25,28.85,45.67
2019,2211,Chemical technologists and technicians,ER00,Canada,15.72,24.76,41.49
2019,2212,Geological and mineral technologists and technicians,ER00,Canada,15.5,30.0,55.29
2019,2221,Biological technologists and technicians,ER00,Canada,15.0,25.33,37.95
2019,2222,Agricultural and fish products inspectors,ER00,Canada,19.62,32.82,46.0
2019,2223,Forestry technologists and technicians,ER00,Canada,18.2,26.0,38.67
2019,2224,Conservation and fishery officers,ER00,Canada,20.22,32.52,46.15
2019,2225,Landscape and horticulture technicians and specialists,ER00,Canada,14.5,22.4,38.0
2019,2231,Civil engineering technologists and technicians,ER00,Canada,17.26,28.5,47.69
2019,2232,Mechanical engineering technologists and technicians,ER00,Canada,18.0,31.5,51.3
2019,2233,Industrial engineering and manufacturing technologists and technicians,ER00,Canada,17.0,25.89,41.35
2019,2234,Construction estimators,ER00,Canada,20.0,31.25,50.0
2019,2241,Electrical and electronics engineering technologists and technicians,ER00,Canada,18.0,32.0,50.0
2019,2242,Electronic service technicians (household and business equipment),ER00,Canada,15.0,25.0,40.0
2019,2243,Industrial instrument technicians and mechanics,ER00,Canada,23.69,38.9,60.0
2019,2244,"Aircraft instrument, electrical and avionics mechanics, technicians and inspectors",ER00,Canada,20.75,38.46,48.08
2019,2251,Architectural technologists and technicians,ER00,Canada,18.0,26.0,41.03
2019,2252,Industrial designers,ER00,Canada,17.25,28.0,44.1
2019,2253,Drafting technologists and technicians,ER00,Canada,18.0,26.15,43.26
2019,2254,Land survey technologists and technicians,ER00,Canada,17.31,27.0,44.23
2019,2255,Technical occupations in geomatics and meteorology,ER00,Canada,21.4,35.06,47.18
2019,2261,Non-destructive testers and inspection technicians,ER00,Canada,18.5,35.5,53.0
2019,2262,Engineering inspectors and regulatory officers,ER00,Canada,23.0,36.0,58.97
2019,2263,Inspectors in public and environmental health and occupational health and safety,ER00,Canada,21.98,36.5,51.28
2019,2264,Construction inspectors,ER00,Canada,20.3,32.69,50.0
2019,2271,"Air pilots, flight engineers and flying instructors",ER00,Canada,19.23,38.81,72.12
2019,2272,Air traffic controllers and related occupations,ER00,Canada,21.42,40.06,75.0
2019,2273,"Deck officers, water transport",ER00,Canada,19.5,34.0,51.28
2019,2274,"Engineer officers, water transport",ER00,Canada,22.0,33.51,48.0
2019,2275,Railway traffic controllers and marine traffic regulators,ER00,Canada,29.23,39.0,50.0
2019,2281,Computer network technicians,ER00,Canada,17.25,32.0,48.07
2019,2282,User support technicians,ER00,Canada,16.0,28.59,47.54
2019,2283,Information systems testing technicians,ER00,Canada,12.0,27.0,41.76
2019,3011,Nursing co-ordinators and supervisors,ER00,Canada,21.63,40.0,50.8
2019,3012,Registered nurses and registered psychiatric nurses,ER00,Canada,23.36,37.6,46.7
2019,3111,Specialist physicians,ER00,Canada,49.247645,138.61641,277.29922999999997
2019,3112,General practitioners and family physicians,ER00,Canada,41.580220000000004,106.488485,201.86195999999998
2019,3113,Dentists,ER00,Canada,15.064,59.197,130.7585
2019,3114,Veterinarians,ER00,Canada,15.1145,42.537,69.8335
2019,3121,Optometrists,ER00,Canada,11.9495,43.0575,83.929
2019,3122,Chiropractors,ER00,Canada,11.9495,30.0385,61.158
2019,3124,Allied primary health practitioners,ER00,Canada,22.86,50.0,60.0
2019,3125,Other professional occupations in health diagnosing and treating,ER00,Canada,11.9495,26.2585,53.874
2019,3131,Pharmacists,ER00,Canada,27.056,52.323,72.15
2019,3132,Dietitians and nutritionists,ER00,Canada,23.5,37.0,44.0
2019,3141,Audiologists and speech-language pathologists,ER00,Canada,23.5,40.06,52.35
2019,3142,Physiotherapists,ER00,Canada,25.0,38.0,48.08
2019,3143,Occupational therapists,ER00,Canada,24.04,39.47,49.65
2019,3144,Other professional occupations in therapy and assessment,ER00,Canada,16.0,25.03,41.0
2019,3211,Medical laboratory technologists,ER00,Canada,23.0,34.83,44.75
2019,3212,Medical laboratory technicians and pathologists' assistants,ER00,Canada,18.0,25.0,40.0
2019,3213,Animal health technologists and veterinary technicians,ER00,Canada,13.7,18.0,25.3
2019,3214,"Respiratory therapists, clinical perfusionists and cardiopulmonary technologists",ER00,Canada,23.13,34.95,47.0
2019,3215,Medical radiation technologists,ER00,Canada,22.25,33.33,44.4
2019,3216,Medical sonographers,ER00,Canada,30.0,38.0,45.96
2019,3217,"Cardiology technologists and electrophysiological diagnostic technologists, n.e.c.",ER00,Canada,18.0,27.78,37.0
2019,3219,Other medical technologists and technicians (except dental health),ER00,Canada,13.15,18.0,29.0
2019,3221,Denturists,ER00,Canada,11.9495,27.2125,56.177
2019,3222,Dental hygienists and dental therapists,ER00,Canada,21.0,35.0,45.0
2019,3223,"Dental technologists, technicians and laboratory assistants",ER00,Canada,15.0,22.0,40.06
2019,3231,Opticians,ER00,Canada,15.0,24.0,34.5
2019,3232,Practitioners of natural healing,ER00,Canada,15.0,28.85,48.08
2019,3233,Licensed practical nurses,ER00,Canada,20.0,26.3,33.0
2019,3234,Paramedical occupations,ER00,Canada,21.87,33.0,43.88
2019,3236,Massage therapists,ER00,Canada,11.5,24.29,50.0
2019,3237,Other technical occupations in therapy and assessment,ER00,Canada,14.0,23.0,36.0
2019,3411,Dental assistants,ER00,Canada,16.25,22.75,32.0
2019,3413,"Nurse aides, orderlies and patient service associates",ER00,Canada,14.5,20.23,26.0
2019,3414,Other assisting occupations in support of health services,ER00,Canada,13.55,19.6,26.5
2019,4011,University professors and lecturers,ER00,Canada,20.0,46.15,76.92
2019,4012,Post-secondary teaching and research assistants,ER00,Canada,11.54,23.08,43.0
2019,4021,College and other vocational instructors,ER00,Canada,19.0,37.93,56.09
2019,4031,Secondary school teachers,ER00,Canada,25.0,41.21,52.88
2019,4032,Elementary school and kindergarten teachers,ER00,Canada,21.43,37.5,51.28
2019,4033,Educational counsellors,ER00,Canada,21.19,36.06,50.0
2019,4111,Judges,ER00,Canada,65.66,135.65,148.85
2019,4112,Lawyers and Quebec notaries,ER00,Canada,18.6735,58.47,147.173
2019,4151,Psychologists,ER00,Canada,20.0,40.0,63.0
2019,4152,Social workers,ER00,Canada,19.2,33.33,46.15
2019,4153,"Family, marriage and other related counsellors",ER00,Canada,18.0,28.55,46.5
2019,4154,Professional occupations in religion,ER00,Canada,13.46,23.08,40.0
2019,4155,Probation and parole officers and related occupations,ER00,Canada,27.0,38.57,44.1
2019,4156,Employment counsellors,ER00,Canada,18.5,25.5,43.0
2019,4161,"Natural and applied science policy researchers, consultants and program officers",ER00,Canada,21.0,39.9,60.08
2019,4162,Economists and economic policy researchers and analysts,ER00,Canada,27.6,43.75,68.38
2019,4163,Business development officers and marketing researchers and consultants,ER00,Canada,18.75,35.9,60.26
2019,4164,"Social policy researchers, consultants and program officers",ER00,Canada,20.77,35.0,52.18
2019,4165,"Health policy researchers, consultants and program officers",ER00,Canada,20.0,36.92,52.82
2019,4166,"Education policy researchers, consultants and program officers",ER00,Canada,20.67,35.9,52.2
2019,4167,"Recreation, sports and fitness policy researchers, consultants and program officers",ER00,Canada,15.0,24.0,40.0
2019,4168,Program officers unique to government,ER00,Canada,22.4,41.83,58.97
2019,4169,"Other professional occupations in social science, n.e.c.",ER00,Canada,19.0,36.0,61.03
2019,4211,Paralegal and related occupations,ER00,Canada,17.5,28.02,46.15
2019,4212,Social and community service workers,ER00,Canada,14.0,21.54,33.0
2019,4214,Early childhood educators and assistants,ER00,Canada,12.5,18.0,27.0
2019,4215,Instructors of persons with disabilities,ER00,Canada,16.5,26.0,33.2
2019,4216,Other instructors,ER00,Canada,11.7,18.0,33.46
2019,4217,Other religious occupations,ER00,Canada,12.0,19.71,39.9
2019,4311,Police officers (except commissioned),ER00,Canada,25.71,42.24,55.0
2019,4312,Firefighters,ER00,Canada,22.44,40.06,52.0
2019,4313,Non-commissioned ranks of the Canadian Forces,ER00,Canada,22.12,32.16,42.24
2019,4411,Home child care providers,ER00,Canada,11.32,14.11,20.0
2019,4412,"Home support workers, housekeepers and related occupations",ER00,Canada,12.5,16.5,24.4
2019,4413,Elementary and secondary school teacher assistants,ER00,Canada,14.91,22.0,29.76
2019,4421,Sheriffs and bailiffs,ER00,Canada,19.52,34.59,42.7
2019,4422,Correctional service officers,ER00,Canada,23.36,33.65,42.37
2019,4423,"By-law enforcement and other regulatory officers, n.e.c.",ER00,Canada,16.0,31.04,40.98
2019,5111,Librarians,ER00,Canada,15.53,28.85,43.96
2019,5112,Conservators and curators,ER00,Canada,17.0,31.66,46.62
2019,5113,Archivists,ER00,Canada,16.83,21.5,37.36
2019,5121,Authors and writers,ER00,Canada,16.0,29.67,43.59
2019,5122,Editors,ER00,Canada,15.0,24.73,40.0
2019,5123,Journalists,ER00,Canada,16.5,30.0,45.0
2019,5125,"Translators, terminologists and interpreters",ER00,Canada,15.0,25.0,40.38
2019,5131,"Producers, directors, choreographers and related occupations",ER00,Canada,16.0,31.25,43.27
2019,5132,"Conductors, composers and arrangers",ER00,Canada,11.9495,18.0495,44.0085
2019,5133,Musicians and singers,ER00,Canada,13.99,20.0,38.65
2019,5134,Dancers,ER00,Canada,17.0,30.0,50.0
2019,5135,Actors and comedians,ER00,Canada,11.92,18.0,35.0
2019,5136,"Painters, sculptors and other visual artists",ER00,Canada,15.0,25.0,41.24
2019,5211,Library and public archive technicians,ER00,Canada,15.0,26.0,32.97
2019,5212,Technical occupations related to museums and art galleries,ER00,Canada,12.0,16.33,34.0
2019,5221,Photographers,ER00,Canada,11.5,18.0,30.22
2019,5222,Film and video camera operators,ER00,Canada,12.5,27.0,38.7
2019,5223,Graphic arts technicians,ER00,Canada,16.58,24.0,40.24
2019,5224,Broadcast technicians,ER00,Canada,20.0,24.04,38.46
2019,5225,Audio and video recording technicians,ER00,Canada,11.32,23.0,43.27
2019,5226,"Other technical and co-ordinating occupations in motion pictures, broadcasting and the performing arts",ER00,Canada,16.0,28.23,40.0
2019,5227,"Support occupations in motion pictures, broadcasting, photography and the performing arts",ER00,Canada,14.0,21.94,33.81
2019,5231,Announcers and other broadcasters,ER00,Canada,14.0,21.98,41.03
2019,5232,"Other performers, n.e.c.",ER00,Canada,11.32,14.0,20.0
2019,5241,Graphic designers and illustrators,ER00,Canada,15.0,24.04,39.9
2019,5242,Interior designers and interior decorators,ER00,Canada,14.0,21.0,34.62
2019,5243,"Theatre, fashion, exhibit and other creative designers",ER00,Canada,14.5,24.04,34.19
2019,5244,Artisans and craftspersons,ER00,Canada,11.6,16.0,26.12
2019,5245,"Patternmakers - textile, leather and fur products",ER00,Canada,13.71,23.83,37.23
2019,5251,Athletes,ER00,Canada,11.32,22.25,39.74
2019,5252,Coaches,ER00,Canada,11.32,20.0,35.0
2019,5253,Sports officials and referees,ER00,Canada,11.32,16.0,24.04
2019,5254,"Program leaders and instructors in recreation, sport and fitness",ER00,Canada,11.5,15.0,26.0
2019,6211,Retail sales supervisors,ER00,Canada,12.5,18.0,29.33
2019,6221,Technical sales specialists - wholesale trade,ER00,Canada,13.0,24.04,43.27
2019,6222,Retail and wholesale buyers,ER00,Canada,13.5,23.33,33.65
2019,6231,Insurance agents and brokers,ER00,Canada,14.0,23.56,34.62
2019,6232,Real estate agents and salespersons,ER00,Canada,11.9495,23.106,67.3915
2019,6235,Financial sales representatives,ER00,Canada,14.0,22.84,37.44
2019,6311,Food service supervisors,ER00,Canada,11.72,14.65,21.37
2019,6312,Executive housekeepers,ER00,Canada,13.25,17.31,27.88
2019,6313,"Accommodation, travel, tourism and related services supervisors",ER00,Canada,14.9,22.0,33.0
2019,6314,Customer and information services supervisors,ER00,Canada,14.21,22.12,35.71
2019,6315,Cleaning supervisors,ER00,Canada,14.1,21.02,36.26
2019,6316,Other services supervisors,ER00,Canada,12.65,18.79,33.94
2019,6321,Chefs,ER00,Canada,12.0,17.09,25.45
2019,6322,Cooks,ER00,Canada,11.32,14.0,19.62
2019,6331,"Butchers, meat cutters and fishmongers - retail and wholesale",ER00,Canada,11.32,14.75,22.0
2019,6332,Bakers,ER00,Canada,11.32,14.0,20.2
2019,6341,Hairstylists and barbers,ER00,Canada,11.35,15.0,24.04
2019,6342,"Tailors, dressmakers, furriers and milliners",ER00,Canada,11.32,15.0,22.0
2019,6343,Shoe repairers and shoemakers,ER00,Canada,12.0,15.92,23.0
2019,6344,"Jewellers, jewellery and watch repairers and related occupations",ER00,Canada,11.55,20.0,30.0
2019,6345,Upholsterers,ER00,Canada,13.25,18.0,29.69
2019,6346,Funeral directors and embalmers,ER00,Canada,14.0,19.77,31.73
2019,6411,Sales and account representatives - wholesale trade (non-technical),ER00,Canada,13.85,23.12,40.38
2019,6421,Retail salespersons,ER00,Canada,11.32,14.0,22.0
2019,6511,Maîtres d'hôtel and hosts/hostesses,ER00,Canada,11.32,14.0,22.73
2019,6512,Bartenders,ER00,Canada,11.32,15.0,25.0
2019,6513,Food and beverage servers,ER00,Canada,11.32,14.0,22.0
2019,6521,Travel counsellors,ER00,Canada,12.0,17.5,26.0
2019,6522,Pursers and flight attendants,ER00,Canada,12.0,18.0,36.0
2019,6523,Airline ticket and service agents,ER00,Canada,12.75,17.53,28.0
2019,6524,"Ground and water transport ticket agents, cargo service representatives and related clerks",ER00,Canada,12.0,17.4,27.56
2019,6525,Hotel front desk clerks,ER00,Canada,11.95,15.0,22.0
2019,6531,Tour and travel guides,ER00,Canada,11.84,14.25,23.0
2019,6532,Outdoor sport and recreational guides,ER00,Canada,12.5,16.26,25.0
2019,6533,Casino occupations,ER00,Canada,13.25,20.0,27.0
2019,6541,Security guards and related security service occupations,ER00,Canada,12.0,16.5,25.5
2019,6551,Customer services representatives - financial institutions,ER00,Canada,14.0,17.5,25.0
2019,6552,Other customer and information services representatives,ER00,Canada,12.0,17.5,28.85
2019,6561,"Image, social and other personal consultants",ER00,Canada,11.32,16.0,29.95
2019,6562,"Estheticians, electrologists and related occupations",ER00,Canada,11.32,15.0,21.63
2019,6563,Pet groomers and animal care workers,ER00,Canada,11.5,14.0,19.67
2019,6564,Other personal service occupations,ER00,Canada,11.32,16.03,25.0
2019,6611,Cashiers,ER00,Canada,11.32,12.0,15.87
2019,6621,Service station attendants,ER00,Canada,11.32,12.2,16.0
2019,6622,"Store shelf stockers, clerks and order fillers",ER00,Canada,11.32,13.15,19.4
2019,6623,Other sales related occupations,ER00,Canada,11.4,14.0,23.08
2019,6711,"Food counter attendants, kitchen helpers and related support occupations",ER00,Canada,11.32,12.75,18.0
2019,6721,"Support occupations in accommodation, travel and facilities set-up services",ER00,Canada,12.0,16.0,25.0
2019,6722,"Operators and attendants in amusement, recreation and sport",ER00,Canada,11.32,14.0,22.95
2019,6731,Light duty cleaners,ER00,Canada,11.5,15.0,21.0
2019,6732,Specialized cleaners,ER00,Canada,11.55,15.0,25.0
2019,6733,"Janitors, caretakers and building superintendents",ER00,Canada,12.0,18.0,26.0
2019,6741,"Dry cleaning, laundry and related occupations",ER00,Canada,11.5,15.69,20.26
2019,6742,"Other service support occupations, n.e.c.",ER00,Canada,11.32,14.0,19.0
2019,7201,"Contractors and supervisors, machining, metal forming, shaping and erecting trades and related occupations",ER00,Canada,21.3,33.65,46.0
2019,7202,"Contractors and supervisors, electrical trades and telecommunications occupations",ER00,Canada,24.5,38.0,52.0
2019,7203,"Contractors and supervisors, pipefitting trades",ER00,Canada,28.0,44.69,53.65
2019,7204,"Contractors and supervisors, carpentry trades",ER00,Canada,21.0,31.0,44.0
2019,7205,"Contractors and supervisors, other construction trades, installers, repairers and servicers",ER00,Canada,20.0,32.0,45.0
2019,7231,Machinists and machining and tooling inspectors,ER00,Canada,16.88,25.68,36.0
2019,7232,Tool and die makers,ER00,Canada,15.0,25.64,36.06
2019,7233,Sheet metal workers,ER00,Canada,18.28,30.5,40.0
2019,7234,Boilermakers,ER00,Canada,22.0,39.6,50.0
2019,7235,Structural metal and platework fabricators and fitters,ER00,Canada,14.0,26.0,40.0
2019,7236,Ironworkers,ER00,Canada,20.0,35.0,42.8
2019,7237,Welders and related machine operators,ER00,Canada,17.0,25.0,39.0
2019,7241,Electricians (except industrial and power system),ER00,Canada,17.29,32.0,44.0
2019,7242,Industrial electricians,ER00,Canada,20.0,33.19,45.0
2019,7243,Power system electricians,ER00,Canada,26.5,41.23,50.0
2019,7244,Electrical power line and cable workers,ER00,Canada,20.88,38.46,49.0
2019,7245,Telecommunications line and cable workers,ER00,Canada,18.0,27.25,38.0
2019,7246,Telecommunications installation and repair workers,ER00,Canada,17.0,28.2,38.18
2019,7247,Cable television service and maintenance technicians,ER00,Canada,20.0,28.85,44.0
2019,7251,Plumbers,ER00,Canada,16.8,30.0,40.0
2019,7252,"Steamfitters, pipefitters and sprinkler system installers",ER00,Canada,21.0,36.0,47.0
2019,7253,Gas fitters,ER00,Canada,20.0,30.0,44.0
2019,7271,Carpenters,ER00,Canada,16.5,25.0,37.51
2019,7272,Cabinetmakers,ER00,Canada,15.0,20.0,34.5
2019,7281,Bricklayers,ER00,Canada,17.0,31.94,40.0
2019,7282,Concrete finishers,ER00,Canada,18.5,27.0,36.85
2019,7283,Tilesetters,ER00,Canada,15.0,28.0,38.27
2019,7284,"Plasterers, drywall installers and finishers and lathers",ER00,Canada,14.5,27.0,38.8
2019,7291,Roofers and shinglers,ER00,Canada,16.0,25.0,38.28
2019,7292,Glaziers,ER00,Canada,16.0,23.0,33.5
2019,7293,Insulators,ER00,Canada,18.0,28.5,41.93
2019,7294,Painters and decorators (except interior decorators),ER00,Canada,14.0,22.0,32.05
2019,7295,Floor covering installers,ER00,Canada,13.0,20.0,35.0
2019,7301,"Contractors and supervisors, mechanic trades",ER00,Canada,19.0,32.0,48.08
2019,7302,"Contractors and supervisors, heavy equipment operator crews",ER00,Canada,20.0,33.0,50.0
2019,7303,"Supervisors, printing and related occupations",ER00,Canada,19.0,25.46,38.46
2019,7304,"Supervisors, railway transport operations",ER00,Canada,27.0,37.0,52.45
2019,7305,"Supervisors, motor transport and other ground transit operators",ER00,Canada,15.56,27.5,44.62
2019,7311,Construction millwrights and industrial mechanics,ER00,Canada,18.94,30.0,43.0
2019,7312,Heavy-duty equipment mechanics,ER00,Canada,18.75,32.0,45.67
2019,7313,Refrigeration and air conditioning mechanics,ER00,Canada,17.5,31.75,47.5
2019,7314,Railway carmen/women,ER00,Canada,20.25,32.0,40.0
2019,7315,Aircraft mechanics and aircraft inspectors,ER00,Canada,16.0,27.88,40.0
2019,7316,Machine fitters,ER00,Canada,16.59,29.44,46.2
2019,7318,Elevator constructors and mechanics,ER00,Canada,18.0,39.0,53.25
2019,7321,"Automotive service technicians, truck and bus mechanics and mechanical repairers",ER00,Canada,15.0,24.0,38.0
2019,7322,Motor vehicle body repairers,ER00,Canada,14.0,22.5,34.15
2019,7331,Oil and solid fuel heating mechanics,ER00,Canada,14.17,22.0,43.0
2019,7332,Appliance servicers and repairers,ER00,Canada,16.0,22.4,32.0
2019,7333,Electrical mechanics,ER00,Canada,18.0,25.0,35.5
2019,7334,"Motorcycle, all-terrain vehicle and other related mechanics",ER00,Canada,15.5,25.0,38.67
2019,7335,Other small engine and small equipment repairers,ER00,Canada,14.0,19.5,28.0
2019,7361,Railway and yard locomotive engineers,ER00,Canada,19.56,37.5,53.85
2019,7362,Railway conductors and brakemen/women,ER00,Canada,19.5,33.65,45.67
2019,7371,Crane operators,ER00,Canada,20.19,31.25,42.5
2019,7372,"Drillers and blasters - surface mining, quarrying and construction",ER00,Canada,18.5,32.0,40.0
2019,7373,Water well drillers,ER00,Canada,20.0,24.95,33.0
2019,7381,Printing press operators,ER00,Canada,15.0,21.75,30.65
2019,7384,"Other trades and related occupations, n.e.c.",ER00,Canada,17.0,24.0,38.0
2019,7441,Residential and commercial installers and servicers,ER00,Canada,15.0,21.0,33.0
2019,7442,Waterworks and gas maintenance workers,ER00,Canada,22.0,34.0,42.31
2019,7444,Pest controllers and fumigators,ER00,Canada,15.62,25.0,36.06
2019,7445,Other repairers and servicers,ER00,Canada,13.0,20.0,32.25
2019,7451,Longshore workers,ER00,Canada,16.67,35.38,45.0
2019,7452,Material handlers,ER00,Canada,12.0,17.5,28.0
2019,7511,Transport truck drivers,ER00,Canada,15.0,21.67,33.33
2019,7512,"Bus drivers, subway operators and other transit operators",ER00,Canada,13.85,22.5,33.0
2019,7513,Taxi and limousine drivers and chauffeurs,ER00,Canada,11.32,15.0,25.0
2019,7514,Delivery and courier service drivers,ER00,Canada,11.65,17.5,30.0
2019,7521,Heavy equipment operators (except crane),ER00,Canada,18.07,27.0,37.28
2019,7522,Public works maintenance equipment operators and related workers,ER00,Canada,17.0,24.0,32.0
2019,7531,Railway yard and track maintenance workers,ER00,Canada,22.0,30.0,40.0
2019,7532,Water transport deck and engine room crew,ER00,Canada,15.0,25.0,35.0
2019,7533,Boat and cable ferry operators and related occupations,ER00,Canada,15.0,24.04,33.31
2019,7534,Air transport ramp attendants,ER00,Canada,12.89,19.0,27.0
2019,7535,Other automotive mechanical installers and servicers,ER00,Canada,12.0,17.0,27.0
2019,7611,Construction trades helpers and labourers,ER00,Canada,14.0,20.0,33.0
2019,7612,Other trades helpers and labourers,ER00,Canada,12.0,17.0,29.8
2019,7621,Public works and maintenance labourers,ER00,Canada,14.0,24.04,30.77
2019,7622,Railway and motor transport labourers,ER00,Canada,12.0,20.0,30.77
2019,8211,"Supervisors, logging and forestry",ER00,Canada,20.0,29.72,38.46
2019,8221,"Supervisors, mining and quarrying",ER00,Canada,21.15,40.0,55.29
2019,8222,"Contractors and supervisors, oil and gas drilling and services",ER00,Canada,23.0,41.0,65.5
2019,8231,Underground production and development miners,ER00,Canada,20.0,34.0,47.0
2019,8232,"Oil and gas well drillers, servicers, testers and related workers",ER00,Canada,22.0,38.0,60.0
2019,8241,Logging machinery operators,ER00,Canada,18.0,25.0,36.0
2019,8252,"Agricultural service contractors, farm supervisors and specialized livestock workers",ER00,Canada,12.5,19.74,37.98
2019,8255,"Contractors and supervisors, landscaping, grounds maintenance and horticulture services",ER00,Canada,16.0,24.0,36.35
2019,8261,Fishing masters and officers,ER00,Canada,16.0,30.0,100.0
2019,8262,Fishermen/women,ER00,Canada,14.7,25.0,81.5
2019,8411,Underground mine service and support workers,ER00,Canada,17.0,33.0,43.0
2019,8412,Oil and gas well drilling and related workers and services operators,ER00,Canada,19.87,32.0,42.0
2019,8421,Chain saw and skidder operators,ER00,Canada,15.48,23.0,35.0
2019,8422,Silviculture and forestry workers,ER00,Canada,15.0,22.0,31.0
2019,8431,General farm workers,ER00,Canada,11.32,16.66,26.0
2019,8432,Nursery and greenhouse workers,ER00,Canada,11.32,15.0,25.0
2019,8441,Fishing vessel deckhands,ER00,Canada,14.0,20.0,50.0
2019,8442,Trappers and hunters,ER00,Canada,11.32,18.0,33.75
2019,8611,Harvesting labourers,ER00,Canada,11.32,14.0,20.0
2019,8612,Landscaping and grounds maintenance labourers,ER00,Canada,12.5,16.55,26.0
2019,8613,Aquaculture and marine harvest labourers,ER00,Canada,12.69,17.17,25.43
2019,8614,Mine labourers,ER00,Canada,15.75,24.0,38.33
2019,8615,"Oil and gas drilling, servicing and related labourers",ER00,Canada,17.0,25.0,34.0
2019,8616,Logging and forestry labourers,ER00,Canada,12.73,21.0,33.0
2019,9211,"Supervisors, mineral and metal processing",ER00,Canada,19.0,26.9,44.23
2019,9212,"Supervisors, petroleum, gas and chemical processing and utilities",ER00,Canada,17.0,32.0,56.0
2019,9213,"Supervisors, food, beverage and associated products processing",ER00,Canada,14.5,24.0,37.24
2019,9214,"Supervisors, plastic and rubber products manufacturing",ER00,Canada,16.0,24.51,38.0
2019,9215,"Supervisors, forest products processing",ER00,Canada,17.0,30.77,48.08
2019,9217,"Supervisors, textile, fabric, fur and leather products processing and manufacturing",ER00,Canada,16.0,20.0,27.75
2019,9221,"Supervisors, motor vehicle assembling",ER00,Canada,16.75,27.3,41.94
2019,9222,"Supervisors, electronics manufacturing",ER00,Canada,16.0,28.5,50.0
2019,9223,"Supervisors, electrical products manufacturing",ER00,Canada,18.0,32.0,43.59
2019,9224,"Supervisors, furniture and fixtures manufacturing",ER00,Canada,16.5,25.0,33.65
2019,9226,"Supervisors, other mechanical and metal products manufacturing",ER00,Canada,17.76,28.85,44.23
2019,9227,"Supervisors, other products manufacturing and assembly",ER00,Canada,14.0,24.0,36.06
2019,9231,"Central control and process operators, mineral and metal processing",ER00,Canada,22.02,33.65,44.0
2019,9232,"Petroleum, gas and chemical process operators",ER00,Canada,21.0,40.0,60.0
2019,9235,"Pulping, papermaking and coating control operators",ER00,Canada,24.0,33.0,42.74
2019,9241,Power engineers and power systems operators,ER00,Canada,21.0,35.0,55.0
2019,9243,Water and waste treatment plant operators,ER00,Canada,19.0,28.0,37.0
2019,9411,"Machine operators, mineral and metal processing",ER00,Canada,16.0,29.0,42.0
2019,9412,Foundry workers,ER00,Canada,14.0,21.0,33.0
2019,9413,Glass forming and finishing machine operators and glass cutters,ER00,Canada,13.0,19.0,27.0
2019,9414,"Concrete, clay and stone forming operators",ER00,Canada,16.0,21.0,31.0
2019,9415,"Inspectors and testers, mineral and metal processing",ER00,Canada,20.0,27.5,42.8
2019,9416,Metalworking and forging machine operators,ER00,Canada,14.42,19.8,27.0
2019,9417,Machining tool operators,ER00,Canada,15.9,22.0,30.25
2019,9418,Other metal products machine operators,ER00,Canada,14.0,18.16,29.31
2019,9421,Chemical plant machine operators,ER00,Canada,13.5,20.0,31.07
2019,9422,Plastics processing machine operators,ER00,Canada,12.5,17.35,24.2
2019,9423,Rubber processing machine operators and related workers,ER00,Canada,14.5,20.0,30.0
2019,9431,Sawmill machine operators,ER00,Canada,15.0,23.0,31.0
2019,9432,Pulp mill machine operators,ER00,Canada,14.0,30.0,42.0
2019,9433,Papermaking and finishing machine operators,ER00,Canada,13.9,27.55,37.68
2019,9434,Other wood processing machine operators,ER00,Canada,15.5,21.92,31.0
2019,9435,Paper converting machine operators,ER00,Canada,12.75,24.43,31.5
2019,9436,Lumber graders and other wood processing inspectors and graders,ER00,Canada,16.0,22.0,34.0
2019,9437,Woodworking machine operators,ER00,Canada,14.0,18.61,27.34
2019,9441,"Textile fibre and yarn, hide and pelt processing machine operators and workers",ER00,Canada,12.0,15.75,22.72
2019,9442,"Weavers, knitters and other fabric making occupations",ER00,Canada,14.0,15.1,22.5
2019,9445,"Fabric, fur and leather cutters",ER00,Canada,11.32,14.0,24.0
2019,9446,Industrial sewing machine operators,ER00,Canada,11.32,14.5,21.0
2019,9447,"Inspectors and graders, textile, fabric, fur and leather products manufacturing",ER00,Canada,11.5,15.0,25.95
2019,9461,"Process control and machine operators, food, beverage and associated products processing",ER00,Canada,12.5,17.6,27.0
2019,9462,"Industrial butchers and meat cutters, poultry preparers and related workers",ER00,Canada,14.0,19.0,23.0
2019,9463,Fish and seafood plant workers,ER00,Canada,11.75,14.2,18.0
2019,9465,"Testers and graders, food, beverage and associated products processing",ER00,Canada,14.0,20.0,27.88
2019,9471,Plateless printing equipment operators,ER00,Canada,14.0,22.0,30.0
2019,9472,"Camera, platemaking and other prepress occupations",ER00,Canada,16.0,21.42,30.0
2019,9473,Binding and finishing machine operators,ER00,Canada,12.0,17.65,28.0
2019,9474,Photographic and film processors,ER00,Canada,12.0,17.63,26.0
2019,9521,Aircraft assemblers and aircraft assembly inspectors,ER00,Canada,16.0,26.61,38.9
2019,9522,"Motor vehicle assemblers, inspectors and testers",ER00,Canada,16.15,23.5,35.0
2019,9523,"Electronics assemblers, fabricators, inspectors and testers",ER00,Canada,12.75,16.3,29.0
2019,9524,"Assemblers and inspectors, electrical appliance, apparatus and equipment manufacturing",ER00,Canada,15.0,20.0,30.54
2019,9525,"Assemblers, fabricators and inspectors, industrial electrical motors and transformers",ER00,Canada,14.0,19.0,27.0
2019,9526,Mechanical assemblers and inspectors,ER00,Canada,15.0,21.75,29.0
2019,9527,"Machine operators and inspectors, electrical apparatus manufacturing",ER00,Canada,13.0,17.95,34.26
2019,9531,Boat assemblers and inspectors,ER00,Canada,15.0,20.0,26.52
2019,9532,Furniture and fixture assemblers and inspectors,ER00,Canada,14.0,17.5,25.0
2019,9533,Other wood products assemblers and inspectors,ER00,Canada,13.0,17.0,26.0
2019,9534,Furniture finishers and refinishers,ER00,Canada,15.0,17.75,24.0
2019,9535,"Plastic products assemblers, finishers and inspectors",ER00,Canada,13.0,17.0,25.0
2019,9536,"Industrial painters, coaters and metal finishing process operators",ER00,Canada,15.0,21.4,34.0
2019,9537,"Other products assemblers, finishers and inspectors",ER00,Canada,12.75,17.21,28.75
2019,9611,Labourers in mineral and metal processing,ER00,Canada,14.25,18.25,30.91
2019,9612,Labourers in metal fabrication,ER00,Canada,13.5,17.2,26.4
2019,9613,Labourers in chemical products processing and utilities,ER00,Canada,14.0,20.86,33.06
2019,9614,"Labourers in wood, pulp and paper processing",ER00,Canada,13.0,19.1,30.0
2019,9615,Labourers in rubber and plastic products manufacturing,ER00,Canada,12.0,16.0,22.73
2019,9616,Labourers in textile processing,ER00,Canada,11.32,14.0,25.0
2019,9617,"Labourers in food, beverage and associated products processing",ER00,Canada,11.7,15.0,22.0
2019,9618,Labourers in fish and seafood processing,ER00,Canada,12.0,14.36,19.9
2019,9619,"Other labourers in processing, manufacturing and utilities",ER00,Canada,11.4,14.5,23.0
2020,0011,Legislators,ER00,Canada,12.0865,33.842,71.4125
2020,0012,Senior government managers and officials,ER00,Canada,27.47,53.85,90.66
2020,0013,"Senior managers - financial, communications and other business services",ER00,Canada,28.41,57.69,92.31
2020,0014,"Senior managers - health, education, social and community services and membership organizations",ER00,Canada,19.98,43.24,93.45
2020,0015,"Senior managers - trade, broadcasting and other services, n.e.c.",ER00,Canada,11.45,39.92,146.19
2020,0016,"Senior managers - construction, transportation, production and utilities",ER00,Canada,11.45,46.71,159.72
2020,0111,Financial managers,ER00,Canada,26.54,48.08,71.43
2020,0112,Human resources managers,ER00,Canada,25.71,47.69,70.64
2020,0113,Purchasing managers,ER00,Canada,20.59,48.08,76.92
2020,0114,Other administrative services managers,ER00,Canada,22.0,38.46,63.77
2020,0121,"Insurance, real estate and financial brokerage managers",ER00,Canada,28.85,48.35,75.32
2020,0122,"Banking, credit and other investment managers",ER00,Canada,28.21,44.31,67.03
2020,0124,"Advertising, marketing and public relations managers",ER00,Canada,24.04,41.15,67.31
2020,0125,Other business services managers,ER00,Canada,21.67,36.15,65.64
2020,0131,Telecommunication carriers managers,ER00,Canada,25.0,43.27,72.12
2020,0132,Postal and courier services managers,ER00,Canada,11.45,32.62,55.05
2020,0211,Engineering managers,ER00,Canada,30.77,52.31,76.92
2020,0212,Architecture and science managers,ER00,Canada,28.85,49.04,76.92
2020,0213,Computer and information systems managers,ER00,Canada,32.97,51.28,72.12
2020,0311,Managers in health care,ER00,Canada,23.82,45.05,64.1
2020,0411,Government managers - health and social policy development and program administration,ER00,Canada,33.0,56.41,66.69
2020,0412,"Government managers - economic analysis, policy development and program administration",ER00,Canada,31.19,51.79,68.13
2020,0413,Government managers - education policy development and program administration,ER00,Canada,23.51,44.05,63.89
2020,0414,Other managers in public administration,ER00,Canada,34.48,53.0,70.77
2020,0421,Administrators - post-secondary education and vocational training,ER00,Canada,28.85,50.55,75.27
2020,0422,School principals and administrators of elementary and secondary education,ER00,Canada,31.19,48.9,63.19
2020,0423,"Managers in social, community and correctional services",ER00,Canada,21.68,35.71,57.44
2020,0431,Commissioned police officers,ER00,Canada,29.92,60.1,80.77
2020,0432,Fire chiefs and senior firefighting officers,ER00,Canada,30.77,53.46,75.27
2020,0433,Commissioned officers of the Canadian Forces,ER00,Canada,26.41,44.14,58.76
2020,0511,"Library, archive, museum and art gallery managers",ER00,Canada,28.57,40.87,59.62
2020,0512,"Managers - publishing, motion pictures, broadcasting and performing arts",ER00,Canada,17.0,33.33,64.9
2020,0513,"Recreation, sports and fitness program and service directors",ER00,Canada,19.23,34.6,55.29
2020,0601,Corporate sales managers,ER00,Canada,23.08,48.0,73.56
2020,0621,Retail and wholesale trade managers,ER00,Canada,16.83,33.65,61.54
2020,0631,Restaurant and food service managers,ER00,Canada,14.42,20.67,41.96
2020,0632,Accommodation service managers,ER00,Canada,15.38,27.93,60.17
2020,0651,"Managers in customer and personal services, n.e.c.",ER00,Canada,15.0,26.67,51.92
2020,0711,Construction managers,ER00,Canada,24.04,40.87,63.46
2020,0712,Home building and renovation managers,ER00,Canada,15.0,20.0,30.0
2020,0714,Facility operation and maintenance managers,ER00,Canada,20.0,35.0,57.69
2020,0731,Managers in transportation,ER00,Canada,25.0,40.87,66.35
2020,0811,Managers in natural resources production and fishing,ER00,Canada,28.84,57.69,90.0
2020,0821,Managers in agriculture,ER00,Canada,11.54,21.88,40.6
2020,0822,Managers in horticulture,ER00,Canada,19.45,23.36,48.08
2020,0823,Managers in aquaculture,ER00,Canada,11.45,25.17,43.43
2020,0911,Manufacturing managers,ER00,Canada,24.04,41.03,67.31
2020,0912,Utilities managers,ER00,Canada,37.0,61.97,81.73
2020,1111,Financial auditors and accountants,ER00,Canada,20.67,35.0,58.17
2020,1112,Financial and investment analysts,ER00,Canada,23.59,35.71,55.98
2020,1113,"Securities agents, investment dealers and brokers",ER00,Canada,21.37,31.54,60.1
2020,1114,Other financial officers,ER00,Canada,20.43,31.79,55.29
2020,1121,Human resources professionals,ER00,Canada,21.15,36.0,55.47
2020,1122,Professional occupations in business management consulting,ER00,Canada,20.77,36.06,57.69
2020,1123,"Professional occupations in advertising, marketing and public relations",ER00,Canada,17.0,30.42,51.28
2020,1211,"Supervisors, general office and administrative support workers",ER00,Canada,17.31,28.0,43.59
2020,1212,"Supervisors, finance and insurance office workers",ER00,Canada,18.0,30.77,46.43
2020,1213,"Supervisors, library, correspondence and related information workers",ER00,Canada,15.4,29.19,49.4
2020,1214,"Supervisors, mail and message distribution occupations",ER00,Canada,18.0,26.37,35.03
2020,1215,"Supervisors, supply chain, tracking and scheduling co-ordination occupations",ER00,Canada,16.1,24.62,40.38
2020,1221,Administrative officers,ER00,Canada,17.0,25.0,38.67
2020,1222,Executive assistants,ER00,Canada,19.23,28.85,41.0
2020,1223,Human resources and recruitment officers,ER00,Canada,17.5,28.85,43.27
2020,1224,Property administrators,ER00,Canada,15.0,25.0,42.0
2020,1225,Purchasing agents and officers,ER00,Canada,19.0,31.15,50.0
2020,1226,Conference and event planners,ER00,Canada,15.87,23.08,36.81
2020,1227,Court officers and justices of the peace,ER00,Canada,20.0,30.4,45.0
2020,1228,"Employment insurance, immigration, border services and revenue officers",ER00,Canada,21.88,30.0,44.1
2020,1241,Administrative assistants,ER00,Canada,15.0,22.56,32.69
2020,1242,Legal administrative assistants,ER00,Canada,15.79,23.08,35.1
2020,1243,Medical administrative assistants,ER00,Canada,16.0,21.69,29.0
2020,1251,"Court reporters, medical transcriptionists and related occupations",ER00,Canada,14.0,23.0,33.17
2020,1252,Health information management occupations,ER00,Canada,19.6,27.41,39.07
2020,1253,Records management technicians,ER00,Canada,18.8,26.0,35.0
2020,1254,Statistical officers and related research support occupations,ER00,Canada,18.51,29.54,47.71
2020,1311,Accounting technicians and bookkeepers,ER00,Canada,15.0,23.0,35.9
2020,1312,Insurance adjusters and claims examiners,ER00,Canada,19.49,29.76,43.96
2020,1313,Insurance underwriters,ER00,Canada,19.78,29.0,45.05
2020,1314,"Assessors, valuators and appraisers",ER00,Canada,18.5,34.62,48.56
2020,1315,"Customs, ship and other brokers",ER00,Canada,14.59,24.05,42.26
2020,1411,General office support workers,ER00,Canada,14.0,21.43,30.77
2020,1414,Receptionists,ER00,Canada,13.6,18.0,25.0
2020,1415,Personnel clerks,ER00,Canada,16.0,25.13,31.75
2020,1416,Court clerks,ER00,Canada,20.0,27.0,35.49
2020,1422,Data entry clerks,ER00,Canada,14.0,20.0,29.34
2020,1423,Desktop publishing operators and related occupations,ER00,Canada,14.25,20.0,36.5
2020,1431,Accounting and related clerks,ER00,Canada,15.38,21.63,31.25
2020,1432,Payroll clerks,ER00,Canada,17.0,25.44,35.07
2020,1434,"Banking, insurance and other financial clerks",ER00,Canada,15.0,21.03,30.22
2020,1435,Collectors,ER00,Canada,15.0,22.5,32.72
2020,1451,Library assistants and clerks,ER00,Canada,13.51,21.0,30.0
2020,1452,"Correspondence, publication and regulatory clerks",ER00,Canada,16.21,26.36,35.9
2020,1454,Survey interviewers and statistical clerks,ER00,Canada,13.13,19.45,34.62
2020,1511,"Mail, postal and related workers",ER00,Canada,14.0,22.0,27.62
2020,1512,Letter carriers,ER00,Canada,19.86,26.0,30.0
2020,1513,"Couriers, messengers and door-to-door distributors",ER00,Canada,11.45,17.0,29.5
2020,1521,Shippers and receivers,ER00,Canada,14.0,18.0,26.92
2020,1522,Storekeepers and partspersons,ER00,Canada,15.0,21.87,34.0
2020,1523,Production logistics co-ordinators,ER00,Canada,18.0,25.16,37.02
2020,1524,Purchasing and inventory control workers,ER00,Canada,13.6,19.0,31.25
2020,1525,Dispatchers,ER00,Canada,14.69,23.08,36.06
2020,1526,Transportation route and crew schedulers,ER00,Canada,16.0,25.0,39.9
2020,2111,Physicists and astronomers,ER00,Canada,22.98,45.99,76.81
2020,2112,Chemists,ER00,Canada,22.0,33.65,50.38
2020,2113,Geoscientists and oceanographers,ER00,Canada,28.85,44.62,67.31
2020,2114,Meteorologists and climatologists,ER00,Canada,26.71,45.59,59.65
2020,2115,Other professional occupations in physical sciences,ER00,Canada,32.22,50.26,66.67
2020,2121,Biologists and related scientists,ER00,Canada,23.0,38.04,56.41
2020,2122,Forestry professionals,ER00,Canada,25.0,38.46,50.26
2020,2123,"Agricultural representatives, consultants and specialists",ER00,Canada,19.23,31.73,46.15
2020,2131,Civil engineers,ER00,Canada,25.48,41.03,62.98
2020,2132,Mechanical engineers,ER00,Canada,26.0,40.0,62.5
2020,2133,Electrical and electronics engineers,ER00,Canada,26.22,45.13,67.03
2020,2134,Chemical engineers,ER00,Canada,25.0,40.87,68.75
2020,2141,Industrial and manufacturing engineers,ER00,Canada,24.52,38.03,60.0
2020,2142,Metallurgical and materials engineers,ER00,Canada,29.05,48.23,87.62
2020,2143,Mining engineers,ER00,Canada,28.59,46.88,76.92
2020,2144,Geological engineers,ER00,Canada,27.23,45.83,93.55
2020,2145,Petroleum engineers,ER00,Canada,31.25,58.65,82.05
2020,2146,Aerospace engineers,ER00,Canada,26.8,43.27,70.85
2020,2147,Computer engineers (except software engineers and designers),ER00,Canada,25.0,44.1,63.94
2020,2148,"Other professional engineers, n.e.c.",ER00,Canada,24.04,38.46,60.1
2020,2151,Architects,ER00,Canada,23.08,35.58,60.1
2020,2152,Landscape architects,ER00,Canada,12.65,33.9,59.04
2020,2153,Urban and land use planners,ER00,Canada,21.0,40.68,60.0
2020,2154,Land surveyors,ER00,Canada,19.23,33.65,65.0
2020,2161,"Mathematicians, statisticians and actuaries",ER00,Canada,26.67,42.0,70.33
2020,2171,Information systems analysts and consultants,ER00,Canada,24.0,39.42,57.69
2020,2172,Database analysts and data administrators,ER00,Canada,19.25,35.0,55.9
2020,2173,Software engineers and designers,ER00,Canada,28.85,45.67,67.31
2020,2174,Computer programmers and interactive media developers,ER00,Canada,21.63,37.95,57.5
2020,2175,Web designers and developers,ER00,Canada,17.5,29.59,43.27
2020,2211,Chemical technologists and technicians,ER00,Canada,16.0,25.0,41.96
2020,2212,Geological and mineral technologists and technicians,ER00,Canada,16.0,32.0,52.0
2020,2221,Biological technologists and technicians,ER00,Canada,16.0,25.0,38.0
2020,2222,Agricultural and fish products inspectors,ER00,Canada,20.0,34.36,42.56
2020,2223,Forestry technologists and technicians,ER00,Canada,19.78,27.71,41.03
2020,2224,Conservation and fishery officers,ER00,Canada,21.63,35.0,48.08
2020,2225,Landscape and horticulture technicians and specialists,ER00,Canada,14.5,20.5,38.0
2020,2231,Civil engineering technologists and technicians,ER00,Canada,20.0,30.5,49.0
2020,2232,Mechanical engineering technologists and technicians,ER00,Canada,19.7,31.0,49.06
2020,2233,Industrial engineering and manufacturing technologists and technicians,ER00,Canada,17.5,27.0,43.03
2020,2234,Construction estimators,ER00,Canada,20.0,32.0,50.0
2020,2241,Electrical and electronics engineering technologists and technicians,ER00,Canada,18.25,31.25,49.52
2020,2242,Electronic service technicians (household and business equipment),ER00,Canada,16.0,25.0,39.0
2020,2243,Industrial instrument technicians and mechanics,ER00,Canada,22.75,39.0,57.69
2020,2244,"Aircraft instrument, electrical and avionics mechanics, technicians and inspectors",ER00,Canada,16.0,35.9,48.08
2020,2251,Architectural technologists and technicians,ER00,Canada,18.0,25.64,41.03
2020,2252,Industrial designers,ER00,Canada,17.95,28.0,44.1
2020,2253,Drafting technologists and technicians,ER00,Canada,18.0,27.75,45.05
2020,2254,Land survey technologists and technicians,ER00,Canada,19.0,30.0,43.0
2020,2255,Technical occupations in geomatics and meteorology,ER00,Canada,21.0,34.87,46.7
2020,2261,Non-destructive testers and inspection technicians,ER00,Canada,25.0,35.04,60.0
2020,2262,Engineering inspectors and regulatory officers,ER00,Canada,23.0,36.25,50.0
2020,2263,Inspectors in public and environmental health and occupational health and safety,ER00,Canada,21.98,36.06,52.88
2020,2264,Construction inspectors,ER00,Canada,21.0,33.65,53.35
2020,2271,"Air pilots, flight engineers and flying instructors",ER00,Canada,19.23,43.96,74.36
2020,2272,Air traffic controllers and related occupations,ER00,Canada,21.9,40.06,70.14
2020,2273,"Deck officers, water transport",ER00,Canada,19.0,36.0,51.0
2020,2274,"Engineer officers, water transport",ER00,Canada,22.04,33.35,51.28
2020,2275,Railway traffic controllers and marine traffic regulators,ER00,Canada,26.38,45.5,58.7
2020,2281,Computer network technicians,ER00,Canada,19.32,31.25,49.45
2020,2282,User support technicians,ER00,Canada,16.75,29.74,48.08
2020,2283,Information systems testing technicians,ER00,Canada,15.75,28.21,43.59
2020,3011,Nursing co-ordinators and supervisors,ER00,Canada,21.46,40.0,51.28
2020,3012,Registered nurses and registered psychiatric nurses,ER00,Canada,24.04,38.14,48.0
2020,3111,Specialist physicians,ER00,Canada,49.73925,137.6235,280.01775
2020,3112,General practitioners and family physicians,ER00,Canada,41.1495,105.967125,201.324375
2020,3113,Dentists,ER00,Canada,15.064,59.197,130.7585
2020,3114,Veterinarians,ER00,Canada,15.1145,42.537,69.8335
2020,3121,Optometrists,ER00,Canada,12.0865,43.0575,83.929
2020,3122,Chiropractors,ER00,Canada,12.0865,30.0385,61.158
2020,3124,Allied primary health practitioners,ER00,Canada,27.0,51.0,60.0
2020,3125,Other professional occupations in health diagnosing and treating,ER00,Canada,12.0865,26.2585,53.874
2020,3131,Pharmacists,ER00,Canada,27.056,52.323,72.15
2020,3132,Dietitians and nutritionists,ER00,Canada,23.08,36.0,49.5
2020,3141,Audiologists and speech-language pathologists,ER00,Canada,22.44,39.0,52.0
2020,3142,Physiotherapists,ER00,Canada,26.32,40.0,49.45
2020,3143,Occupational therapists,ER00,Canada,29.0,40.0,49.62
2020,3144,Other professional occupations in therapy and assessment,ER00,Canada,16.83,24.0,41.0
2020,3211,Medical laboratory technologists,ER00,Canada,24.0,35.0,44.09
2020,3212,Medical laboratory technicians and pathologists' assistants,ER00,Canada,18.0,25.61,40.05
2020,3213,Animal health technologists and veterinary technicians,ER00,Canada,13.5,18.5,25.0
2020,3214,"Respiratory therapists, clinical perfusionists and cardiopulmonary technologists",ER00,Canada,25.0,36.0,47.3
2020,3215,Medical radiation technologists,ER00,Canada,25.64,34.44,45.0
2020,3216,Medical sonographers,ER00,Canada,26.3,38.0,49.0
2020,3217,"Cardiology technologists and electrophysiological diagnostic technologists, n.e.c.",ER00,Canada,19.5,27.63,39.0
2020,3219,Other medical technologists and technicians (except dental health),ER00,Canada,13.5,18.0,30.0
2020,3221,Denturists,ER00,Canada,12.0865,27.2125,56.177
2020,3222,Dental hygienists and dental therapists,ER00,Canada,24.69,35.18,46.0
2020,3223,"Dental technologists, technicians and laboratory assistants",ER00,Canada,15.0,23.0,35.0
2020,3231,Opticians,ER00,Canada,16.25,25.0,33.0
2020,3232,Practitioners of natural healing,ER00,Canada,15.0,25.0,46.93
2020,3233,Licensed practical nurses,ER00,Canada,21.0,27.0,33.5
2020,3234,Paramedical occupations,ER00,Canada,21.63,33.0,43.84
2020,3236,Massage therapists,ER00,Canada,17.0,25.0,50.0
2020,3237,Other technical occupations in therapy and assessment,ER00,Canada,14.0,21.54,29.25
2020,3411,Dental assistants,ER00,Canada,17.5,24.0,32.0
2020,3413,"Nurse aides, orderlies and patient service associates",ER00,Canada,15.0,20.55,25.0
2020,3414,Other assisting occupations in support of health services,ER00,Canada,14.0,20.0,26.0
2020,4011,University professors and lecturers,ER00,Canada,21.15,48.08,76.92
2020,4012,Post-secondary teaching and research assistants,ER00,Canada,12.92,23.38,43.45
2020,4021,College and other vocational instructors,ER00,Canada,17.0,38.46,57.69
2020,4031,Secondary school teachers,ER00,Canada,25.38,41.03,53.3
2020,4032,Elementary school and kindergarten teachers,ER00,Canada,22.5,38.46,52.2
2020,4033,Educational counsellors,ER00,Canada,22.5,36.81,51.44
2020,4111,Judges,ER00,Canada,127.259,153.238,157.05
2020,4112,Lawyers and Quebec notaries,ER00,Canada,18.6735,58.47,147.173
2020,4151,Psychologists,ER00,Canada,20.5,44.1,60.0
2020,4152,Social workers,ER00,Canada,21.0,33.65,45.0
2020,4153,"Family, marriage and other related counsellors",ER00,Canada,19.62,29.47,46.51
2020,4154,Professional occupations in religion,ER00,Canada,14.76,24.04,38.46
2020,4155,Probation and parole officers and related occupations,ER00,Canada,26.09,38.46,46.15
2020,4156,Employment counsellors,ER00,Canada,19.23,25.5,39.02
2020,4161,"Natural and applied science policy researchers, consultants and program officers",ER00,Canada,21.0,38.88,60.03
2020,4162,Economists and economic policy researchers and analysts,ER00,Canada,28.85,44.87,64.1
2020,4163,Business development officers and marketing researchers and consultants,ER00,Canada,20.33,36.06,61.93
2020,4164,"Social policy researchers, consultants and program officers",ER00,Canada,20.69,35.9,52.31
2020,4165,"Health policy researchers, consultants and program officers",ER00,Canada,20.77,37.0,54.95
2020,4166,"Education policy researchers, consultants and program officers",ER00,Canada,20.67,36.06,54.0
2020,4167,"Recreation, sports and fitness policy researchers, consultants and program officers",ER00,Canada,16.0,25.0,42.0
2020,4168,Program officers unique to government,ER00,Canada,25.71,41.03,58.97
2020,4169,"Other professional occupations in social science, n.e.c.",ER00,Canada,20.0,35.0,54.87
2020,4211,Paralegal and related occupations,ER00,Canada,17.5,28.02,47.69
2020,4212,Social and community service workers,ER00,Canada,15.0,22.2,33.6
2020,4214,Early childhood educators and assistants,ER00,Canada,14.0,19.2,27.0
2020,4215,Instructors of persons with disabilities,ER00,Canada,15.75,25.0,39.56
2020,4216,Other instructors,ER00,Canada,14.0,18.0,30.05
2020,4217,Other religious occupations,ER00,Canada,12.64,19.94,45.19
2020,4311,Police officers (except commissioned),ER00,Canada,25.99,44.0,55.22
2020,4312,Firefighters,ER00,Canada,26.0,41.21,52.5
2020,4313,Non-commissioned ranks of the Canadian Forces,ER00,Canada,22.12,32.16,42.24
2020,4411,Home child care providers,ER00,Canada,11.45,15.0,22.0
2020,4412,"Home support workers, housekeepers and related occupations",ER00,Canada,12.91,16.85,24.0
2020,4413,Elementary and secondary school teacher assistants,ER00,Canada,15.0,22.0,29.0
2020,4421,Sheriffs and bailiffs,ER00,Canada,18.75,26.85,41.03
2020,4422,Correctional service officers,ER00,Canada,24.0,34.0,43.27
2020,4423,"By-law enforcement and other regulatory officers, n.e.c.",ER00,Canada,18.0,34.62,43.59
2020,5111,Librarians,ER00,Canada,15.75,30.38,46.89
2020,5112,Conservators and curators,ER00,Canada,17.58,26.71,37.91
2020,5113,Archivists,ER00,Canada,15.0,21.0,32.0
2020,5121,Authors and writers,ER00,Canada,16.15,30.0,43.0
2020,5122,Editors,ER00,Canada,16.5,25.0,38.46
2020,5123,Journalists,ER00,Canada,16.88,30.0,45.0
2020,5125,"Translators, terminologists and interpreters",ER00,Canada,16.78,27.0,42.86
2020,5131,"Producers, directors, choreographers and related occupations",ER00,Canada,16.38,31.25,45.91
2020,5132,"Conductors, composers and arrangers",ER00,Canada,12.0865,18.0495,44.0085
2020,5133,Musicians and singers,ER00,Canada,14.0,22.0,40.0
2020,5134,Dancers,ER00,Canada,17.56,30.0,47.86
2020,5135,Actors and comedians,ER00,Canada,13.0,20.0,37.78
2020,5136,"Painters, sculptors and other visual artists",ER00,Canada,15.0,25.47,43.75
2020,5211,Library and public archive technicians,ER00,Canada,16.0,25.0,33.0
2020,5212,Technical occupations related to museums and art galleries,ER00,Canada,13.65,18.0,31.43
2020,5221,Photographers,ER00,Canada,13.0,18.25,28.85
2020,5222,Film and video camera operators,ER00,Canada,14.0,28.85,37.0
2020,5223,Graphic arts technicians,ER00,Canada,16.82,27.69,40.87
2020,5224,Broadcast technicians,ER00,Canada,16.89,26.96,39.18
2020,5225,Audio and video recording technicians,ER00,Canada,17.0,28.0,40.12
2020,5226,"Other technical and co-ordinating occupations in motion pictures, broadcasting and the performing arts",ER00,Canada,16.5,29.0,41.0
2020,5227,"Support occupations in motion pictures, broadcasting, photography and the performing arts",ER00,Canada,14.16,22.0,34.6
2020,5231,Announcers and other broadcasters,ER00,Canada,15.0,24.73,46.15
2020,5232,"Other performers, n.e.c.",ER00,Canada,12.0,15.0,30.0
2020,5241,Graphic designers and illustrators,ER00,Canada,16.0,26.44,40.87
2020,5242,Interior designers and interior decorators,ER00,Canada,15.0,21.07,38.75
2020,5243,"Theatre, fashion, exhibit and other creative designers",ER00,Canada,15.0,24.14,38.46
2020,5244,Artisans and craftspersons,ER00,Canada,12.0,16.0,25.0
2020,5245,"Patternmakers - textile, leather and fur products",ER00,Canada,13.71,23.83,37.23
2020,5251,Athletes,ER00,Canada,11.45,23.0,41.54
2020,5252,Coaches,ER00,Canada,12.6,22.0,42.22
2020,5253,Sports officials and referees,ER00,Canada,11.5,16.0,24.04
2020,5254,"Program leaders and instructors in recreation, sport and fitness",ER00,Canada,12.5,16.0,27.69
2020,6211,Retail sales supervisors,ER00,Canada,13.75,18.56,30.0
2020,6221,Technical sales specialists - wholesale trade,ER00,Canada,15.0,25.0,41.75
2020,6222,Retail and wholesale buyers,ER00,Canada,15.0,22.8,34.5
2020,6231,Insurance agents and brokers,ER00,Canada,16.0,24.23,35.86
2020,6232,Real estate agents and salespersons,ER00,Canada,12.0865,23.106,67.3915
2020,6235,Financial sales representatives,ER00,Canada,15.54,24.36,38.46
2020,6311,Food service supervisors,ER00,Canada,12.75,15.4,22.0
2020,6312,Executive housekeepers,ER00,Canada,13.75,18.27,31.25
2020,6313,"Accommodation, travel, tourism and related services supervisors",ER00,Canada,15.0,22.0,31.25
2020,6314,Customer and information services supervisors,ER00,Canada,15.0,24.13,36.41
2020,6315,Cleaning supervisors,ER00,Canada,15.0,23.5,36.0
2020,6316,Other services supervisors,ER00,Canada,14.44,20.0,33.0
2020,6321,Chefs,ER00,Canada,13.3,17.98,25.96
2020,6322,Cooks,ER00,Canada,12.0,14.75,20.0
2020,6331,"Butchers, meat cutters and fishmongers - retail and wholesale",ER00,Canada,12.25,16.0,25.0
2020,6332,Bakers,ER00,Canada,11.8,14.25,20.75
2020,6341,Hairstylists and barbers,ER00,Canada,11.55,15.0,25.0
2020,6342,"Tailors, dressmakers, furriers and milliners",ER00,Canada,12.0,15.0,22.0
2020,6343,Shoe repairers and shoemakers,ER00,Canada,12.5,15.62,23.0
2020,6344,"Jewellers, jewellery and watch repairers and related occupations",ER00,Canada,13.75,17.5,26.0
2020,6345,Upholsterers,ER00,Canada,14.0,17.86,26.0
2020,6346,Funeral directors and embalmers,ER00,Canada,14.0,21.87,30.0
2020,6411,Sales and account representatives - wholesale trade (non-technical),ER00,Canada,14.63,25.0,40.0
2020,6421,Retail salespersons,ER00,Canada,12.0,14.3,23.08
2020,6511,Maîtres d'hôtel and hosts/hostesses,ER00,Canada,12.0,15.0,22.31
2020,6512,Bartenders,ER00,Canada,12.0,16.0,25.0
2020,6513,Food and beverage servers,ER00,Canada,11.6,15.0,24.0
2020,6521,Travel counsellors,ER00,Canada,13.75,19.23,27.33
2020,6522,Pursers and flight attendants,ER00,Canada,13.6,22.6,39.0
2020,6523,Airline ticket and service agents,ER00,Canada,14.0,18.0,29.82
2020,6524,"Ground and water transport ticket agents, cargo service representatives and related clerks",ER00,Canada,13.0,17.93,27.98
2020,6525,Hotel front desk clerks,ER00,Canada,12.75,15.4,23.08
2020,6531,Tour and travel guides,ER00,Canada,12.0,16.25,28.85
2020,6532,Outdoor sport and recreational guides,ER00,Canada,13.33,17.13,25.0
2020,6533,Casino occupations,ER00,Canada,14.0,20.0,27.37
2020,6541,Security guards and related security service occupations,ER00,Canada,13.7,17.0,26.8
2020,6551,Customer services representatives - financial institutions,ER00,Canada,14.87,18.4,25.13
2020,6552,Other customer and information services representatives,ER00,Canada,13.0,18.27,29.0
2020,6561,"Image, social and other personal consultants",ER00,Canada,11.45,15.71,38.32
2020,6562,"Estheticians, electrologists and related occupations",ER00,Canada,12.0,15.0,24.0
2020,6563,Pet groomers and animal care workers,ER00,Canada,12.0,15.0,22.57
2020,6564,Other personal service occupations,ER00,Canada,13.0,16.25,35.41
2020,6611,Cashiers,ER00,Canada,11.45,13.85,16.0
2020,6621,Service station attendants,ER00,Canada,11.45,13.5,16.0
2020,6622,"Store shelf stockers, clerks and order fillers",ER00,Canada,11.95,14.0,19.35
2020,6623,Other sales related occupations,ER00,Canada,12.5,15.0,25.0
2020,6711,"Food counter attendants, kitchen helpers and related support occupations",ER00,Canada,11.5,14.0,18.5
2020,6721,"Support occupations in accommodation, travel and facilities set-up services",ER00,Canada,13.0,16.0,28.0
2020,6722,"Operators and attendants in amusement, recreation and sport",ER00,Canada,12.0,14.35,23.0
2020,6731,Light duty cleaners,ER00,Canada,12.02,15.94,21.75
2020,6732,Specialized cleaners,ER00,Canada,12.3,16.0,26.0
2020,6733,"Janitors, caretakers and building superintendents",ER00,Canada,13.0,19.0,27.0
2020,6741,"Dry cleaning, laundry and related occupations",ER00,Canada,12.5,16.0,21.0
2020,6742,"Other service support occupations, n.e.c.",ER00,Canada,11.5,14.1,21.0
2020,7201,"Contractors and supervisors, machining, metal forming, shaping and erecting trades and related occupations",ER00,Canada,25.0,34.62,46.0
2020,7202,"Contractors and supervisors, electrical trades and telecommunications occupations",ER00,Canada,21.42,39.6,52.08
2020,7203,"Contractors and supervisors, pipefitting trades",ER00,Canada,27.26,43.35,53.0
2020,7204,"Contractors and supervisors, carpentry trades",ER00,Canada,21.0,32.0,45.45
2020,7205,"Contractors and supervisors, other construction trades, installers, repairers and servicers",ER00,Canada,20.0,32.28,46.25
2020,7231,Machinists and machining and tooling inspectors,ER00,Canada,17.19,25.68,37.0
2020,7232,Tool and die makers,ER00,Canada,16.0,26.5,36.5
2020,7233,Sheet metal workers,ER00,Canada,19.0,30.56,40.43
2020,7234,Boilermakers,ER00,Canada,30.83,42.91,46.85
2020,7235,Structural metal and platework fabricators and fitters,ER00,Canada,17.69,26.0,38.58
2020,7236,Ironworkers,ER00,Canada,25.0,38.86,42.96
2020,7237,Welders and related machine operators,ER00,Canada,18.0,25.0,40.0
2020,7241,Electricians (except industrial and power system),ER00,Canada,18.0,32.0,43.0
2020,7242,Industrial electricians,ER00,Canada,22.0,35.0,48.0
2020,7243,Power system electricians,ER00,Canada,30.0,42.22,54.0
2020,7244,Electrical power line and cable workers,ER00,Canada,23.0,39.0,51.67
2020,7245,Telecommunications line and cable workers,ER00,Canada,18.0,27.25,40.0
2020,7246,Telecommunications installation and repair workers,ER00,Canada,17.0,28.0,39.0
2020,7247,Cable television service and maintenance technicians,ER00,Canada,20.0,26.92,39.42
2020,7251,Plumbers,ER00,Canada,17.0,30.0,41.35
2020,7252,"Steamfitters, pipefitters and sprinkler system installers",ER00,Canada,24.0,40.0,45.79
2020,7253,Gas fitters,ER00,Canada,19.0,29.0,43.0
2020,7271,Carpenters,ER00,Canada,17.25,26.0,38.12
2020,7272,Cabinetmakers,ER00,Canada,15.0,22.0,34.5
2020,7281,Bricklayers,ER00,Canada,22.0,35.0,41.51
2020,7282,Concrete finishers,ER00,Canada,20.0,30.0,38.11
2020,7283,Tilesetters,ER00,Canada,20.4,31.48,39.3
2020,7284,"Plasterers, drywall installers and finishers and lathers",ER00,Canada,20.0,30.0,39.1
2020,7291,Roofers and shinglers,ER00,Canada,18.0,26.0,39.05
2020,7292,Glaziers,ER00,Canada,18.0,27.2,38.87
2020,7293,Insulators,ER00,Canada,18.0,27.5,42.0
2020,7294,Painters and decorators (except interior decorators),ER00,Canada,17.0,24.0,36.89
2020,7295,Floor covering installers,ER00,Canada,15.0,21.67,35.0
2020,7301,"Contractors and supervisors, mechanic trades",ER00,Canada,19.0,34.0,51.04
2020,7302,"Contractors and supervisors, heavy equipment operator crews",ER00,Canada,20.95,34.62,50.0
2020,7303,"Supervisors, printing and related occupations",ER00,Canada,18.0,25.0,41.0
2020,7304,"Supervisors, railway transport operations",ER00,Canada,27.0,36.77,62.5
2020,7305,"Supervisors, motor transport and other ground transit operators",ER00,Canada,16.5,26.5,44.74
2020,7311,Construction millwrights and industrial mechanics,ER00,Canada,19.78,31.0,44.6
2020,7312,Heavy-duty equipment mechanics,ER00,Canada,20.0,33.0,46.78
2020,7313,Refrigeration and air conditioning mechanics,ER00,Canada,18.0,32.29,48.0
2020,7314,Railway carmen/women,ER00,Canada,28.76,37.0,40.0
2020,7315,Aircraft mechanics and aircraft inspectors,ER00,Canada,17.0,31.0,44.3
2020,7316,Machine fitters,ER00,Canada,16.59,29.44,46.2
2020,7318,Elevator constructors and mechanics,ER00,Canada,18.0,37.0,55.0
2020,7321,"Automotive service technicians, truck and bus mechanics and mechanical repairers",ER00,Canada,15.0,25.0,38.0
2020,7322,Motor vehicle body repairers,ER00,Canada,15.0,23.08,35.0
2020,7331,Oil and solid fuel heating mechanics,ER00,Canada,16.0,23.0,35.0
2020,7332,Appliance servicers and repairers,ER00,Canada,13.33,22.84,30.0
2020,7333,Electrical mechanics,ER00,Canada,20.0,25.0,38.0
2020,7334,"Motorcycle, all-terrain vehicle and other related mechanics",ER00,Canada,17.0,28.48,38.67
2020,7335,Other small engine and small equipment repairers,ER00,Canada,14.0,21.0,28.0
2020,7361,Railway and yard locomotive engineers,ER00,Canada,24.04,39.66,52.88
2020,7362,Railway conductors and brakemen/women,ER00,Canada,22.5,35.0,44.79
2020,7371,Crane operators,ER00,Canada,21.1,31.25,45.0
2020,7372,"Drillers and blasters - surface mining, quarrying and construction",ER00,Canada,21.41,30.0,39.5
2020,7373,Water well drillers,ER00,Canada,17.0,23.85,32.5
2020,7381,Printing press operators,ER00,Canada,16.0,22.73,33.5
2020,7384,"Other trades and related occupations, n.e.c.",ER00,Canada,16.25,23.08,34.5
2020,7441,Residential and commercial installers and servicers,ER00,Canada,16.0,22.0,34.0
2020,7442,Waterworks and gas maintenance workers,ER00,Canada,21.05,34.0,47.22
2020,7444,Pest controllers and fumigators,ER00,Canada,15.0,21.63,31.25
2020,7445,Other repairers and servicers,ER00,Canada,13.0,19.0,34.0
2020,7451,Longshore workers,ER00,Canada,17.0,36.0,45.0
2020,7452,Material handlers,ER00,Canada,13.55,18.0,28.0
2020,7511,Transport truck drivers,ER00,Canada,15.25,22.0,33.65
2020,7512,"Bus drivers, subway operators and other transit operators",ER00,Canada,14.28,22.0,34.0
2020,7513,Taxi and limousine drivers and chauffeurs,ER00,Canada,11.45,15.63,27.6
2020,7514,Delivery and courier service drivers,ER00,Canada,12.0,17.41,30.0
2020,7521,Heavy equipment operators (except crane),ER00,Canada,19.0,27.9,38.0
2020,7522,Public works maintenance equipment operators and related workers,ER00,Canada,17.5,24.0,32.0
2020,7531,Railway yard and track maintenance workers,ER00,Canada,21.25,30.57,38.0
2020,7532,Water transport deck and engine room crew,ER00,Canada,16.86,26.0,33.0
2020,7533,Boat and cable ferry operators and related occupations,ER00,Canada,16.1,23.37,30.25
2020,7534,Air transport ramp attendants,ER00,Canada,14.0,19.0,27.0
2020,7535,Other automotive mechanical installers and servicers,ER00,Canada,13.0,17.0,28.0
2020,7611,Construction trades helpers and labourers,ER00,Canada,15.0,21.0,34.0
2020,7612,Other trades helpers and labourers,ER00,Canada,14.0,19.9,32.47
2020,7621,Public works and maintenance labourers,ER00,Canada,16.0,25.0,33.4
2020,7622,Railway and motor transport labourers,ER00,Canada,14.0,18.24,28.75
2020,8211,"Supervisors, logging and forestry",ER00,Canada,19.0,28.85,38.89
2020,8221,"Supervisors, mining and quarrying",ER00,Canada,20.29,41.21,57.5
2020,8222,"Contractors and supervisors, oil and gas drilling and services",ER00,Canada,23.0,42.0,64.9
2020,8231,Underground production and development miners,ER00,Canada,21.46,34.61,47.0
2020,8232,"Oil and gas well drillers, servicers, testers and related workers",ER00,Canada,23.0,38.0,62.0
2020,8241,Logging machinery operators,ER00,Canada,19.0,27.5,37.5
2020,8252,"Agricultural service contractors, farm supervisors and specialized livestock workers",ER00,Canada,13.25,20.0,36.06
2020,8255,"Contractors and supervisors, landscaping, grounds maintenance and horticulture services",ER00,Canada,16.0,25.0,37.5
2020,8261,Fishing masters and officers,ER00,Canada,16.0,30.0,96.59
2020,8262,Fishermen/women,ER00,Canada,15.0,25.0,100.0
2020,8411,Underground mine service and support workers,ER00,Canada,19.78,35.0,46.0
2020,8412,Oil and gas well drilling and related workers and services operators,ER00,Canada,19.87,32.0,40.0
2020,8421,Chain saw and skidder operators,ER00,Canada,15.48,23.0,35.0
2020,8422,Silviculture and forestry workers,ER00,Canada,15.8,21.14,30.0
2020,8431,General farm workers,ER00,Canada,12.0,17.0,27.0
2020,8432,Nursery and greenhouse workers,ER00,Canada,12.65,16.0,25.75
2020,8441,Fishing vessel deckhands,ER00,Canada,14.56,20.0,55.0
2020,8442,Trappers and hunters,ER00,Canada,11.76,18.0,33.75
2020,8611,Harvesting labourers,ER00,Canada,12.0,14.75,22.0
2020,8612,Landscaping and grounds maintenance labourers,ER00,Canada,13.45,17.0,26.44
2020,8613,Aquaculture and marine harvest labourers,ER00,Canada,14.0,18.3,26.92
2020,8614,Mine labourers,ER00,Canada,16.0,26.48,38.92
2020,8615,"Oil and gas drilling, servicing and related labourers",ER00,Canada,18.0,26.5,33.0
2020,8616,Logging and forestry labourers,ER00,Canada,15.0,22.0,38.0
2020,9211,"Supervisors, mineral and metal processing",ER00,Canada,19.0,30.77,45.67
2020,9212,"Supervisors, petroleum, gas and chemical processing and utilities",ER00,Canada,18.0,34.62,56.41
2020,9213,"Supervisors, food, beverage and associated products processing",ER00,Canada,15.0,24.0,37.5
2020,9214,"Supervisors, plastic and rubber products manufacturing",ER00,Canada,17.0,26.5,38.94
2020,9215,"Supervisors, forest products processing",ER00,Canada,18.0,32.0,48.08
2020,9217,"Supervisors, textile, fabric, fur and leather products processing and manufacturing",ER00,Canada,16.0,20.0,28.25
2020,9221,"Supervisors, motor vehicle assembling",ER00,Canada,20.0,32.0,45.0
2020,9222,"Supervisors, electronics manufacturing",ER00,Canada,15.0,25.0,50.0
2020,9223,"Supervisors, electrical products manufacturing",ER00,Canada,21.64,32.0,43.59
2020,9224,"Supervisors, furniture and fixtures manufacturing",ER00,Canada,20.0,25.0,36.0
2020,9226,"Supervisors, other mechanical and metal products manufacturing",ER00,Canada,18.27,31.0,46.15
2020,9227,"Supervisors, other products manufacturing and assembly",ER00,Canada,19.75,26.9,38.0
2020,9231,"Central control and process operators, mineral and metal processing",ER00,Canada,22.02,35.0,44.42
2020,9232,"Petroleum, gas and chemical process operators",ER00,Canada,24.0,42.86,61.8
2020,9235,"Pulping, papermaking and coating control operators",ER00,Canada,22.5,33.84,40.38
2020,9241,Power engineers and power systems operators,ER00,Canada,21.62,38.85,57.7
2020,9243,Water and waste treatment plant operators,ER00,Canada,19.23,29.9,38.0
2020,9411,"Machine operators, mineral and metal processing",ER00,Canada,17.0,28.04,43.0
2020,9412,Foundry workers,ER00,Canada,15.0,21.5,33.45
2020,9413,Glass forming and finishing machine operators and glass cutters,ER00,Canada,14.75,19.0,25.0
2020,9414,"Concrete, clay and stone forming operators",ER00,Canada,16.0,22.0,31.11
2020,9415,"Inspectors and testers, mineral and metal processing",ER00,Canada,16.0,23.0,35.0
2020,9416,Metalworking and forging machine operators,ER00,Canada,15.0,19.34,27.88
2020,9417,Machining tool operators,ER00,Canada,16.0,21.5,31.0
2020,9418,Other metal products machine operators,ER00,Canada,15.0,19.99,30.77
2020,9421,Chemical plant machine operators,ER00,Canada,14.0,22.5,34.0
2020,9422,Plastics processing machine operators,ER00,Canada,14.0,19.0,25.75
2020,9423,Rubber processing machine operators and related workers,ER00,Canada,15.0,21.0,30.0
2020,9431,Sawmill machine operators,ER00,Canada,15.0,24.43,33.28
2020,9432,Pulp mill machine operators,ER00,Canada,14.0,29.0,43.0
2020,9433,Papermaking and finishing machine operators,ER00,Canada,16.0,28.0,40.0
2020,9434,Other wood processing machine operators,ER00,Canada,15.0,20.8,31.85
2020,9435,Paper converting machine operators,ER00,Canada,13.5,24.43,31.5
2020,9436,Lumber graders and other wood processing inspectors and graders,ER00,Canada,14.5,21.4,33.65
2020,9437,Woodworking machine operators,ER00,Canada,14.0,20.0,30.0
2020,9441,"Textile fibre and yarn, hide and pelt processing machine operators and workers",ER00,Canada,12.75,15.5,22.72
2020,9442,"Weavers, knitters and other fabric making occupations",ER00,Canada,13.0,16.0,20.82
2020,9445,"Fabric, fur and leather cutters",ER00,Canada,13.0,16.25,21.66
2020,9446,Industrial sewing machine operators,ER00,Canada,11.75,14.62,21.63
2020,9447,"Inspectors and graders, textile, fabric, fur and leather products manufacturing",ER00,Canada,12.0,14.43,21.0
2020,9461,"Process control and machine operators, food, beverage and associated products processing",ER00,Canada,13.85,18.5,29.0
2020,9462,"Industrial butchers and meat cutters, poultry preparers and related workers",ER00,Canada,14.88,19.43,23.0
2020,9463,Fish and seafood plant workers,ER00,Canada,12.55,14.3,17.28
2020,9465,"Testers and graders, food, beverage and associated products processing",ER00,Canada,15.0,21.63,36.06
2020,9471,Plateless printing equipment operators,ER00,Canada,14.75,20.0,30.0
2020,9472,"Camera, platemaking and other prepress occupations",ER00,Canada,17.2,25.6,30.0
2020,9473,Binding and finishing machine operators,ER00,Canada,13.0,17.65,25.0
2020,9474,Photographic and film processors,ER00,Canada,13.0,16.07,29.54
2020,9521,Aircraft assemblers and aircraft assembly inspectors,ER00,Canada,17.63,30.0,40.0
2020,9522,"Motor vehicle assemblers, inspectors and testers",ER00,Canada,17.0,24.0,35.0
2020,9523,"Electronics assemblers, fabricators, inspectors and testers",ER00,Canada,14.0,17.0,30.0
2020,9524,"Assemblers and inspectors, electrical appliance, apparatus and equipment manufacturing",ER00,Canada,15.0,19.27,28.0
2020,9525,"Assemblers, fabricators and inspectors, industrial electrical motors and transformers",ER00,Canada,14.0,19.05,29.81
2020,9526,Mechanical assemblers and inspectors,ER00,Canada,15.0,21.63,30.0
2020,9527,"Machine operators and inspectors, electrical apparatus manufacturing",ER00,Canada,14.3,18.25,26.08
2020,9531,Boat assemblers and inspectors,ER00,Canada,11.45,19.93,39.61
2020,9532,Furniture and fixture assemblers and inspectors,ER00,Canada,14.0,18.0,25.0
2020,9533,Other wood products assemblers and inspectors,ER00,Canada,14.0,18.0,26.0
2020,9534,Furniture finishers and refinishers,ER00,Canada,14.45,17.29,28.0
2020,9535,"Plastic products assemblers, finishers and inspectors",ER00,Canada,14.0,18.3,26.0
2020,9536,"Industrial painters, coaters and metal finishing process operators",ER00,Canada,16.0,21.0,32.69
2020,9537,"Other products assemblers, finishers and inspectors",ER00,Canada,13.14,17.3,30.0
2020,9611,Labourers in mineral and metal processing,ER00,Canada,15.0,21.34,33.26
2020,9612,Labourers in metal fabrication,ER00,Canada,14.0,17.78,26.0
2020,9613,Labourers in chemical products processing and utilities,ER00,Canada,15.0,21.5,33.85
2020,9614,"Labourers in wood, pulp and paper processing",ER00,Canada,14.0,20.0,30.0
2020,9615,Labourers in rubber and plastic products manufacturing,ER00,Canada,14.0,17.0,23.0
2020,9616,Labourers in textile processing,ER00,Canada,13.0,14.0,22.0
2020,9617,"Labourers in food, beverage and associated products processing",ER00,Canada,13.0,16.4,22.82
2020,9618,Labourers in fish and seafood processing,ER00,Canada,12.65,14.92,18.0
2020,9619,"Other labourers in processing, manufacturing and utilities",ER00,Canada,13.0,15.0,22.73
2021,0011,Legislators,ER00,Canada,12.373,33.842,71.4125
2021,0012,Senior government managers and officials,ER00,Canada,30.77,55.03,85.64
2021,0013,"Senior managers - financial, communications and other business services",ER00,Canada,30.77,60.1,96.15
2021,0014,"Senior managers - health, education, social and community services and membership organizations",ER00,Canada,19.98,43.24,93.45
2021,0015,"Senior managers - trade, broadcasting and other services, n.e.c.",ER00,Canada,11.75,39.92,146.19
2021,0016,"Senior managers - construction, transportation, production and utilities",ER00,Canada,11.75,46.71,159.72
2021,0111,Financial managers,ER00,Canada,30.0,50.0,76.92
2021,0112,Human resources managers,ER00,Canada,28.85,49.74,70.51
2021,0113,Purchasing managers,ER00,Canada,27.47,50.0,73.08
2021,0114,Other administrative services managers,ER00,Canada,22.0,41.03,65.38
2021,0121,"Insurance, real estate and financial brokerage managers",ER00,Canada,27.47,51.28,74.73
2021,0122,"Banking, credit and other investment managers",ER00,Canada,28.85,46.15,69.93
2021,0124,"Advertising, marketing and public relations managers",ER00,Canada,24.04,43.27,67.31
2021,0125,Other business services managers,ER00,Canada,23.52,43.59,67.31
2021,0131,Telecommunication carriers managers,ER00,Canada,27.0,44.1,62.56
2021,0132,Postal and courier services managers,ER00,Canada,11.75,32.62,55.05
2021,0211,Engineering managers,ER00,Canada,33.0,55.29,81.73
2021,0212,Architecture and science managers,ER00,Canada,31.0,52.61,76.0
2021,0213,Computer and information systems managers,ER00,Canada,34.62,52.88,72.82
2021,0311,Managers in health care,ER00,Canada,25.0,48.0,67.03
2021,0411,Government managers - health and social policy development and program administration,ER00,Canada,33.73,56.84,74.36
2021,0412,"Government managers - economic analysis, policy development and program administration",ER00,Canada,35.9,57.69,69.71
2021,0413,Government managers - education policy development and program administration,ER00,Canada,23.51,44.05,63.89
2021,0414,Other managers in public administration,ER00,Canada,36.0,55.9,74.52
2021,0421,Administrators - post-secondary education and vocational training,ER00,Canada,31.0,52.88,73.78
2021,0422,School principals and administrators of elementary and secondary education,ER00,Canada,33.46,50.55,64.84
2021,0423,"Managers in social, community and correctional services",ER00,Canada,22.5,35.71,57.69
2021,0431,Commissioned police officers,ER00,Canada,26.6,63.59,86.54
2021,0432,Fire chiefs and senior firefighting officers,ER00,Canada,30.77,53.46,75.27
2021,0433,Commissioned officers of the Canadian Forces,ER00,Canada,26.41,44.14,58.76
2021,0511,"Library, archive, museum and art gallery managers",ER00,Canada,29.12,43.96,66.22
2021,0512,"Managers - publishing, motion pictures, broadcasting and performing arts",ER00,Canada,20.0,34.62,64.08
2021,0513,"Recreation, sports and fitness program and service directors",ER00,Canada,20.0,37.5,62.0
2021,0601,Corporate sales managers,ER00,Canada,25.0,50.0,76.92
2021,0621,Retail and wholesale trade managers,ER00,Canada,17.5,33.65,63.46
2021,0631,Restaurant and food service managers,ER00,Canada,15.0,21.63,39.42
2021,0632,Accommodation service managers,ER00,Canada,16.83,30.77,62.5
2021,0651,"Managers in customer and personal services, n.e.c.",ER00,Canada,17.0,28.85,59.89
2021,0711,Construction managers,ER00,Canada,25.0,40.87,67.5
2021,0712,Home building and renovation managers,ER00,Canada,17.0,22.52,32.0
2021,0714,Facility operation and maintenance managers,ER00,Canada,22.0,36.06,57.69
2021,0731,Managers in transportation,ER00,Canada,26.44,43.0,69.72
2021,0811,Managers in natural resources production and fishing,ER00,Canada,28.85,55.38,86.54
2021,0821,Managers in agriculture,ER00,Canada,11.75,21.88,38.46
2021,0822,Managers in horticulture,ER00,Canada,19.45,31.19,48.08
2021,0823,Managers in aquaculture,ER00,Canada,11.75,25.17,43.43
2021,0911,Manufacturing managers,ER00,Canada,25.64,43.27,71.15
2021,0912,Utilities managers,ER00,Canada,37.5,63.08,85.76
2021,1111,Financial auditors and accountants,ER00,Canada,21.63,35.75,60.0
2021,1112,Financial and investment analysts,ER00,Canada,24.04,36.92,57.69
2021,1113,"Securities agents, investment dealers and brokers",ER00,Canada,23.0,37.95,76.92
2021,1114,Other financial officers,ER00,Canada,21.15,33.0,61.54
2021,1121,Human resources professionals,ER00,Canada,23.08,36.06,56.73
2021,1122,Professional occupations in business management consulting,ER00,Canada,23.0,37.97,60.0
2021,1123,"Professional occupations in advertising, marketing and public relations",ER00,Canada,17.79,30.45,51.92
2021,1211,"Supervisors, general office and administrative support workers",ER00,Canada,18.0,29.0,46.63
2021,1212,"Supervisors, finance and insurance office workers",ER00,Canada,18.97,32.21,48.08
2021,1213,"Supervisors, library, correspondence and related information workers",ER00,Canada,15.4,29.19,49.4
2021,1214,"Supervisors, mail and message distribution occupations",ER00,Canada,18.36,27.33,35.86
2021,1215,"Supervisors, supply chain, tracking and scheduling co-ordination occupations",ER00,Canada,17.0,25.3,42.06
2021,1221,Administrative officers,ER00,Canada,18.0,26.44,41.0
2021,1222,Executive assistants,ER00,Canada,20.67,30.0,42.62
2021,1223,Human resources and recruitment officers,ER00,Canada,18.0,28.85,48.08
2021,1224,Property administrators,ER00,Canada,16.5,25.0,44.62
2021,1225,Purchasing agents and officers,ER00,Canada,19.23,32.31,50.0
2021,1226,Conference and event planners,ER00,Canada,15.77,23.0,38.08
2021,1227,Court officers and justices of the peace,ER00,Canada,22.5,32.0,45.0
2021,1228,"Employment insurance, immigration, border services and revenue officers",ER00,Canada,23.0,31.08,45.0
2021,1241,Administrative assistants,ER00,Canada,16.0,23.73,33.5
2021,1242,Legal administrative assistants,ER00,Canada,16.5,24.0,36.05
2021,1243,Medical administrative assistants,ER00,Canada,16.0,21.55,28.89
2021,1251,"Court reporters, medical transcriptionists and related occupations",ER00,Canada,13.75,23.22,33.26
2021,1252,Health information management occupations,ER00,Canada,20.87,27.41,37.38
2021,1253,Records management technicians,ER00,Canada,20.0,26.5,36.93
2021,1254,Statistical officers and related research support occupations,ER00,Canada,18.51,29.54,47.71
2021,1311,Accounting technicians and bookkeepers,ER00,Canada,16.0,24.04,38.69
2021,1312,Insurance adjusters and claims examiners,ER00,Canada,20.43,31.33,47.05
2021,1313,Insurance underwriters,ER00,Canada,21.03,31.79,50.0
2021,1314,"Assessors, valuators and appraisers",ER00,Canada,20.19,35.71,48.56
2021,1315,"Customs, ship and other brokers",ER00,Canada,14.59,24.05,42.26
2021,1411,General office support workers,ER00,Canada,15.0,22.0,31.25
2021,1414,Receptionists,ER00,Canada,14.0,18.0,25.26
2021,1415,Personnel clerks,ER00,Canada,17.5,25.0,31.25
2021,1416,Court clerks,ER00,Canada,19.31,26.0,35.11
2021,1422,Data entry clerks,ER00,Canada,14.42,20.0,30.26
2021,1423,Desktop publishing operators and related occupations,ER00,Canada,15.0,20.25,37.77
2021,1431,Accounting and related clerks,ER00,Canada,16.0,22.56,33.65
2021,1432,Payroll clerks,ER00,Canada,18.25,26.71,38.0
2021,1434,"Banking, insurance and other financial clerks",ER00,Canada,16.0,21.03,31.19
2021,1435,Collectors,ER00,Canada,16.0,22.0,33.0
2021,1451,Library assistants and clerks,ER00,Canada,14.0,20.0,29.5
2021,1452,"Correspondence, publication and regulatory clerks",ER00,Canada,16.21,25.27,38.46
2021,1454,Survey interviewers and statistical clerks,ER00,Canada,13.46,19.66,38.97
2021,1511,"Mail, postal and related workers",ER00,Canada,14.5,21.15,27.62
2021,1512,Letter carriers,ER00,Canada,19.85,26.0,28.85
2021,1513,"Couriers, messengers and door-to-door distributors",ER00,Canada,11.75,16.0,30.0
2021,1521,Shippers and receivers,ER00,Canada,14.42,18.5,28.0
2021,1522,Storekeepers and partspersons,ER00,Canada,16.0,23.68,35.1
2021,1523,Production logistics co-ordinators,ER00,Canada,19.0,26.44,37.5
2021,1524,Purchasing and inventory control workers,ER00,Canada,14.5,21.99,32.69
2021,1525,Dispatchers,ER00,Canada,15.91,24.01,38.6
2021,1526,Transportation route and crew schedulers,ER00,Canada,16.83,24.04,37.52
2021,2111,Physicists and astronomers,ER00,Canada,22.98,45.99,76.81
2021,2112,Chemists,ER00,Canada,21.85,34.04,57.69
2021,2113,Geoscientists and oceanographers,ER00,Canada,28.85,44.62,67.31
2021,2114,Meteorologists and climatologists,ER00,Canada,26.71,45.59,59.65
2021,2115,Other professional occupations in physical sciences,ER00,Canada,32.85,45.05,63.94
2021,2121,Biologists and related scientists,ER00,Canada,23.5,37.1,57.69
2021,2122,Forestry professionals,ER00,Canada,26.0,40.0,53.0
2021,2123,"Agricultural representatives, consultants and specialists",ER00,Canada,21.0,30.25,48.35
2021,2131,Civil engineers,ER00,Canada,26.44,41.2,62.98
2021,2132,Mechanical engineers,ER00,Canada,28.37,42.0,62.5
2021,2133,Electrical and electronics engineers,ER00,Canada,28.7,45.0,68.0
2021,2134,Chemical engineers,ER00,Canada,25.0,43.27,76.44
2021,2141,Industrial and manufacturing engineers,ER00,Canada,27.12,40.87,62.5
2021,2142,Metallurgical and materials engineers,ER00,Canada,29.05,48.23,87.62
2021,2143,Mining engineers,ER00,Canada,26.44,46.67,64.56
2021,2144,Geological engineers,ER00,Canada,27.23,45.83,93.55
2021,2145,Petroleum engineers,ER00,Canada,31.59,52.88,84.13
2021,2146,Aerospace engineers,ER00,Canada,27.0,47.3,72.12
2021,2147,Computer engineers (except software engineers and designers),ER00,Canada,25.96,46.39,66.67
2021,2148,"Other professional engineers, n.e.c.",ER00,Canada,24.09,43.27,66.67
2021,2151,Architects,ER00,Canada,24.04,36.06,57.69
2021,2152,Landscape architects,ER00,Canada,12.65,33.9,59.04
2021,2153,Urban and land use planners,ER00,Canada,21.5,43.0,59.0
2021,2154,Land surveyors,ER00,Canada,19.23,30.0,57.69
2021,2161,"Mathematicians, statisticians and actuaries",ER00,Canada,27.69,45.13,67.58
2021,2171,Information systems analysts and consultants,ER00,Canada,25.0,41.03,60.1
2021,2172,Database analysts and data administrators,ER00,Canada,21.63,37.5,57.69
2021,2173,Software engineers and designers,ER00,Canada,28.85,48.08,69.33
2021,2174,Computer programmers and interactive media developers,ER00,Canada,23.0,38.46,57.69
2021,2175,Web designers and developers,ER00,Canada,18.0,30.0,44.71
2021,2211,Chemical technologists and technicians,ER00,Canada,16.5,25.96,45.19
2021,2212,Geological and mineral technologists and technicians,ER00,Canada,20.48,33.33,51.49
2021,2221,Biological technologists and technicians,ER00,Canada,17.0,24.0,37.66
2021,2222,Agricultural and fish products inspectors,ER00,Canada,19.0,33.33,42.92
2021,2223,Forestry technologists and technicians,ER00,Canada,19.5,27.6,46.83
2021,2224,Conservation and fishery officers,ER00,Canada,20.0,35.0,49.45
2021,2225,Landscape and horticulture technicians and specialists,ER00,Canada,14.85,21.63,35.0
2021,2231,Civil engineering technologists and technicians,ER00,Canada,20.0,31.6,50.51
2021,2232,Mechanical engineering technologists and technicians,ER00,Canada,20.0,31.25,49.04
2021,2233,Industrial engineering and manufacturing technologists and technicians,ER00,Canada,18.75,30.0,43.27
2021,2234,Construction estimators,ER00,Canada,20.0,33.33,49.05
2021,2241,Electrical and electronics engineering technologists and technicians,ER00,Canada,20.0,33.65,50.0
2021,2242,Electronic service technicians (household and business equipment),ER00,Canada,16.25,25.0,38.46
2021,2243,Industrial instrument technicians and mechanics,ER00,Canada,23.0,41.0,59.52
2021,2244,"Aircraft instrument, electrical and avionics mechanics, technicians and inspectors",ER00,Canada,20.0,36.0,45.67
2021,2251,Architectural technologists and technicians,ER00,Canada,18.0,27.88,40.0
2021,2252,Industrial designers,ER00,Canada,19.0,28.75,44.62
2021,2253,Drafting technologists and technicians,ER00,Canada,20.0,28.4,42.56
2021,2254,Land survey technologists and technicians,ER00,Canada,20.0,34.0,42.44
2021,2255,Technical occupations in geomatics and meteorology,ER00,Canada,19.25,32.42,44.66
2021,2261,Non-destructive testers and inspection technicians,ER00,Canada,23.0,35.04,59.0
2021,2262,Engineering inspectors and regulatory officers,ER00,Canada,24.89,38.68,58.44
2021,2263,Inspectors in public and environmental health and occupational health and safety,ER00,Canada,21.7,36.0,54.81
2021,2264,Construction inspectors,ER00,Canada,22.05,32.97,53.08
2021,2271,"Air pilots, flight engineers and flying instructors",ER00,Canada,20.0,44.87,73.53
2021,2272,Air traffic controllers and related occupations,ER00,Canada,22.56,47.0,85.0
2021,2273,"Deck officers, water transport",ER00,Canada,19.0,34.25,51.28
2021,2274,"Engineer officers, water transport",ER00,Canada,25.25,38.46,51.28
2021,2275,Railway traffic controllers and marine traffic regulators,ER00,Canada,26.38,45.5,58.7
2021,2281,Computer network technicians,ER00,Canada,20.0,31.73,49.38
2021,2282,User support technicians,ER00,Canada,17.2,28.85,47.12
2021,2283,Information systems testing technicians,ER00,Canada,16.04,30.29,48.56
2021,3011,Nursing co-ordinators and supervisors,ER00,Canada,22.71,42.45,52.0
2021,3012,Registered nurses and registered psychiatric nurses,ER00,Canada,26.28,40.0,48.37
2021,3111,Specialist physicians,ER00,Canada,50.23018,140.5909,290.17321999999996
2021,3112,General practitioners and family physicians,ER00,Canada,41.689685,108.432075,207.19487
2021,3113,Dentists,ER00,Canada,15.064,59.197,130.7585
2021,3114,Veterinarians,ER00,Canada,15.1145,42.537,69.8335
2021,3121,Optometrists,ER00,Canada,12.373,43.0575,83.929
2021,3122,Chiropractors,ER00,Canada,12.373,30.0385,61.158
2021,3124,Allied primary health practitioners,ER00,Canada,30.18,53.37,63.11
2021,3125,Other professional occupations in health diagnosing and treating,ER00,Canada,12.373,26.2585,53.874
2021,3131,Pharmacists,ER00,Canada,27.056,52.323,72.15
2021,3132,Dietitians and nutritionists,ER00,Canada,21.63,37.5,47.22
2021,3141,Audiologists and speech-language pathologists,ER00,Canada,27.0,40.38,51.28
2021,3142,Physiotherapists,ER00,Canada,28.0,40.75,49.65
2021,3143,Occupational therapists,ER00,Canada,31.25,41.63,49.63
2021,3144,Other professional occupations in therapy and assessment,ER00,Canada,16.83,24.2,45.0
2021,3211,Medical laboratory technologists,ER00,Canada,23.94,35.0,44.51
2021,3212,Medical laboratory technicians and pathologists' assistants,ER00,Canada,18.55,27.47,40.0
2021,3213,Animal health technologists and veterinary technicians,ER00,Canada,14.0,19.5,26.81
2021,3214,"Respiratory therapists, clinical perfusionists and cardiopulmonary technologists",ER00,Canada,23.56,36.0,47.0
2021,3215,Medical radiation technologists,ER00,Canada,25.0,36.0,45.0
2021,3216,Medical sonographers,ER00,Canada,31.0,38.76,48.58
2021,3217,"Cardiology technologists and electrophysiological diagnostic technologists, n.e.c.",ER00,Canada,20.0,31.0,37.5
2021,3219,Other medical technologists and technicians (except dental health),ER00,Canada,14.0,19.0,29.88
2021,3221,Denturists,ER00,Canada,12.373,27.2125,56.177
2021,3222,Dental hygienists and dental therapists,ER00,Canada,26.5,36.0,48.0
2021,3223,"Dental technologists, technicians and laboratory assistants",ER00,Canada,16.0,24.04,40.0
2021,3231,Opticians,ER00,Canada,17.31,25.0,32.75
2021,3232,Practitioners of natural healing,ER00,Canada,17.45,30.0,53.0
2021,3233,Licensed practical nurses,ER00,Canada,22.0,28.0,33.23
2021,3234,Paramedical occupations,ER00,Canada,22.5,34.34,43.88
2021,3236,Massage therapists,ER00,Canada,16.83,28.85,51.0
2021,3237,Other technical occupations in therapy and assessment,ER00,Canada,15.0,22.81,32.13
2021,3411,Dental assistants,ER00,Canada,18.0,24.0,32.0
2021,3413,"Nurse aides, orderlies and patient service associates",ER00,Canada,15.38,20.88,25.0
2021,3414,Other assisting occupations in support of health services,ER00,Canada,14.0,20.0,27.0
2021,4011,University professors and lecturers,ER00,Canada,24.62,51.92,76.92
2021,4012,Post-secondary teaching and research assistants,ER00,Canada,12.65,24.5,45.0
2021,4021,College and other vocational instructors,ER00,Canada,18.19,40.0,58.53
2021,4031,Secondary school teachers,ER00,Canada,26.92,42.31,53.85
2021,4032,Elementary school and kindergarten teachers,ER00,Canada,24.04,40.49,52.75
2021,4033,Educational counsellors,ER00,Canada,23.8,38.46,50.0
2021,4111,Judges,ER00,Canada,127.259,175.29316,188.00835999999998
2021,4112,Lawyers and Quebec notaries,ER00,Canada,18.6735,58.47,147.173
2021,4151,Psychologists,ER00,Canada,26.0,44.29,58.89
2021,4152,Social workers,ER00,Canada,22.0,35.0,46.1
2021,4153,"Family, marriage and other related counsellors",ER00,Canada,19.23,28.92,44.0
2021,4154,Professional occupations in religion,ER00,Canada,14.88,25.0,38.46
2021,4155,Probation and parole officers and related occupations,ER00,Canada,28.0,40.0,48.08
2021,4156,Employment counsellors,ER00,Canada,20.0,25.34,41.73
2021,4161,"Natural and applied science policy researchers, consultants and program officers",ER00,Canada,24.86,39.78,58.97
2021,4162,Economists and economic policy researchers and analysts,ER00,Canada,29.76,46.15,74.36
2021,4163,Business development officers and marketing researchers and consultants,ER00,Canada,22.44,34.62,59.5
2021,4164,"Social policy researchers, consultants and program officers",ER00,Canada,21.0,36.06,52.88
2021,4165,"Health policy researchers, consultants and program officers",ER00,Canada,19.47,37.95,55.49
2021,4166,"Education policy researchers, consultants and program officers",ER00,Canada,24.18,38.46,53.85
2021,4167,"Recreation, sports and fitness policy researchers, consultants and program officers",ER00,Canada,16.58,26.1,42.31
2021,4168,Program officers unique to government,ER00,Canada,25.37,40.0,56.41
2021,4169,"Other professional occupations in social science, n.e.c.",ER00,Canada,19.0,33.65,48.0
2021,4211,Paralegal and related occupations,ER00,Canada,18.0,28.02,45.67
2021,4212,Social and community service workers,ER00,Canada,16.0,23.0,34.19
2021,4214,Early childhood educators and assistants,ER00,Canada,14.0,20.0,27.0
2021,4215,Instructors of persons with disabilities,ER00,Canada,18.5,27.0,46.15
2021,4216,Other instructors,ER00,Canada,14.0,18.0,35.9
2021,4217,Other religious occupations,ER00,Canada,11.75,17.95,31.68
2021,4311,Police officers (except commissioned),ER00,Canada,28.85,45.19,57.69
2021,4312,Firefighters,ER00,Canada,26.0,44.24,55.0
2021,4313,Non-commissioned ranks of the Canadian Forces,ER00,Canada,22.12,32.16,42.24
2021,4411,Home child care providers,ER00,Canada,11.75,15.63,23.08
2021,4412,"Home support workers, housekeepers and related occupations",ER00,Canada,13.46,17.0,23.08
2021,4413,Elementary and secondary school teacher assistants,ER00,Canada,15.0,22.86,29.0
2021,4421,Sheriffs and bailiffs,ER00,Canada,18.75,26.85,38.01
2021,4422,Correctional service officers,ER00,Canada,25.6,34.0,43.39
2021,4423,"By-law enforcement and other regulatory officers, n.e.c.",ER00,Canada,18.0,34.21,46.43
2021,5111,Librarians,ER00,Canada,18.01,35.0,49.21
2021,5112,Conservators and curators,ER00,Canada,16.48,21.63,46.98
2021,5113,Archivists,ER00,Canada,15.0,18.0,32.0
2021,5121,Authors and writers,ER00,Canada,16.48,30.1,45.0
2021,5122,Editors,ER00,Canada,18.5,28.37,43.08
2021,5123,Journalists,ER00,Canada,20.0,32.0,45.67
2021,5125,"Translators, terminologists and interpreters",ER00,Canada,20.0,29.5,45.13
2021,5131,"Producers, directors, choreographers and related occupations",ER00,Canada,17.5,31.41,47.12
2021,5132,"Conductors, composers and arrangers",ER00,Canada,12.373,18.0495,44.0085
2021,5133,Musicians and singers,ER00,Canada,15.0,23.0,38.46
2021,5134,Dancers,ER00,Canada,15.0,25.86,45.0
2021,5135,Actors and comedians,ER00,Canada,14.0,18.58,38.63
2021,5136,"Painters, sculptors and other visual artists",ER00,Canada,15.0,25.0,45.0
2021,5211,Library and public archive technicians,ER00,Canada,15.0,24.0,32.44
2021,5212,Technical occupations related to museums and art galleries,ER00,Canada,14.0,19.0,30.77
2021,5221,Photographers,ER00,Canada,14.0,19.23,36.88
2021,5222,Film and video camera operators,ER00,Canada,15.0,28.85,38.94
2021,5223,Graphic arts technicians,ER00,Canada,15.1,30.0,49.0
2021,5224,Broadcast technicians,ER00,Canada,16.71,27.0,41.77
2021,5225,Audio and video recording technicians,ER00,Canada,17.0,27.59,41.56
2021,5226,"Other technical and co-ordinating occupations in motion pictures, broadcasting and the performing arts",ER00,Canada,16.8,30.0,40.0
2021,5227,"Support occupations in motion pictures, broadcasting, photography and the performing arts",ER00,Canada,14.65,21.53,35.15
2021,5231,Announcers and other broadcasters,ER00,Canada,16.25,27.0,40.64
2021,5232,"Other performers, n.e.c.",ER00,Canada,11.75,16.0,40.0
2021,5241,Graphic designers and illustrators,ER00,Canada,18.0,27.47,43.33
2021,5242,Interior designers and interior decorators,ER00,Canada,17.0,23.08,43.27
2021,5243,"Theatre, fashion, exhibit and other creative designers",ER00,Canada,15.0,24.5,38.46
2021,5244,Artisans and craftspersons,ER00,Canada,13.79,17.55,27.3
2021,5245,"Patternmakers - textile, leather and fur products",ER00,Canada,13.71,23.83,37.23
2021,5251,Athletes,ER00,Canada,11.75,24.16,43.08
2021,5252,Coaches,ER00,Canada,12.5,24.0,45.05
2021,5253,Sports officials and referees,ER00,Canada,11.75,15.0,24.04
2021,5254,"Program leaders and instructors in recreation, sport and fitness",ER00,Canada,13.0,16.25,28.3
2021,6211,Retail sales supervisors,ER00,Canada,14.0,19.25,31.25
2021,6221,Technical sales specialists - wholesale trade,ER00,Canada,16.03,27.0,41.67
2021,6222,Retail and wholesale buyers,ER00,Canada,15.38,23.54,36.54
2021,6231,Insurance agents and brokers,ER00,Canada,17.31,25.64,38.46
2021,6232,Real estate agents and salespersons,ER00,Canada,12.373,23.106,67.3915
2021,6235,Financial sales representatives,ER00,Canada,18.0,25.64,41.03
2021,6311,Food service supervisors,ER00,Canada,13.0,16.0,24.04
2021,6312,Executive housekeepers,ER00,Canada,13.57,19.69,30.75
2021,6313,"Accommodation, travel, tourism and related services supervisors",ER00,Canada,15.0,22.0,33.25
2021,6314,Customer and information services supervisors,ER00,Canada,16.0,26.0,38.46
2021,6315,Cleaning supervisors,ER00,Canada,15.0,24.0,35.9
2021,6316,Other services supervisors,ER00,Canada,15.0,20.19,33.65
2021,6321,Chefs,ER00,Canada,14.0,18.0,26.75
2021,6322,Cooks,ER00,Canada,13.0,15.5,20.0
2021,6331,"Butchers, meat cutters and fishmongers - retail and wholesale",ER00,Canada,12.5,17.0,25.66
2021,6332,Bakers,ER00,Canada,12.5,15.0,22.0
2021,6341,Hairstylists and barbers,ER00,Canada,12.0,16.0,25.91
2021,6342,"Tailors, dressmakers, furriers and milliners",ER00,Canada,13.75,16.35,23.0
2021,6343,Shoe repairers and shoemakers,ER00,Canada,13.29,16.38,24.38
2021,6344,"Jewellers, jewellery and watch repairers and related occupations",ER00,Canada,14.0,18.5,27.5
2021,6345,Upholsterers,ER00,Canada,13.1,18.0,32.0
2021,6346,Funeral directors and embalmers,ER00,Canada,14.0,21.0,32.97
2021,6411,Sales and account representatives - wholesale trade (non-technical),ER00,Canada,16.0,26.0,40.87
2021,6421,Retail salespersons,ER00,Canada,12.5,15.0,25.0
2021,6511,Maîtres d'hôtel and hosts/hostesses,ER00,Canada,12.65,15.5,23.08
2021,6512,Bartenders,ER00,Canada,12.0,17.0,25.0
2021,6513,Food and beverage servers,ER00,Canada,12.0,15.0,25.0
2021,6521,Travel counsellors,ER00,Canada,14.36,20.0,28.85
2021,6522,Pursers and flight attendants,ER00,Canada,15.0,25.0,45.05
2021,6523,Airline ticket and service agents,ER00,Canada,14.0,18.75,29.87
2021,6524,"Ground and water transport ticket agents, cargo service representatives and related clerks",ER00,Canada,13.85,18.0,29.25
2021,6525,Hotel front desk clerks,ER00,Canada,13.0,16.0,24.0
2021,6531,Tour and travel guides,ER00,Canada,13.0,16.0,24.0
2021,6532,Outdoor sport and recreational guides,ER00,Canada,14.0,17.84,27.0
2021,6533,Casino occupations,ER00,Canada,14.75,21.0,29.81
2021,6541,Security guards and related security service occupations,ER00,Canada,14.0,18.0,27.1
2021,6551,Customer services representatives - financial institutions,ER00,Canada,15.3,19.0,26.0
2021,6552,Other customer and information services representatives,ER00,Canada,14.0,19.0,30.0
2021,6561,"Image, social and other personal consultants",ER00,Canada,11.75,15.71,38.32
2021,6562,"Estheticians, electrologists and related occupations",ER00,Canada,12.5,15.25,25.0
2021,6563,Pet groomers and animal care workers,ER00,Canada,12.75,15.5,26.0
2021,6564,Other personal service occupations,ER00,Canada,13.8,17.0,37.4
2021,6611,Cashiers,ER00,Canada,12.0,14.0,16.5
2021,6621,Service station attendants,ER00,Canada,11.75,14.0,19.0
2021,6622,"Store shelf stockers, clerks and order fillers",ER00,Canada,12.5,14.5,19.7
2021,6623,Other sales related occupations,ER00,Canada,12.9,15.0,25.0
2021,6711,"Food counter attendants, kitchen helpers and related support occupations",ER00,Canada,12.0,14.0,19.0
2021,6721,"Support occupations in accommodation, travel and facilities set-up services",ER00,Canada,14.0,16.0,28.06
2021,6722,"Operators and attendants in amusement, recreation and sport",ER00,Canada,12.5,15.0,26.0
2021,6731,Light duty cleaners,ER00,Canada,13.0,16.61,22.0
2021,6732,Specialized cleaners,ER00,Canada,13.5,16.5,26.54
2021,6733,"Janitors, caretakers and building superintendents",ER00,Canada,14.0,20.0,28.85
2021,6741,"Dry cleaning, laundry and related occupations",ER00,Canada,13.25,16.0,21.14
2021,6742,"Other service support occupations, n.e.c.",ER00,Canada,12.5,15.0,21.65
2021,7201,"Contractors and supervisors, machining, metal forming, shaping and erecting trades and related occupations",ER00,Canada,25.0,35.0,47.6
2021,7202,"Contractors and supervisors, electrical trades and telecommunications occupations",ER00,Canada,22.05,40.0,51.95
2021,7203,"Contractors and supervisors, pipefitting trades",ER00,Canada,26.7,43.0,54.18
2021,7204,"Contractors and supervisors, carpentry trades",ER00,Canada,22.73,34.97,46.0
2021,7205,"Contractors and supervisors, other construction trades, installers, repairers and servicers",ER00,Canada,21.25,34.0,47.0
2021,7231,Machinists and machining and tooling inspectors,ER00,Canada,18.0,26.0,38.0
2021,7232,Tool and die makers,ER00,Canada,19.0,28.0,37.5
2021,7233,Sheet metal workers,ER00,Canada,19.52,31.84,41.3
2021,7234,Boilermakers,ER00,Canada,30.0,44.0,48.0
2021,7235,Structural metal and platework fabricators and fitters,ER00,Canada,18.0,26.27,38.75
2021,7236,Ironworkers,ER00,Canada,25.0,39.0,44.0
2021,7237,Welders and related machine operators,ER00,Canada,18.0,25.5,41.1
2021,7241,Electricians (except industrial and power system),ER00,Canada,18.0,30.0,43.1
2021,7242,Industrial electricians,ER00,Canada,25.0,37.0,48.08
2021,7243,Power system electricians,ER00,Canada,32.0,43.4,56.36
2021,7244,Electrical power line and cable workers,ER00,Canada,25.0,42.0,52.2
2021,7245,Telecommunications line and cable workers,ER00,Canada,17.0,30.0,41.0
2021,7246,Telecommunications installation and repair workers,ER00,Canada,17.0,28.0,40.0
2021,7247,Cable television service and maintenance technicians,ER00,Canada,18.0,25.96,38.5
2021,7251,Plumbers,ER00,Canada,18.0,31.0,42.0
2021,7252,"Steamfitters, pipefitters and sprinkler system installers",ER00,Canada,24.0,40.43,46.39
2021,7253,Gas fitters,ER00,Canada,18.0,34.0,47.0
2021,7271,Carpenters,ER00,Canada,18.5,28.0,39.85
2021,7272,Cabinetmakers,ER00,Canada,16.0,21.0,30.0
2021,7281,Bricklayers,ER00,Canada,23.0,35.46,42.37
2021,7282,Concrete finishers,ER00,Canada,21.0,30.0,39.0
2021,7283,Tilesetters,ER00,Canada,20.0,30.09,40.01
2021,7284,"Plasterers, drywall installers and finishers and lathers",ER00,Canada,20.0,30.0,40.0
2021,7291,Roofers and shinglers,ER00,Canada,19.0,27.0,40.0
2021,7292,Glaziers,ER00,Canada,19.0,27.78,39.69
2021,7293,Insulators,ER00,Canada,17.5,30.0,43.0
2021,7294,Painters and decorators (except interior decorators),ER00,Canada,17.0,24.0,37.66
2021,7295,Floor covering installers,ER00,Canada,15.0,22.0,36.84
2021,7301,"Contractors and supervisors, mechanic trades",ER00,Canada,20.5,36.0,52.55
2021,7302,"Contractors and supervisors, heavy equipment operator crews",ER00,Canada,22.0,35.0,48.08
2021,7303,"Supervisors, printing and related occupations",ER00,Canada,17.5,25.0,48.08
2021,7304,"Supervisors, railway transport operations",ER00,Canada,31.25,40.0,57.69
2021,7305,"Supervisors, motor transport and other ground transit operators",ER00,Canada,18.0,28.66,45.19
2021,7311,Construction millwrights and industrial mechanics,ER00,Canada,20.0,32.0,45.0
2021,7312,Heavy-duty equipment mechanics,ER00,Canada,21.5,34.0,47.27
2021,7313,Refrigeration and air conditioning mechanics,ER00,Canada,18.0,31.66,48.0
2021,7314,Railway carmen/women,ER00,Canada,26.27,34.52,39.6
2021,7315,Aircraft mechanics and aircraft inspectors,ER00,Canada,17.31,34.0,46.15
2021,7316,Machine fitters,ER00,Canada,16.59,29.44,46.2
2021,7318,Elevator constructors and mechanics,ER00,Canada,22.0,40.0,58.0
2021,7321,"Automotive service technicians, truck and bus mechanics and mechanical repairers",ER00,Canada,15.73,23.75,35.58
2021,7322,Motor vehicle body repairers,ER00,Canada,15.0,23.5,35.0
2021,7331,Oil and solid fuel heating mechanics,ER00,Canada,17.0,25.0,38.06
2021,7332,Appliance servicers and repairers,ER00,Canada,13.1,23.0,36.0
2021,7333,Electrical mechanics,ER00,Canada,21.0,27.4,36.87
2021,7334,"Motorcycle, all-terrain vehicle and other related mechanics",ER00,Canada,17.0,29.0,40.0
2021,7335,Other small engine and small equipment repairers,ER00,Canada,16.0,22.0,28.85
2021,7361,Railway and yard locomotive engineers,ER00,Canada,20.0,39.76,56.25
2021,7362,Railway conductors and brakemen/women,ER00,Canada,24.0,38.46,48.08
2021,7371,Crane operators,ER00,Canada,21.0,32.0,46.0
2021,7372,"Drillers and blasters - surface mining, quarrying and construction",ER00,Canada,23.0,32.0,41.0
2021,7373,Water well drillers,ER00,Canada,18.0,26.25,35.0
2021,7381,Printing press operators,ER00,Canada,15.5,23.0,34.8
2021,7384,"Other trades and related occupations, n.e.c.",ER00,Canada,16.5,25.0,43.74
2021,7441,Residential and commercial installers and servicers,ER00,Canada,17.0,22.0,35.0
2021,7442,Waterworks and gas maintenance workers,ER00,Canada,17.31,32.0,48.0
2021,7444,Pest controllers and fumigators,ER00,Canada,16.0,21.63,31.25
2021,7445,Other repairers and servicers,ER00,Canada,13.5,20.0,35.8
2021,7451,Longshore workers,ER00,Canada,19.0,32.5,45.0
2021,7452,Material handlers,ER00,Canada,14.0,18.0,28.0
2021,7511,Transport truck drivers,ER00,Canada,16.0,23.0,33.08
2021,7512,"Bus drivers, subway operators and other transit operators",ER00,Canada,15.0,22.0,35.0
2021,7513,Taxi and limousine drivers and chauffeurs,ER00,Canada,11.75,16.25,29.0
2021,7514,Delivery and courier service drivers,ER00,Canada,12.75,17.0,30.0
2021,7521,Heavy equipment operators (except crane),ER00,Canada,20.0,28.93,40.0
2021,7522,Public works maintenance equipment operators and related workers,ER00,Canada,18.0,25.0,33.0
2021,7531,Railway yard and track maintenance workers,ER00,Canada,24.0,31.0,39.0
2021,7532,Water transport deck and engine room crew,ER00,Canada,19.3,26.0,36.0
2021,7533,Boat and cable ferry operators and related occupations,ER00,Canada,16.0,23.87,32.0
2021,7534,Air transport ramp attendants,ER00,Canada,14.0,19.0,29.0
2021,7535,Other automotive mechanical installers and servicers,ER00,Canada,13.85,17.0,28.0
2021,7611,Construction trades helpers and labourers,ER00,Canada,15.0,21.0,35.0
2021,7612,Other trades helpers and labourers,ER00,Canada,14.5,20.0,33.0
2021,7621,Public works and maintenance labourers,ER00,Canada,16.0,25.0,36.0
2021,7622,Railway and motor transport labourers,ER00,Canada,14.0,18.0,28.32
2021,8211,"Supervisors, logging and forestry",ER00,Canada,18.0,30.0,45.23
2021,8221,"Supervisors, mining and quarrying",ER00,Canada,23.0,43.75,58.89
2021,8222,"Contractors and supervisors, oil and gas drilling and services",ER00,Canada,25.0,44.0,65.0
2021,8231,Underground production and development miners,ER00,Canada,23.0,35.0,48.0
2021,8232,"Oil and gas well drillers, servicers, testers and related workers",ER00,Canada,23.0,39.0,63.0
2021,8241,Logging machinery operators,ER00,Canada,18.46,27.0,35.0
2021,8252,"Agricultural service contractors, farm supervisors and specialized livestock workers",ER00,Canada,13.5,21.0,34.38
2021,8255,"Contractors and supervisors, landscaping, grounds maintenance and horticulture services",ER00,Canada,16.85,26.25,35.0
2021,8261,Fishing masters and officers,ER00,Canada,16.21,30.0,80.0
2021,8262,Fishermen/women,ER00,Canada,15.0,25.0,75.0
2021,8411,Underground mine service and support workers,ER00,Canada,22.15,35.0,44.0
2021,8412,Oil and gas well drilling and related workers and services operators,ER00,Canada,23.0,31.0,48.08
2021,8421,Chain saw and skidder operators,ER00,Canada,18.0,27.0,36.05
2021,8422,Silviculture and forestry workers,ER00,Canada,16.0,22.0,31.8
2021,8431,General farm workers,ER00,Canada,12.5,17.58,27.0
2021,8432,Nursery and greenhouse workers,ER00,Canada,13.4,16.5,31.25
2021,8441,Fishing vessel deckhands,ER00,Canada,15.0,20.0,50.0
2021,8442,Trappers and hunters,ER00,Canada,12.02,18.0,32.05
2021,8611,Harvesting labourers,ER00,Canada,12.5,14.25,20.0
2021,8612,Landscaping and grounds maintenance labourers,ER00,Canada,14.0,17.38,25.0
2021,8613,Aquaculture and marine harvest labourers,ER00,Canada,14.65,20.0,29.0
2021,8614,Mine labourers,ER00,Canada,18.1,25.0,36.0
2021,8615,"Oil and gas drilling, servicing and related labourers",ER00,Canada,19.0,27.0,34.95
2021,8616,Logging and forestry labourers,ER00,Canada,15.0,24.0,40.0
2021,9211,"Supervisors, mineral and metal processing",ER00,Canada,20.0,31.5,48.08
2021,9212,"Supervisors, petroleum, gas and chemical processing and utilities",ER00,Canada,21.34,39.42,59.44
2021,9213,"Supervisors, food, beverage and associated products processing",ER00,Canada,15.38,23.65,38.46
2021,9214,"Supervisors, plastic and rubber products manufacturing",ER00,Canada,18.75,28.0,40.87
2021,9215,"Supervisors, forest products processing",ER00,Canada,20.25,31.73,49.0
2021,9217,"Supervisors, textile, fabric, fur and leather products processing and manufacturing",ER00,Canada,15.0,19.32,32.0
2021,9221,"Supervisors, motor vehicle assembling",ER00,Canada,24.04,32.69,45.19
2021,9222,"Supervisors, electronics manufacturing",ER00,Canada,15.0,25.0,37.44
2021,9223,"Supervisors, electrical products manufacturing",ER00,Canada,21.0,31.7,40.87
2021,9224,"Supervisors, furniture and fixtures manufacturing",ER00,Canada,20.5,25.0,40.38
2021,9226,"Supervisors, other mechanical and metal products manufacturing",ER00,Canada,19.64,29.81,46.15
2021,9227,"Supervisors, other products manufacturing and assembly",ER00,Canada,20.0,27.88,42.86
2021,9231,"Central control and process operators, mineral and metal processing",ER00,Canada,25.0,34.0,44.75
2021,9232,"Petroleum, gas and chemical process operators",ER00,Canada,25.0,45.37,62.0
2021,9235,"Pulping, papermaking and coating control operators",ER00,Canada,20.0,34.0,40.0
2021,9241,Power engineers and power systems operators,ER00,Canada,23.9,41.0,58.37
2021,9243,Water and waste treatment plant operators,ER00,Canada,20.0,30.0,37.98
2021,9411,"Machine operators, mineral and metal processing",ER00,Canada,18.5,31.15,45.0
2021,9412,Foundry workers,ER00,Canada,15.61,21.44,28.79
2021,9413,Glass forming and finishing machine operators and glass cutters,ER00,Canada,15.0,19.36,25.63
2021,9414,"Concrete, clay and stone forming operators",ER00,Canada,16.5,22.61,31.84
2021,9415,"Inspectors and testers, mineral and metal processing",ER00,Canada,16.44,24.18,35.45
2021,9416,Metalworking and forging machine operators,ER00,Canada,15.0,20.0,29.09
2021,9417,Machining tool operators,ER00,Canada,15.6,20.7,28.9
2021,9418,Other metal products machine operators,ER00,Canada,15.76,20.69,30.15
2021,9421,Chemical plant machine operators,ER00,Canada,16.0,25.0,37.0
2021,9422,Plastics processing machine operators,ER00,Canada,15.0,19.27,27.0
2021,9423,Rubber processing machine operators and related workers,ER00,Canada,14.85,20.0,29.38
2021,9431,Sawmill machine operators,ER00,Canada,16.5,25.0,35.0
2021,9432,Pulp mill machine operators,ER00,Canada,15.33,28.27,37.24
2021,9433,Papermaking and finishing machine operators,ER00,Canada,18.75,26.75,38.0
2021,9434,Other wood processing machine operators,ER00,Canada,15.7,22.0,32.0
2021,9435,Paper converting machine operators,ER00,Canada,16.0,25.0,36.0
2021,9436,Lumber graders and other wood processing inspectors and graders,ER00,Canada,15.19,23.0,34.52
2021,9437,Woodworking machine operators,ER00,Canada,15.0,19.2,27.0
2021,9441,"Textile fibre and yarn, hide and pelt processing machine operators and workers",ER00,Canada,13.19,15.0,24.75
2021,9442,"Weavers, knitters and other fabric making occupations",ER00,Canada,13.8,16.65,21.5
2021,9445,"Fabric, fur and leather cutters",ER00,Canada,13.91,17.0,24.25
2021,9446,Industrial sewing machine operators,ER00,Canada,12.05,15.0,20.0
2021,9447,"Inspectors and graders, textile, fabric, fur and leather products manufacturing",ER00,Canada,12.6,14.85,21.61
2021,9461,"Process control and machine operators, food, beverage and associated products processing",ER00,Canada,14.0,19.53,29.0
2021,9462,"Industrial butchers and meat cutters, poultry preparers and related workers",ER00,Canada,15.0,20.0,23.0
2021,9463,Fish and seafood plant workers,ER00,Canada,13.0,15.0,18.0
2021,9465,"Testers and graders, food, beverage and associated products processing",ER00,Canada,15.3,22.0,38.46
2021,9471,Plateless printing equipment operators,ER00,Canada,14.0,19.0,29.0
2021,9472,"Camera, platemaking and other prepress occupations",ER00,Canada,14.99,22.73,36.0
2021,9473,Binding and finishing machine operators,ER00,Canada,13.78,17.0,26.5
2021,9474,Photographic and film processors,ER00,Canada,13.5,17.0,30.0
2021,9521,Aircraft assemblers and aircraft assembly inspectors,ER00,Canada,18.0,29.09,38.0
2021,9522,"Motor vehicle assemblers, inspectors and testers",ER00,Canada,16.0,21.0,34.83
2021,9523,"Electronics assemblers, fabricators, inspectors and testers",ER00,Canada,14.0,18.0,29.5
2021,9524,"Assemblers and inspectors, electrical appliance, apparatus and equipment manufacturing",ER00,Canada,15.0,18.0,26.44
2021,9525,"Assemblers, fabricators and inspectors, industrial electrical motors and transformers",ER00,Canada,15.0,20.33,29.81
2021,9526,Mechanical assemblers and inspectors,ER00,Canada,16.0,22.67,31.0
2021,9527,"Machine operators and inspectors, electrical apparatus manufacturing",ER00,Canada,15.0,19.0,27.0
2021,9531,Boat assemblers and inspectors,ER00,Canada,11.75,19.93,39.61
2021,9532,Furniture and fixture assemblers and inspectors,ER00,Canada,14.5,18.0,25.0
2021,9533,Other wood products assemblers and inspectors,ER00,Canada,14.5,18.1,26.67
2021,9534,Furniture finishers and refinishers,ER00,Canada,15.0,18.65,27.0
2021,9535,"Plastic products assemblers, finishers and inspectors",ER00,Canada,15.0,19.0,26.6
2021,9536,"Industrial painters, coaters and metal finishing process operators",ER00,Canada,16.0,21.65,32.75
2021,9537,"Other products assemblers, finishers and inspectors",ER00,Canada,14.0,18.1,29.8
2021,9611,Labourers in mineral and metal processing,ER00,Canada,15.25,22.0,33.25
2021,9612,Labourers in metal fabrication,ER00,Canada,15.5,20.0,29.25
2021,9613,Labourers in chemical products processing and utilities,ER00,Canada,15.0,21.89,34.47
2021,9614,"Labourers in wood, pulp and paper processing",ER00,Canada,15.0,20.67,31.8
2021,9615,Labourers in rubber and plastic products manufacturing,ER00,Canada,14.0,17.5,23.0
2021,9616,Labourers in textile processing,ER00,Canada,12.5,15.0,22.0
2021,9617,"Labourers in food, beverage and associated products processing",ER00,Canada,14.0,17.16,23.0
2021,9618,Labourers in fish and seafood processing,ER00,Canada,13.0,15.5,19.0
2021,9619,"Other labourers in processing, manufacturing and utilities",ER00,Canada,14.0,16.76,23.8
2022,0011,Legislators,ER00,Canada,13.723,33.842,71.4125
2022,0012,Senior government managers and officials,ER00,Canada,25.5,55.03,84.62
2022,0013,"Senior managers - financial, communications and other business services",ER00,Canada,32.88,62.5,96.15
2022,0014,"Senior managers - health, education, social and community services and membership organizations",ER00,Canada,19.98,43.24,93.45
2022,0015,"Senior managers - trade, broadcasting and other services, n.e.c.",ER00,Canada,21.5,42.5,102.83
2022,0016,"Senior managers - construction, transportation, production and utilities",ER00,Canada,13.0,46.71,159.72
2022,0111,Financial managers,ER00,Canada,31.25,52.88,80.0
2022,0112,Human resources managers,ER00,Canada,33.17,50.96,71.79
2022,0113,Purchasing managers,ER00,Canada,30.0,50.0,72.88
2022,0114,Other administrative services managers,ER00,Canada,24.04,45.44,67.58
2022,0121,"Insurance, real estate and financial brokerage managers",ER00,Canada,29.75,51.65,77.13
2022,0122,"Banking, credit and other investment managers",ER00,Canada,30.11,48.72,72.12
2022,0124,"Advertising, marketing and public relations managers",ER00,Canada,24.36,48.08,74.36
2022,0125,Other business services managers,ER00,Canada,25.0,45.0,76.92
2022,0131,Telecommunication carriers managers,ER00,Canada,32.0,45.13,66.67
2022,0132,Postal and courier services managers,ER00,Canada,24.0,36.38,71.79
2022,0211,Engineering managers,ER00,Canada,39.5,57.69,86.54
2022,0212,Architecture and science managers,ER00,Canada,36.54,54.76,81.95
2022,0213,Computer and information systems managers,ER00,Canada,34.86,55.38,76.92
2022,0311,Managers in health care,ER00,Canada,26.0,48.72,69.57
2022,0411,Government managers - health and social policy development and program administration,ER00,Canada,33.73,55.38,76.92
2022,0412,"Government managers - economic analysis, policy development and program administration",ER00,Canada,37.5,56.41,72.53
2022,0413,Government managers - education policy development and program administration,ER00,Canada,30.0,55.09,91.28
2022,0414,Other managers in public administration,ER00,Canada,37.98,57.69,75.82
2022,0421,Administrators - post-secondary education and vocational training,ER00,Canada,30.22,50.0,68.68
2022,0422,School principals and administrators of elementary and secondary education,ER00,Canada,33.57,51.28,64.9
2022,0423,"Managers in social, community and correctional services",ER00,Canada,23.59,37.36,63.19
2022,0431,Commissioned police officers,ER00,Canada,35.95,65.79,86.54
2022,0432,Fire chiefs and senior firefighting officers,ER00,Canada,29.6,60.1,83.08
2022,0433,Commissioned officers of the Canadian Forces,ER00,Canada,26.41,44.14,58.76
2022,0511,"Library, archive, museum and art gallery managers",ER00,Canada,29.12,47.69,67.31
2022,0512,"Managers - publishing, motion pictures, broadcasting and performing arts",ER00,Canada,20.19,36.06,64.08
2022,0513,"Recreation, sports and fitness program and service directors",ER00,Canada,20.71,38.46,76.92
2022,0601,Corporate sales managers,ER00,Canada,27.4,52.88,87.18
2022,0621,Retail and wholesale trade managers,ER00,Canada,18.46,35.58,69.23
2022,0631,Restaurant and food service managers,ER00,Canada,15.0,21.75,38.46
2022,0632,Accommodation service managers,ER00,Canada,19.0,32.97,61.54
2022,0651,"Managers in customer and personal services, n.e.c.",ER00,Canada,17.79,30.0,55.29
2022,0711,Construction managers,ER00,Canada,25.0,40.87,68.31
2022,0712,Home building and renovation managers,ER00,Canada,17.1,23.0,32.0
2022,0714,Facility operation and maintenance managers,ER00,Canada,22.0,38.0,60.44
2022,0731,Managers in transportation,ER00,Canada,26.48,46.67,72.82
2022,0811,Managers in natural resources production and fishing,ER00,Canada,28.0,53.85,84.13
2022,0821,Managers in agriculture,ER00,Canada,13.0,24.48,37.5
2022,0822,Managers in horticulture,ER00,Canada,18.0,28.85,52.5
2022,0823,Managers in aquaculture,ER00,Canada,21.63,29.0,50.0
2022,0911,Manufacturing managers,ER00,Canada,25.0,43.0,72.12
2022,0912,Utilities managers,ER00,Canada,34.41,57.69,86.54
2022,1111,Financial auditors and accountants,ER00,Canada,23.0,38.46,62.5
2022,1112,Financial and investment analysts,ER00,Canada,24.04,37.95,57.69
2022,1113,"Securities agents, investment dealers and brokers",ER00,Canada,25.0,44.38,84.13
2022,1114,Other financial officers,ER00,Canada,21.63,34.36,62.5
2022,1121,Human resources professionals,ER00,Canada,23.08,36.22,56.73
2022,1122,Professional occupations in business management consulting,ER00,Canada,23.08,39.9,62.5
2022,1123,"Professional occupations in advertising, marketing and public relations",ER00,Canada,18.0,30.5,52.88
2022,1211,"Supervisors, general office and administrative support workers",ER00,Canada,19.23,29.12,46.75
2022,1212,"Supervisors, finance and insurance office workers",ER00,Canada,20.0,32.69,49.28
2022,1213,"Supervisors, library, correspondence and related information workers",ER00,Canada,21.0,32.82,51.28
2022,1214,"Supervisors, mail and message distribution occupations",ER00,Canada,18.0,26.65,36.0
2022,1215,"Supervisors, supply chain, tracking and scheduling co-ordination occupations",ER00,Canada,18.0,26.0,43.27
2022,1221,Administrative officers,ER00,Canada,19.0,27.13,42.0
2022,1222,Executive assistants,ER00,Canada,20.19,30.0,44.25
2022,1223,Human resources and recruitment officers,ER00,Canada,20.0,28.85,48.72
2022,1224,Property administrators,ER00,Canada,17.0,26.0,43.75
2022,1225,Purchasing agents and officers,ER00,Canada,21.63,32.69,51.1
2022,1226,Conference and event planners,ER00,Canada,16.0,25.0,40.0
2022,1227,Court officers and justices of the peace,ER00,Canada,23.0,32.97,41.0
2022,1228,"Employment insurance, immigration, border services and revenue officers",ER00,Canada,25.0,31.79,45.6
2022,1241,Administrative assistants,ER00,Canada,16.67,24.0,34.0
2022,1242,Legal administrative assistants,ER00,Canada,17.0,24.73,37.36
2022,1243,Medical administrative assistants,ER00,Canada,16.75,22.0,29.05
2022,1251,"Court reporters, medical transcriptionists and related occupations",ER00,Canada,14.0,23.5,33.0
2022,1252,Health information management occupations,ER00,Canada,21.7,28.37,37.38
2022,1253,Records management technicians,ER00,Canada,20.07,28.21,42.86
2022,1254,Statistical officers and related research support occupations,ER00,Canada,18.51,29.54,47.71
2022,1311,Accounting technicians and bookkeepers,ER00,Canada,17.0,25.0,40.38
2022,1312,Insurance adjusters and claims examiners,ER00,Canada,20.51,33.75,50.0
2022,1313,Insurance underwriters,ER00,Canada,21.54,32.97,53.85
2022,1314,"Assessors, valuators and appraisers",ER00,Canada,20.0,33.33,50.89
2022,1315,"Customs, ship and other brokers",ER00,Canada,16.0,25.0,32.1
2022,1411,General office support workers,ER00,Canada,15.0,22.12,32.0
2022,1414,Receptionists,ER00,Canada,14.98,19.0,25.8
2022,1415,Personnel clerks,ER00,Canada,17.95,24.37,33.85
2022,1416,Court clerks,ER00,Canada,19.31,24.36,30.0
2022,1422,Data entry clerks,ER00,Canada,14.42,21.0,33.0
2022,1423,Desktop publishing operators and related occupations,ER00,Canada,15.0,20.49,35.47
2022,1431,Accounting and related clerks,ER00,Canada,16.75,23.0,33.7
2022,1432,Payroll clerks,ER00,Canada,19.0,27.4,37.73
2022,1434,"Banking, insurance and other financial clerks",ER00,Canada,16.92,22.67,34.83
2022,1435,Collectors,ER00,Canada,15.4,23.0,32.0
2022,1451,Library assistants and clerks,ER00,Canada,14.0,21.0,30.0
2022,1452,"Correspondence, publication and regulatory clerks",ER00,Canada,17.95,26.0,41.0
2022,1454,Survey interviewers and statistical clerks,ER00,Canada,15.0,19.0,42.0
2022,1511,"Mail, postal and related workers",ER00,Canada,15.0,22.0,29.16
2022,1512,Letter carriers,ER00,Canada,20.0,26.1,30.0
2022,1513,"Couriers, messengers and door-to-door distributors",ER00,Canada,13.0,17.84,31.53
2022,1521,Shippers and receivers,ER00,Canada,14.9,19.0,28.51
2022,1522,Storekeepers and partspersons,ER00,Canada,18.0,24.58,36.81
2022,1523,Production logistics co-ordinators,ER00,Canada,19.0,28.0,41.03
2022,1524,Purchasing and inventory control workers,ER00,Canada,15.0,22.73,33.65
2022,1525,Dispatchers,ER00,Canada,16.5,25.3,40.06
2022,1526,Transportation route and crew schedulers,ER00,Canada,17.0,25.9,38.35
2022,2111,Physicists and astronomers,ER00,Canada,35.9,50.0,69.78
2022,2112,Chemists,ER00,Canada,20.81,35.9,64.9
2022,2113,Geoscientists and oceanographers,ER00,Canada,29.67,48.08,75.0
2022,2114,Meteorologists and climatologists,ER00,Canada,28.57,43.59,55.9
2022,2115,Other professional occupations in physical sciences,ER00,Canada,27.35,44.62,65.8
2022,2121,Biologists and related scientists,ER00,Canada,24.0,39.23,58.97
2022,2122,Forestry professionals,ER00,Canada,30.0,41.21,57.69
2022,2123,"Agricultural representatives, consultants and specialists",ER00,Canada,24.46,32.97,50.48
2022,2131,Civil engineers,ER00,Canada,27.55,43.0,67.18
2022,2132,Mechanical engineers,ER00,Canada,26.45,41.03,62.5
2022,2133,Electrical and electronics engineers,ER00,Canada,28.85,43.27,69.23
2022,2134,Chemical engineers,ER00,Canada,26.44,50.0,80.53
2022,2141,Industrial and manufacturing engineers,ER00,Canada,22.0,40.87,62.5
2022,2142,Metallurgical and materials engineers,ER00,Canada,25.75,40.0,61.76
2022,2143,Mining engineers,ER00,Canada,25.48,48.99,80.77
2022,2144,Geological engineers,ER00,Canada,30.0,50.0,79.33
2022,2145,Petroleum engineers,ER00,Canada,30.61,52.88,84.13
2022,2146,Aerospace engineers,ER00,Canada,26.92,43.27,75.91
2022,2147,Computer engineers (except software engineers and designers),ER00,Canada,25.96,46.43,65.13
2022,2148,"Other professional engineers, n.e.c.",ER00,Canada,24.04,44.0,70.77
2022,2151,Architects,ER00,Canada,24.0,36.06,60.0
2022,2152,Landscape architects,ER00,Canada,27.4,41.35,94.23
2022,2153,Urban and land use planners,ER00,Canada,28.82,43.96,59.0
2022,2154,Land surveyors,ER00,Canada,23.4,30.0,50.0
2022,2161,"Mathematicians, statisticians and actuaries",ER00,Canada,30.43,46.7,73.33
2022,2171,Information systems analysts and consultants,ER00,Canada,25.0,42.16,61.54
2022,2172,Database analysts and data administrators,ER00,Canada,23.08,39.0,56.41
2022,2173,Software engineers and designers,ER00,Canada,29.54,49.38,72.12
2022,2174,Computer programmers and interactive media developers,ER00,Canada,23.6,40.38,58.97
2022,2175,Web designers and developers,ER00,Canada,18.0,30.0,50.0
2022,2211,Chemical technologists and technicians,ER00,Canada,17.75,26.0,43.2
2022,2212,Geological and mineral technologists and technicians,ER00,Canada,19.3,31.25,55.0
2022,2221,Biological technologists and technicians,ER00,Canada,17.28,25.12,37.95
2022,2222,Agricultural and fish products inspectors,ER00,Canada,18.0,27.5,42.92
2022,2223,Forestry technologists and technicians,ER00,Canada,19.0,27.6,41.14
2022,2224,Conservation and fishery officers,ER00,Canada,21.0,33.65,45.0
2022,2225,Landscape and horticulture technicians and specialists,ER00,Canada,15.48,20.0,28.0
2022,2231,Civil engineering technologists and technicians,ER00,Canada,20.0,31.25,52.0
2022,2232,Mechanical engineering technologists and technicians,ER00,Canada,22.12,33.0,49.52
2022,2233,Industrial engineering and manufacturing technologists and technicians,ER00,Canada,19.0,30.0,45.0
2022,2234,Construction estimators,ER00,Canada,21.0,32.75,49.04
2022,2241,Electrical and electronics engineering technologists and technicians,ER00,Canada,21.63,36.06,51.44
2022,2242,Electronic service technicians (household and business equipment),ER00,Canada,16.53,25.64,40.0
2022,2243,Industrial instrument technicians and mechanics,ER00,Canada,23.0,37.8,58.0
2022,2244,"Aircraft instrument, electrical and avionics mechanics, technicians and inspectors",ER00,Canada,20.0,36.82,47.93
2022,2251,Architectural technologists and technicians,ER00,Canada,20.0,30.0,48.01
2022,2252,Industrial designers,ER00,Canada,19.0,29.0,45.5
2022,2253,Drafting technologists and technicians,ER00,Canada,20.0,28.7,41.44
2022,2254,Land survey technologists and technicians,ER00,Canada,19.0,31.75,44.1
2022,2255,Technical occupations in geomatics and meteorology,ER00,Canada,20.0,33.65,48.08
2022,2261,Non-destructive testers and inspection technicians,ER00,Canada,25.0,38.46,52.0
2022,2262,Engineering inspectors and regulatory officers,ER00,Canada,27.88,40.58,57.69
2022,2263,Inspectors in public and environmental health and occupational health and safety,ER00,Canada,22.25,37.44,57.0
2022,2264,Construction inspectors,ER00,Canada,23.99,32.97,50.0
2022,2271,"Air pilots, flight engineers and flying instructors",ER00,Canada,22.85,45.6,77.88
2022,2272,Air traffic controllers and related occupations,ER00,Canada,20.6,45.0,85.0
2022,2273,"Deck officers, water transport",ER00,Canada,21.25,34.86,54.95
2022,2274,"Engineer officers, water transport",ER00,Canada,25.51,41.0,55.77
2022,2275,Railway traffic controllers and marine traffic regulators,ER00,Canada,26.38,45.5,58.7
2022,2281,Computer network technicians,ER00,Canada,19.23,32.0,49.0
2022,2282,User support technicians,ER00,Canada,17.5,28.85,47.6
2022,2283,Information systems testing technicians,ER00,Canada,14.5,26.44,48.08
2022,3011,Nursing co-ordinators and supervisors,ER00,Canada,25.0,43.06,54.0
2022,3012,Registered nurses and registered psychiatric nurses,ER00,Canada,27.03,40.0,49.0
2022,3111,Specialist physicians,ER00,Canada,50.346975,136.755025,278.683195
2022,3112,General practitioners and family physicians,ER00,Canada,38.379735000000004,108.41652,225.998545
2022,3113,Dentists,ER00,Canada,15.064,59.197,130.7585
2022,3114,Veterinarians,ER00,Canada,15.1145,42.537,69.8335
2022,3121,Optometrists,ER00,Canada,13.723,43.0575,83.929
2022,3122,Chiropractors,ER00,Canada,13.723,30.0385,61.158
2022,3124,Allied primary health practitioners,ER00,Canada,30.18,54.01,63.0
2022,3125,Other professional occupations in health diagnosing and treating,ER00,Canada,13.723,26.2585,53.874
2022,3131,Pharmacists,ER00,Canada,27.056,52.323,72.15
2022,3132,Dietitians and nutritionists,ER00,Canada,21.83,38.0,46.0
2022,3141,Audiologists and speech-language pathologists,ER00,Canada,30.22,44.0,52.45
2022,3142,Physiotherapists,ER00,Canada,25.0,41.03,49.68
2022,3143,Occupational therapists,ER00,Canada,30.0,41.32,49.23
2022,3144,Other professional occupations in therapy and assessment,ER00,Canada,18.0,25.0,43.96
2022,3211,Medical laboratory technologists,ER00,Canada,25.0,36.0,44.75
2022,3212,Medical laboratory technicians and pathologists' assistants,ER00,Canada,19.98,26.0,40.0
2022,3213,Animal health technologists and veterinary technicians,ER00,Canada,15.0,20.0,28.0
2022,3214,"Respiratory therapists, clinical perfusionists and cardiopulmonary technologists",ER00,Canada,26.0,37.0,48.08
2022,3215,Medical radiation technologists,ER00,Canada,25.0,36.22,46.15
2022,3216,Medical sonographers,ER00,Canada,26.44,36.71,53.0
2022,3217,"Cardiology technologists and electrophysiological diagnostic technologists, n.e.c.",ER00,Canada,22.0,31.99,38.76
2022,3219,Other medical technologists and technicians (except dental health),ER00,Canada,14.85,19.5,29.75
2022,3221,Denturists,ER00,Canada,13.723,27.2125,56.177
2022,3222,Dental hygienists and dental therapists,ER00,Canada,27.0,39.0,55.0
2022,3223,"Dental technologists, technicians and laboratory assistants",ER00,Canada,16.5,23.88,35.0
2022,3231,Opticians,ER00,Canada,18.0,25.64,32.0
2022,3232,Practitioners of natural healing,ER00,Canada,22.0,29.67,55.0
2022,3233,Licensed practical nurses,ER00,Canada,22.59,28.7,33.9
2022,3234,Paramedical occupations,ER00,Canada,23.0,35.3,45.0
2022,3236,Massage therapists,ER00,Canada,17.0,31.3,55.0
2022,3237,Other technical occupations in therapy and assessment,ER00,Canada,17.0,24.0,33.86
2022,3411,Dental assistants,ER00,Canada,19.0,24.73,33.0
2022,3413,"Nurse aides, orderlies and patient service associates",ER00,Canada,16.0,21.0,25.83
2022,3414,Other assisting occupations in support of health services,ER00,Canada,15.0,21.0,28.0
2022,4011,University professors and lecturers,ER00,Canada,25.0,53.85,80.77
2022,4012,Post-secondary teaching and research assistants,ER00,Canada,13.0,25.0,45.19
2022,4021,College and other vocational instructors,ER00,Canada,20.0,41.35,57.96
2022,4031,Secondary school teachers,ER00,Canada,28.57,43.96,55.38
2022,4032,Elementary school and kindergarten teachers,ER00,Canada,25.0,41.21,53.27
2022,4033,Educational counsellors,ER00,Canada,24.62,40.76,49.52
2022,4111,Judges,ER00,Canada,127.259,177.76829999999998,191.6858
2022,4112,Lawyers and Quebec notaries,ER00,Canada,18.6735,58.47,147.173
2022,4151,Psychologists,ER00,Canada,24.0,43.5,58.79
2022,4152,Social workers,ER00,Canada,24.0,36.0,47.5
2022,4153,"Family, marriage and other related counsellors",ER00,Canada,19.0,29.0,45.0
2022,4154,Professional occupations in religion,ER00,Canada,15.0,25.64,39.5
2022,4155,Probation and parole officers and related occupations,ER00,Canada,28.0,41.44,50.77
2022,4156,Employment counsellors,ER00,Canada,21.0,27.0,41.73
2022,4161,"Natural and applied science policy researchers, consultants and program officers",ER00,Canada,26.64,40.62,59.86
2022,4162,Economists and economic policy researchers and analysts,ER00,Canada,29.96,47.24,71.79
2022,4163,Business development officers and marketing researchers and consultants,ER00,Canada,22.0,40.38,65.89
2022,4164,"Social policy researchers, consultants and program officers",ER00,Canada,23.0,38.35,54.09
2022,4165,"Health policy researchers, consultants and program officers",ER00,Canada,21.64,40.0,56.0
2022,4166,"Education policy researchers, consultants and program officers",ER00,Canada,23.56,38.46,54.49
2022,4167,"Recreation, sports and fitness policy researchers, consultants and program officers",ER00,Canada,17.75,29.0,44.0
2022,4168,Program officers unique to government,ER00,Canada,23.75,43.59,63.29
2022,4169,"Other professional occupations in social science, n.e.c.",ER00,Canada,19.0,38.0,59.0
2022,4211,Paralegal and related occupations,ER00,Canada,18.0,28.85,46.7
2022,4212,Social and community service workers,ER00,Canada,16.75,23.5,35.71
2022,4214,Early childhood educators and assistants,ER00,Canada,15.0,20.2,26.5
2022,4215,Instructors of persons with disabilities,ER00,Canada,18.0,27.47,41.35
2022,4216,Other instructors,ER00,Canada,14.5,20.0,35.0
2022,4217,Other religious occupations,ER00,Canada,13.0,18.0,27.88
2022,4311,Police officers (except commissioned),ER00,Canada,28.85,46.15,57.99
2022,4312,Firefighters,ER00,Canada,25.57,45.0,56.0
2022,4313,Non-commissioned ranks of the Canadian Forces,ER00,Canada,22.12,32.16,42.24
2022,4411,Home child care providers,ER00,Canada,13.0,17.0,23.12
2022,4412,"Home support workers, housekeepers and related occupations",ER00,Canada,14.0,18.0,25.0
2022,4413,Elementary and secondary school teacher assistants,ER00,Canada,16.0,23.0,29.68
2022,4421,Sheriffs and bailiffs,ER00,Canada,17.0,31.79,41.35
2022,4422,Correctional service officers,ER00,Canada,25.0,34.0,42.95
2022,4423,"By-law enforcement and other regulatory officers, n.e.c.",ER00,Canada,19.23,34.21,46.47
2022,5111,Librarians,ER00,Canada,25.0,40.0,53.85
2022,5112,Conservators and curators,ER00,Canada,14.5,21.75,38.54
2022,5113,Archivists,ER00,Canada,14.5,20.76,35.0
2022,5121,Authors and writers,ER00,Canada,19.0,32.0,47.12
2022,5122,Editors,ER00,Canada,17.5,31.25,46.36
2022,5123,Journalists,ER00,Canada,20.19,32.0,48.08
2022,5125,"Translators, terminologists and interpreters",ER00,Canada,19.23,28.85,43.59
2022,5131,"Producers, directors, choreographers and related occupations",ER00,Canada,20.51,35.0,48.08
2022,5132,"Conductors, composers and arrangers",ER00,Canada,13.723,18.0495,44.0085
2022,5133,Musicians and singers,ER00,Canada,14.0,25.0,40.38
2022,5134,Dancers,ER00,Canada,15.5,26.89,46.8
2022,5135,Actors and comedians,ER00,Canada,14.0,18.75,37.0
2022,5136,"Painters, sculptors and other visual artists",ER00,Canada,15.28,25.0,45.0
2022,5211,Library and public archive technicians,ER00,Canada,15.0,24.5,38.68
2022,5212,Technical occupations related to museums and art galleries,ER00,Canada,14.58,19.8,31.93
2022,5221,Photographers,ER00,Canada,15.0,20.0,40.0
2022,5222,Film and video camera operators,ER00,Canada,19.62,31.25,40.0
2022,5223,Graphic arts technicians,ER00,Canada,16.92,30.25,45.0
2022,5224,Broadcast technicians,ER00,Canada,17.0,27.5,42.5
2022,5225,Audio and video recording technicians,ER00,Canada,17.32,28.0,42.0
2022,5226,"Other technical and co-ordinating occupations in motion pictures, broadcasting and the performing arts",ER00,Canada,17.25,30.0,40.0
2022,5227,"Support occupations in motion pictures, broadcasting, photography and the performing arts",ER00,Canada,15.0,22.25,36.0
2022,5231,Announcers and other broadcasters,ER00,Canada,17.0,27.4,47.69
2022,5232,"Other performers, n.e.c.",ER00,Canada,14.0,25.0,70.2
2022,5241,Graphic designers and illustrators,ER00,Canada,18.3,28.0,43.27
2022,5242,Interior designers and interior decorators,ER00,Canada,15.0,24.48,44.42
2022,5243,"Theatre, fashion, exhibit and other creative designers",ER00,Canada,17.0,24.44,41.03
2022,5244,Artisans and craftspersons,ER00,Canada,13.6,17.96,27.25
2022,5245,"Patternmakers - textile, leather and fur products",ER00,Canada,17.0,26.75,37.45
2022,5251,Athletes,ER00,Canada,14.34,22.0,47.59
2022,5252,Coaches,ER00,Canada,13.74,25.0,45.0
2022,5253,Sports officials and referees,ER00,Canada,14.0,16.5,32.33
2022,5254,"Program leaders and instructors in recreation, sport and fitness",ER00,Canada,13.5,17.77,29.0
2022,6211,Retail sales supervisors,ER00,Canada,14.5,20.0,32.69
2022,6221,Technical sales specialists - wholesale trade,ER00,Canada,17.4,28.82,43.27
2022,6222,Retail and wholesale buyers,ER00,Canada,16.0,26.44,38.46
2022,6231,Insurance agents and brokers,ER00,Canada,17.0,25.68,38.46
2022,6232,Real estate agents and salespersons,ER00,Canada,13.723,23.106,67.3915
2022,6235,Financial sales representatives,ER00,Canada,18.0,26.67,41.25
2022,6311,Food service supervisors,ER00,Canada,13.6,16.5,24.04
2022,6312,Executive housekeepers,ER00,Canada,15.3,20.0,30.75
2022,6313,"Accommodation, travel, tourism and related services supervisors",ER00,Canada,16.0,22.6,35.99
2022,6314,Customer and information services supervisors,ER00,Canada,16.0,26.44,39.49
2022,6315,Cleaning supervisors,ER00,Canada,15.5,23.08,36.0
2022,6316,Other services supervisors,ER00,Canada,15.0,21.83,40.11
2022,6321,Chefs,ER00,Canada,14.0,19.0,27.0
2022,6322,Cooks,ER00,Canada,13.0,15.6,21.18
2022,6331,"Butchers, meat cutters and fishmongers - retail and wholesale",ER00,Canada,13.0,17.35,26.55
2022,6332,Bakers,ER00,Canada,13.1,15.1,23.0
2022,6341,Hairstylists and barbers,ER00,Canada,13.0,17.0,27.5
2022,6342,"Tailors, dressmakers, furriers and milliners",ER00,Canada,15.0,17.85,25.0
2022,6343,Shoe repairers and shoemakers,ER00,Canada,13.5,16.19,24.86
2022,6344,"Jewellers, jewellery and watch repairers and related occupations",ER00,Canada,14.28,18.4,27.5
2022,6345,Upholsterers,ER00,Canada,15.13,20.02,34.1
2022,6346,Funeral directors and embalmers,ER00,Canada,14.84,23.0,38.46
2022,6411,Sales and account representatives - wholesale trade (non-technical),ER00,Canada,16.83,26.44,42.86
2022,6421,Retail salespersons,ER00,Canada,13.0,15.2,25.0
2022,6511,Maîtres d'hôtel and hosts/hostesses,ER00,Canada,13.0,16.0,23.75
2022,6512,Bartenders,ER00,Canada,13.0,16.0,25.0
2022,6513,Food and beverage servers,ER00,Canada,13.0,15.2,24.43
2022,6521,Travel counsellors,ER00,Canada,14.42,20.19,30.22
2022,6522,Pursers and flight attendants,ER00,Canada,14.35,25.0,50.0
2022,6523,Airline ticket and service agents,ER00,Canada,14.28,17.5,28.8
2022,6524,"Ground and water transport ticket agents, cargo service representatives and related clerks",ER00,Canada,14.0,18.5,29.86
2022,6525,Hotel front desk clerks,ER00,Canada,14.0,16.35,24.62
2022,6531,Tour and travel guides,ER00,Canada,13.5,16.17,24.0
2022,6532,Outdoor sport and recreational guides,ER00,Canada,14.0,17.5,27.0
2022,6533,Casino occupations,ER00,Canada,15.0,20.0,32.0
2022,6541,Security guards and related security service occupations,ER00,Canada,14.5,18.3,26.92
2022,6551,Customer services representatives - financial institutions,ER00,Canada,16.0,20.0,26.99
2022,6552,Other customer and information services representatives,ER00,Canada,14.0,19.23,30.5
2022,6561,"Image, social and other personal consultants",ER00,Canada,14.0,18.0,23.08
2022,6562,"Estheticians, electrologists and related occupations",ER00,Canada,13.0,17.0,26.51
2022,6563,Pet groomers and animal care workers,ER00,Canada,13.0,16.0,28.0
2022,6564,Other personal service occupations,ER00,Canada,14.0,18.0,35.65
2022,6611,Cashiers,ER00,Canada,13.0,14.25,17.0
2022,6621,Service station attendants,ER00,Canada,13.0,14.0,19.0
2022,6622,"Store shelf stockers, clerks and order fillers",ER00,Canada,13.0,15.0,20.0
2022,6623,Other sales related occupations,ER00,Canada,13.85,15.5,27.4
2022,6711,"Food counter attendants, kitchen helpers and related support occupations",ER00,Canada,13.0,14.6,19.69
2022,6721,"Support occupations in accommodation, travel and facilities set-up services",ER00,Canada,14.0,17.0,27.05
2022,6722,"Operators and attendants in amusement, recreation and sport",ER00,Canada,13.1,15.0,26.5
2022,6731,Light duty cleaners,ER00,Canada,14.0,18.0,23.0
2022,6732,Specialized cleaners,ER00,Canada,13.85,17.31,27.0
2022,6733,"Janitors, caretakers and building superintendents",ER00,Canada,14.35,20.0,29.6
2022,6741,"Dry cleaning, laundry and related occupations",ER00,Canada,14.0,16.53,22.29
2022,6742,"Other service support occupations, n.e.c.",ER00,Canada,13.1,15.0,20.0
2022,7201,"Contractors and supervisors, machining, metal forming, shaping and erecting trades and related occupations",ER00,Canada,25.0,36.0,49.0
2022,7202,"Contractors and supervisors, electrical trades and telecommunications occupations",ER00,Canada,22.5,40.03,53.0
2022,7203,"Contractors and supervisors, pipefitting trades",ER00,Canada,25.7,43.08,54.28
2022,7204,"Contractors and supervisors, carpentry trades",ER00,Canada,23.0,35.0,45.67
2022,7205,"Contractors and supervisors, other construction trades, installers, repairers and servicers",ER00,Canada,22.0,35.0,46.15
2022,7231,Machinists and machining and tooling inspectors,ER00,Canada,19.0,27.35,38.0
2022,7232,Tool and die makers,ER00,Canada,18.45,28.0,40.0
2022,7233,Sheet metal workers,ER00,Canada,20.0,32.0,42.15
2022,7234,Boilermakers,ER00,Canada,30.46,44.14,49.06
2022,7235,Structural metal and platework fabricators and fitters,ER00,Canada,18.0,26.3,39.0
2022,7236,Ironworkers,ER00,Canada,25.0,39.26,44.9
2022,7237,Welders and related machine operators,ER00,Canada,19.0,26.0,42.0
2022,7241,Electricians (except industrial and power system),ER00,Canada,18.0,30.1,46.0
2022,7242,Industrial electricians,ER00,Canada,25.64,37.0,50.0
2022,7243,Power system electricians,ER00,Canada,31.0,43.83,57.1
2022,7244,Electrical power line and cable workers,ER00,Canada,25.0,42.0,52.2
2022,7245,Telecommunications line and cable workers,ER00,Canada,20.0,32.0,42.15
2022,7246,Telecommunications installation and repair workers,ER00,Canada,20.77,31.0,41.57
2022,7247,Cable television service and maintenance technicians,ER00,Canada,18.0,31.0,38.46
2022,7251,Plumbers,ER00,Canada,18.0,31.0,42.64
2022,7252,"Steamfitters, pipefitters and sprinkler system installers",ER00,Canada,24.26,40.46,47.07
2022,7253,Gas fitters,ER00,Canada,19.0,34.0,47.0
2022,7271,Carpenters,ER00,Canada,19.0,30.0,40.51
2022,7272,Cabinetmakers,ER00,Canada,16.5,21.5,30.0
2022,7281,Bricklayers,ER00,Canada,23.02,36.07,43.0
2022,7282,Concrete finishers,ER00,Canada,21.0,31.0,39.6
2022,7283,Tilesetters,ER00,Canada,20.27,30.86,40.87
2022,7284,"Plasterers, drywall installers and finishers and lathers",ER00,Canada,20.0,30.5,40.78
2022,7291,Roofers and shinglers,ER00,Canada,19.09,28.0,41.0
2022,7292,Glaziers,ER00,Canada,19.0,28.33,40.54
2022,7293,Insulators,ER00,Canada,20.54,35.52,42.93
2022,7294,Painters and decorators (except interior decorators),ER00,Canada,17.0,24.5,38.0
2022,7295,Floor covering installers,ER00,Canada,18.0,22.0,38.46
2022,7301,"Contractors and supervisors, mechanic trades",ER00,Canada,21.15,36.5,57.69
2022,7302,"Contractors and supervisors, heavy equipment operator crews",ER00,Canada,23.5,35.0,49.1
2022,7303,"Supervisors, printing and related occupations",ER00,Canada,18.0,31.25,50.48
2022,7304,"Supervisors, railway transport operations",ER00,Canada,23.5,40.0,49.0
2022,7305,"Supervisors, motor transport and other ground transit operators",ER00,Canada,20.0,30.0,45.81
2022,7311,Construction millwrights and industrial mechanics,ER00,Canada,20.0,32.0,45.5
2022,7312,Heavy-duty equipment mechanics,ER00,Canada,21.0,34.45,48.0
2022,7313,Refrigeration and air conditioning mechanics,ER00,Canada,18.0,30.66,46.05
2022,7314,Railway carmen/women,ER00,Canada,25.0,37.1,41.0
2022,7315,Aircraft mechanics and aircraft inspectors,ER00,Canada,19.0,37.0,47.18
2022,7316,Machine fitters,ER00,Canada,16.59,29.44,46.2
2022,7318,Elevator constructors and mechanics,ER00,Canada,26.0,45.6,60.0
2022,7321,"Automotive service technicians, truck and bus mechanics and mechanical repairers",ER00,Canada,17.0,27.5,40.0
2022,7322,Motor vehicle body repairers,ER00,Canada,15.75,24.0,36.0
2022,7331,Oil and solid fuel heating mechanics,ER00,Canada,17.5,25.0,38.5
2022,7332,Appliance servicers and repairers,ER00,Canada,15.0,23.0,38.46
2022,7333,Electrical mechanics,ER00,Canada,21.0,28.3,37.5
2022,7334,"Motorcycle, all-terrain vehicle and other related mechanics",ER00,Canada,18.0,27.0,38.0
2022,7335,Other small engine and small equipment repairers,ER00,Canada,16.0,23.0,28.85
2022,7361,Railway and yard locomotive engineers,ER00,Canada,23.08,40.16,57.14
2022,7362,Railway conductors and brakemen/women,ER00,Canada,23.65,38.0,52.88
2022,7371,Crane operators,ER00,Canada,22.31,34.0,46.5
2022,7372,"Drillers and blasters - surface mining, quarrying and construction",ER00,Canada,23.25,32.77,42.54
2022,7373,Water well drillers,ER00,Canada,20.0,27.38,38.28
2022,7381,Printing press operators,ER00,Canada,15.8,23.14,33.25
2022,7384,"Other trades and related occupations, n.e.c.",ER00,Canada,19.0,25.63,44.31
2022,7441,Residential and commercial installers and servicers,ER00,Canada,17.0,24.0,35.5
2022,7442,Waterworks and gas maintenance workers,ER00,Canada,18.0,33.4,45.0
2022,7444,Pest controllers and fumigators,ER00,Canada,17.0,21.91,31.25
2022,7445,Other repairers and servicers,ER00,Canada,15.0,20.5,32.31
2022,7451,Longshore workers,ER00,Canada,22.59,36.81,52.0
2022,7452,Material handlers,ER00,Canada,14.5,19.0,29.0
2022,7511,Transport truck drivers,ER00,Canada,16.5,24.0,33.72
2022,7512,"Bus drivers, subway operators and other transit operators",ER00,Canada,16.0,23.5,36.0
2022,7513,Taxi and limousine drivers and chauffeurs,ER00,Canada,13.0,15.91,30.0
2022,7514,Delivery and courier service drivers,ER00,Canada,13.0,17.31,30.0
2022,7521,Heavy equipment operators (except crane),ER00,Canada,20.0,30.0,41.0
2022,7522,Public works maintenance equipment operators and related workers,ER00,Canada,20.0,26.0,35.0
2022,7531,Railway yard and track maintenance workers,ER00,Canada,26.0,31.0,39.0
2022,7532,Water transport deck and engine room crew,ER00,Canada,19.3,27.47,40.0
2022,7533,Boat and cable ferry operators and related occupations,ER00,Canada,16.05,24.0,33.0
2022,7534,Air transport ramp attendants,ER00,Canada,15.0,19.0,31.25
2022,7535,Other automotive mechanical installers and servicers,ER00,Canada,14.0,18.0,28.0
2022,7611,Construction trades helpers and labourers,ER00,Canada,15.0,21.0,35.0
2022,7612,Other trades helpers and labourers,ER00,Canada,15.0,20.0,33.58
2022,7621,Public works and maintenance labourers,ER00,Canada,17.0,26.0,33.0
2022,7622,Railway and motor transport labourers,ER00,Canada,14.25,18.0,28.6
2022,8211,"Supervisors, logging and forestry",ER00,Canada,21.63,30.0,45.0
2022,8221,"Supervisors, mining and quarrying",ER00,Canada,25.12,45.0,60.0
2022,8222,"Contractors and supervisors, oil and gas drilling and services",ER00,Canada,24.81,44.0,65.0
2022,8231,Underground production and development miners,ER00,Canada,23.28,37.0,49.1
2022,8232,"Oil and gas well drillers, servicers, testers and related workers",ER00,Canada,23.0,40.0,64.0
2022,8241,Logging machinery operators,ER00,Canada,19.62,27.69,36.1
2022,8252,"Agricultural service contractors, farm supervisors and specialized livestock workers",ER00,Canada,13.0,23.0,34.62
2022,8255,"Contractors and supervisors, landscaping, grounds maintenance and horticulture services",ER00,Canada,19.23,27.0,35.5
2022,8261,Fishing masters and officers,ER00,Canada,17.0,30.0,80.0
2022,8262,Fishermen/women,ER00,Canada,15.5,25.0,80.0
2022,8411,Underground mine service and support workers,ER00,Canada,21.5,34.0,43.5
2022,8412,Oil and gas well drilling and related workers and services operators,ER00,Canada,19.23,31.0,56.25
2022,8421,Chain saw and skidder operators,ER00,Canada,18.0,27.38,37.0
2022,8422,Silviculture and forestry workers,ER00,Canada,16.2,22.5,32.0
2022,8431,General farm workers,ER00,Canada,13.0,18.0,27.18
2022,8432,Nursery and greenhouse workers,ER00,Canada,14.0,17.0,28.85
2022,8441,Fishing vessel deckhands,ER00,Canada,15.0,20.0,50.0
2022,8442,Trappers and hunters,ER00,Canada,13.33,20.0,35.71
2022,8611,Harvesting labourers,ER00,Canada,14.0,15.5,22.0
2022,8612,Landscaping and grounds maintenance labourers,ER00,Canada,14.0,18.0,25.0
2022,8613,Aquaculture and marine harvest labourers,ER00,Canada,15.0,19.75,29.33
2022,8614,Mine labourers,ER00,Canada,18.75,26.0,40.0
2022,8615,"Oil and gas drilling, servicing and related labourers",ER00,Canada,18.25,26.0,33.0
2022,8616,Logging and forestry labourers,ER00,Canada,15.8,25.0,40.0
2022,9211,"Supervisors, mineral and metal processing",ER00,Canada,20.0,33.61,52.88
2022,9212,"Supervisors, petroleum, gas and chemical processing and utilities",ER00,Canada,22.0,40.0,62.0
2022,9213,"Supervisors, food, beverage and associated products processing",ER00,Canada,16.94,24.04,39.42
2022,9214,"Supervisors, plastic and rubber products manufacturing",ER00,Canada,21.0,28.0,41.0
2022,9215,"Supervisors, forest products processing",ER00,Canada,21.0,32.0,48.08
2022,9217,"Supervisors, textile, fabric, fur and leather products processing and manufacturing",ER00,Canada,15.0,23.0,34.29
2022,9221,"Supervisors, motor vehicle assembling",ER00,Canada,24.7,31.75,44.87
2022,9222,"Supervisors, electronics manufacturing",ER00,Canada,21.31,26.0,34.62
2022,9223,"Supervisors, electrical products manufacturing",ER00,Canada,20.19,29.91,34.0
2022,9224,"Supervisors, furniture and fixtures manufacturing",ER00,Canada,18.0,28.75,40.87
2022,9226,"Supervisors, other mechanical and metal products manufacturing",ER00,Canada,22.0,30.0,43.27
2022,9227,"Supervisors, other products manufacturing and assembly",ER00,Canada,20.0,30.0,48.08
2022,9231,"Central control and process operators, mineral and metal processing",ER00,Canada,25.0,34.0,44.75
2022,9232,"Petroleum, gas and chemical process operators",ER00,Canada,26.85,46.0,63.0
2022,9235,"Pulping, papermaking and coating control operators",ER00,Canada,23.0,32.0,42.0
2022,9241,Power engineers and power systems operators,ER00,Canada,24.0,40.06,60.92
2022,9243,Water and waste treatment plant operators,ER00,Canada,23.0,32.0,41.0
2022,9411,"Machine operators, mineral and metal processing",ER00,Canada,21.1,32.0,46.0
2022,9412,Foundry workers,ER00,Canada,15.81,21.6,28.64
2022,9413,Glass forming and finishing machine operators and glass cutters,ER00,Canada,15.0,19.69,26.0
2022,9414,"Concrete, clay and stone forming operators",ER00,Canada,17.0,23.0,32.0
2022,9415,"Inspectors and testers, mineral and metal processing",ER00,Canada,16.82,25.0,36.45
2022,9416,Metalworking and forging machine operators,ER00,Canada,15.0,21.0,29.12
2022,9417,Machining tool operators,ER00,Canada,16.0,23.0,34.0
2022,9418,Other metal products machine operators,ER00,Canada,15.65,21.2,30.0
2022,9421,Chemical plant machine operators,ER00,Canada,16.5,24.5,35.0
2022,9422,Plastics processing machine operators,ER00,Canada,15.2,20.0,29.0
2022,9423,Rubber processing machine operators and related workers,ER00,Canada,16.55,24.5,32.5
2022,9431,Sawmill machine operators,ER00,Canada,17.5,25.0,33.83
2022,9432,Pulp mill machine operators,ER00,Canada,25.0,36.42,48.0
2022,9433,Papermaking and finishing machine operators,ER00,Canada,18.75,27.0,39.0
2022,9434,Other wood processing machine operators,ER00,Canada,17.0,23.39,32.0
2022,9435,Paper converting machine operators,ER00,Canada,16.0,24.87,33.0
2022,9436,Lumber graders and other wood processing inspectors and graders,ER00,Canada,17.0,23.5,36.0
2022,9437,Woodworking machine operators,ER00,Canada,16.0,19.5,27.0
2022,9441,"Textile fibre and yarn, hide and pelt processing machine operators and workers",ER00,Canada,13.1,16.0,22.0
2022,9442,"Weavers, knitters and other fabric making occupations",ER00,Canada,14.0,17.0,22.0
2022,9445,"Fabric, fur and leather cutters",ER00,Canada,14.0,17.0,25.0
2022,9446,Industrial sewing machine operators,ER00,Canada,13.0,15.2,20.0
2022,9447,"Inspectors and graders, textile, fabric, fur and leather products manufacturing",ER00,Canada,13.0,15.0,21.75
2022,9461,"Process control and machine operators, food, beverage and associated products processing",ER00,Canada,14.69,19.23,29.0
2022,9462,"Industrial butchers and meat cutters, poultry preparers and related workers",ER00,Canada,16.0,20.0,23.0
2022,9463,Fish and seafood plant workers,ER00,Canada,13.75,15.62,18.49
2022,9465,"Testers and graders, food, beverage and associated products processing",ER00,Canada,16.0,20.93,36.06
2022,9471,Plateless printing equipment operators,ER00,Canada,15.0,20.0,29.0
2022,9472,"Camera, platemaking and other prepress occupations",ER00,Canada,14.99,22.73,36.0
2022,9473,Binding and finishing machine operators,ER00,Canada,14.0,17.0,31.0
2022,9474,Photographic and film processors,ER00,Canada,13.95,17.0,28.5
2022,9521,Aircraft assemblers and aircraft assembly inspectors,ER00,Canada,19.55,30.0,44.23
2022,9522,"Motor vehicle assemblers, inspectors and testers",ER00,Canada,18.81,27.35,36.15
2022,9523,"Electronics assemblers, fabricators, inspectors and testers",ER00,Canada,14.42,19.5,31.0
2022,9524,"Assemblers and inspectors, electrical appliance, apparatus and equipment manufacturing",ER00,Canada,14.75,18.94,31.28
2022,9525,"Assemblers, fabricators and inspectors, industrial electrical motors and transformers",ER00,Canada,15.0,19.0,27.0
2022,9526,Mechanical assemblers and inspectors,ER00,Canada,16.0,22.5,30.0
2022,9527,"Machine operators and inspectors, electrical apparatus manufacturing",ER00,Canada,15.0,19.43,27.51
2022,9531,Boat assemblers and inspectors,ER00,Canada,20.0,24.75,36.0
2022,9532,Furniture and fixture assemblers and inspectors,ER00,Canada,15.0,19.19,27.0
2022,9533,Other wood products assemblers and inspectors,ER00,Canada,16.0,18.5,26.0
2022,9534,Furniture finishers and refinishers,ER00,Canada,16.0,20.5,27.0
2022,9535,"Plastic products assemblers, finishers and inspectors",ER00,Canada,15.38,18.5,26.19
2022,9536,"Industrial painters, coaters and metal finishing process operators",ER00,Canada,16.5,22.75,32.0
2022,9537,"Other products assemblers, finishers and inspectors",ER00,Canada,15.0,19.23,27.4
2022,9611,Labourers in mineral and metal processing,ER00,Canada,16.0,22.1,34.14
2022,9612,Labourers in metal fabrication,ER00,Canada,16.0,20.5,29.97
2022,9613,Labourers in chemical products processing and utilities,ER00,Canada,15.55,22.0,35.0
2022,9614,"Labourers in wood, pulp and paper processing",ER00,Canada,15.0,20.62,32.06
2022,9615,Labourers in rubber and plastic products manufacturing,ER00,Canada,14.0,17.8,23.99
2022,9616,Labourers in textile processing,ER00,Canada,14.0,15.8,17.93
2022,9617,"Labourers in food, beverage and associated products processing",ER00,Canada,14.0,17.83,23.75
2022,9618,Labourers in fish and seafood processing,ER00,Canada,13.9,16.0,19.87
2022,9619,"Other labourers in processing, manufacturing and utilities",ER00,Canada,14.0,17.0,24.0
2023,00010,Legislators,ER00,Canada,15.8,42.0,92.0
2023,00011,Senior government managers and officials,ER00,Canada,28.03,57.0,92.86
2023,00012,"Senior managers - financial, communications and other business services",ER00,Canada,43.96,84.13,131.12
2023,00014,"Senior managers - trade, broadcasting and other services",ER00,Canada,21.25,39.49,92.02
2023,00015,"Senior managers - construction, transportation, production and utilities",ER00,Canada,21.7,42.03,97.44
2023,10010,Financial managers,ER00,Canada,33.62,55.29,87.91
2023,10011,Human resources managers,ER00,Canada,36.06,54.95,80.22
2023,10012,Purchasing managers,ER00,Canada,35.0,57.21,80.77
2023,10019,Other administrative services managers,ER00,Canada,27.5,48.08,77.88
2023,10020,"Insurance, real estate and financial brokerage managers",ER00,Canada,33.65,53.12,88.94
2023,10021,"Banking, credit and other investment managers",ER00,Canada,33.65,51.28,82.05
2023,10022,"Advertising, marketing and public relations managers",ER00,Canada,28.85,52.88,87.91
2023,10029,Other business services managers,ER00,Canada,29.91,51.36,86.54
2023,10030,Telecommunication carriers managers,ER00,Canada,33.65,48.08,70.85
2023,11100,Financial auditors and accountants,ER00,Canada,23.08,38.46,64.29
2023,11101,Financial and investment analysts,ER00,Canada,24.87,38.46,61.54
2023,11102,Financial advisors,ER00,Canada,23.0,35.0,64.1
2023,11103,"Securities agents, investment dealers and brokers",ER00,Canada,24.04,46.15,88.94
2023,11109,Other financial officers,ER00,Canada,21.63,35.71,71.79
2023,11200,Human resources professionals,ER00,Canada,23.44,36.41,57.14
2023,11201,Professional occupations in business management consulting,ER00,Canada,25.0,41.03,67.69
2023,11202,"Professional occupations in advertising, marketing and public relations",ER00,Canada,19.0,31.19,52.88
2023,12010,"Supervisors, general office and administrative support workers",ER00,Canada,20.0,30.0,47.69
2023,12011,"Supervisors, finance and insurance office workers",ER00,Canada,20.67,32.22,52.2
2023,12012,"Supervisors, library, correspondence and related information workers",ER00,Canada,23.0,32.82,52.98
2023,12013,"Supervisors, supply chain, tracking and scheduling coordination occupations",ER00,Canada,19.0,26.44,43.27
2023,12100,Executive assistants,ER00,Canada,21.0,31.25,48.72
2023,12101,Human resources and recruitment officers,ER00,Canada,20.0,31.25,50.0
2023,12102,Procurement and purchasing agents and officers,ER00,Canada,22.12,34.5,56.92
2023,12103,Conference and event planners,ER00,Canada,17.0,26.44,43.27
2023,12104,Employment insurance and revenue officers,ER00,Canada,25.0,32.0,47.39
2023,12110,"Court reporters, medical transcriptionists and related occupations",ER00,Canada,15.0,24.6,33.5
2023,12111,Health information management occupations,ER00,Canada,19.86,30.26,41.0
2023,12112,Records management technicians,ER00,Canada,20.0,28.0,42.86
2023,12113,Statistical officers and related research support occupations,ER00,Canada,19.0,28.85,45.13
2023,12200,Accounting technicians and bookkeepers,ER00,Canada,17.71,25.2,41.21
2023,12201,Insurance adjusters and claims examiners,ER00,Canada,21.0,34.87,51.28
2023,12202,Insurance underwriters,ER00,Canada,23.08,33.33,54.87
2023,12203,"Assessors, business valuators and appraisers",ER00,Canada,23.5,38.0,71.79
2023,13100,Administrative officers,ER00,Canada,20.0,27.5,45.0
2023,13101,Property administrators,ER00,Canada,17.0,28.21,50.55
2023,13102,Payroll administrators,ER00,Canada,19.0,28.57,38.46
2023,13110,Administrative assistants,ER00,Canada,17.13,24.73,35.0
2023,13111,Legal administrative assistants,ER00,Canada,17.31,25.0,40.93
2023,13112,Medical administrative assistants,ER00,Canada,17.0,22.56,30.47
2023,13200,"Customs, ship and other brokers",ER00,Canada,18.0,24.0,35.77
2023,13201,Production and transportation logistics coordinators,ER00,Canada,18.0,26.44,41.21
2023,14100,General office support workers,ER00,Canada,15.5,22.5,32.32
2023,14101,Receptionists,ER00,Canada,15.0,20.0,26.0
2023,14102,Personnel clerks,ER00,Canada,20.0,25.42,33.67
2023,14103,Court clerks and related court services occupations,ER00,Canada,20.8,29.0,43.75
2023,14110,Survey interviewers and statistical clerks,ER00,Canada,16.5,18.83,37.5
2023,14111,Data entry clerks,ER00,Canada,15.0,21.15,30.77
2023,14112,Desktop publishing operators and related occupations,ER00,Canada,16.0,21.0,29.0
2023,14200,Accounting and related clerks,ER00,Canada,17.0,23.53,34.62
2023,14201,"Banking, insurance and other financial clerks",ER00,Canada,18.0,24.0,34.83
2023,14202,Collection clerks,ER00,Canada,16.0,24.76,34.5
2023,14300,Library assistants and clerks,ER00,Canada,14.75,22.5,30.4
2023,14301,"Correspondence, publication and regulatory clerks",ER00,Canada,18.75,27.18,39.9
2023,14400,Shippers and receivers,ER00,Canada,15.0,20.0,28.0
2023,14401,Storekeepers and partspersons,ER00,Canada,18.0,25.0,36.06
2023,14402,Production logistics workers,ER00,Canada,21.07,31.25,43.27
2023,14403,Purchasing and inventory control workers,ER00,Canada,15.0,22.0,35.0
2023,14404,Dispatchers,ER00,Canada,17.5,27.0,40.0
2023,14405,Transportation route and crew schedulers,ER00,Canada,17.95,28.37,43.27
2023,20010,Engineering managers,ER00,Canada,41.83,61.54,94.03
2023,20011,Architecture and science managers,ER00,Canada,35.0,54.95,84.38
2023,20012,Computer and information systems managers,ER00,Canada,39.9,60.58,92.31
2023,21100,Physicists and astronomers,ER00,Canada,32.97,48.08,60.0
2023,21101,Chemists,ER00,Canada,24.06,38.0,67.31
2023,21102,Geoscientists and oceanographers,ER00,Canada,29.81,48.08,82.42
2023,21103,Meteorologists and climatologists,ER00,Canada,30.22,44.0,56.0
2023,21109,Other professional occupations in physical sciences,ER00,Canada,27.35,46.39,69.34
2023,21110,Biologists and related scientists,ER00,Canada,25.64,40.0,60.1
2023,21111,Forestry professionals,ER00,Canada,29.74,38.5,58.57
2023,21112,"Agricultural representatives, consultants and specialists",ER00,Canada,24.46,35.58,50.48
2023,21120,Public and environmental health and safety professionals,ER00,Canada,21.0,38.31,62.5
2023,21200,Architects,ER00,Canada,24.0,38.46,60.44
2023,21201,Landscape architects,ER00,Canada,30.0,38.5,84.13
2023,21202,Urban and land use planners,ER00,Canada,28.85,44.14,60.0
2023,21203,Land surveyors,ER00,Canada,25.0,37.09,51.0
2023,21210,"Mathematicians, statisticians and actuaries",ER00,Canada,30.43,46.47,77.47
2023,21211,Data scientists,ER00,Canada,25.74,45.96,78.38
2023,21220,Cybersecurity specialists,ER00,Canada,28.8,43.59,69.23
2023,21221,Business systems specialists,ER00,Canada,26.73,43.27,62.09
2023,21222,Information systems specialists,ER00,Canada,25.71,43.59,63.0
2023,21223,Database analysts and data administrators,ER00,Canada,24.0,40.87,58.0
2023,21230,Computer systems developers and programmers,ER00,Canada,24.62,41.54,62.98
2023,21231,Software engineers and designers,ER00,Canada,31.25,51.64,81.73
2023,21232,Software developers and programmers,ER00,Canada,25.0,44.62,63.19
2023,21233,Web designers,ER00,Canada,20.0,31.79,54.36
2023,21234,Web developers and programmers,ER00,Canada,20.6,36.06,58.97
2023,21300,Civil engineers,ER00,Canada,28.0,45.0,74.18
2023,21301,Mechanical engineers,ER00,Canada,26.44,43.27,69.47
2023,21310,Electrical and electronics engineers,ER00,Canada,30.0,46.63,72.12
2023,21311,Computer engineers (except software engineers and designers),ER00,Canada,30.0,46.63,66.67
2023,21320,Chemical engineers,ER00,Canada,25.0,50.43,72.12
2023,21321,Industrial and manufacturing engineers,ER00,Canada,22.95,40.87,64.9
2023,21322,Metallurgical and materials engineers,ER00,Canada,36.06,45.0,83.17
2023,21330,Mining engineers,ER00,Canada,32.05,48.08,80.77
2023,21331,Geological engineers,ER00,Canada,27.95,47.8,91.93
2023,21332,Petroleum engineers,ER00,Canada,30.0,57.69,93.75
2023,21390,Aerospace engineers,ER00,Canada,30.0,46.15,63.42
2023,21399,Other professional engineers,ER00,Canada,26.44,44.0,75.0
2023,22100,Chemical technologists and technicians,ER00,Canada,19.0,26.8,42.95
2023,22101,Geological and mineral technologists and technicians,ER00,Canada,19.0,30.0,55.0
2023,22110,Biological technologists and technicians,ER00,Canada,17.28,27.0,38.46
2023,22111,Agricultural and fish products inspectors,ER00,Canada,20.37,33.71,48.51
2023,22112,Forestry technologists and technicians,ER00,Canada,19.29,29.3,40.0
2023,22113,Conservation and fishery officers,ER00,Canada,21.5,34.35,45.13
2023,22114,Landscape and horticulture technicians and specialists,ER00,Canada,17.5,26.0,34.0
2023,22210,Architectural technologists and technicians,ER00,Canada,21.0,30.0,48.72
2023,22211,Industrial designers,ER00,Canada,18.72,28.85,46.67
2023,22212,Drafting technologists and technicians,ER00,Canada,20.36,28.88,42.0
2023,22213,Land survey technologists and technicians,ER00,Canada,19.0,29.0,43.59
2023,22214,Technical occupations in geomatics and meteorology,ER00,Canada,20.67,35.0,51.28
2023,22220,Computer network and web technicians,ER00,Canada,20.0,32.0,48.08
2023,22221,User support technicians,ER00,Canada,18.0,29.08,47.6
2023,22222,Information systems testing technicians,ER00,Canada,14.42,23.52,44.23
2023,22230,Non-destructive testers and inspectors,ER00,Canada,20.0,34.0,49.0
2023,22231,Engineering inspectors and regulatory officers,ER00,Canada,30.0,42.95,72.12
2023,22232,Occupational health and safety specialists,ER00,Canada,23.08,38.46,57.69
2023,22233,Construction inspectors,ER00,Canada,23.0,34.62,51.65
2023,22300,Civil engineering technologists and technicians,ER00,Canada,19.78,30.14,47.22
2023,22301,Mechanical engineering technologists and technicians,ER00,Canada,22.0,32.0,48.08
2023,22302,Industrial engineering and manufacturing technologists and technicians,ER00,Canada,20.38,31.5,48.08
2023,22303,Construction estimators,ER00,Canada,21.0,33.17,57.69
2023,22310,Electrical and electronics engineering technologists and technicians,ER00,Canada,21.0,35.0,48.51
2023,22311,Electronic service technicians (household and business equipment),ER00,Canada,18.0,26.15,40.0
2023,22312,Industrial instrument technicians and mechanics,ER00,Canada,27.0,39.0,58.8
2023,22313,"Aircraft instrument, electrical and avionics mechanics, technicians and inspectors",ER00,Canada,23.05,38.25,55.73
2023,30010,Managers in health care,ER00,Canada,26.0,50.0,71.28
2023,31100,Specialists in clinical and laboratory medicine,ER00,Canada,49.8635,125.006,267.8825
2023,31101,Specialists in surgery,ER00,Canada,62.801,189.6595,369.694
2023,31102,General practitioners and family physicians,ER00,Canada,44.3775,116.863,225.0685
2023,31103,Veterinarians,ER00,Canada,21.0,50.48,80.0
2023,31110,Dentists,ER00,Canada,15.4235,55.0,114.0
2023,31111,Optometrists,ER00,Canada,15.4235,40.5,81.0
2023,31112,Audiologists and speech-language pathologists,ER00,Canada,31.82,43.59,53.85
2023,31120,Pharmacists,ER00,Canada,40.0,52.88,65.0
2023,31121,Dietitians and nutritionists,ER00,Canada,23.98,40.0,50.0
2023,31200,Psychologists,ER00,Canada,24.0,46.0,63.0
2023,31201,Chiropractors,ER00,Canada,15.4235,31.0,69.0
2023,31202,Physiotherapists,ER00,Canada,25.0,41.63,50.0
2023,31203,Occupational therapists,ER00,Canada,30.0,41.35,50.39
2023,31204,Kinesiologists and other professional occupations in therapy and assessment,ER00,Canada,20.0,31.0,45.77
2023,31209,Other professional occupations in health diagnosing and treating,ER00,Canada,15.4235,28.4,61.5
2023,31300,Nursing coordinators and supervisors,ER00,Canada,25.96,43.27,55.56
2023,31301,Registered nurses and registered psychiatric nurses,ER00,Canada,28.0,40.39,50.0
2023,31302,Nurse practitioners,ER00,Canada,25.48,54.0,63.0
2023,31303,"Physician assistants, midwives and allied health professionals",ER00,Canada,21.82,55.0,66.0
2023,32100,Opticians,ER00,Canada,17.0,26.44,32.69
2023,32101,Licensed practical nurses,ER00,Canada,23.45,29.0,34.0
2023,32102,Paramedical occupations,ER00,Canada,21.88,35.32,46.66
2023,32103,"Respiratory therapists, clinical perfusionists and cardiopulmonary technologists",ER00,Canada,27.4,38.0,50.0
2023,32104,Animal health technologists and veterinary technicians,ER00,Canada,15.75,21.0,29.0
2023,32109,Other technical occupations in therapy and assessment,ER00,Canada,16.5,24.73,34.29
2023,32110,Denturists,ER00,Canada,15.4235,27.0,61.0
2023,32111,Dental hygienists and dental therapists,ER00,Canada,30.0,40.0,55.83
2023,32112,Dental technologists and technicians,ER00,Canada,20.0,25.5,36.06
2023,32120,Medical laboratory technologists,ER00,Canada,25.0,36.24,45.0
2023,32121,Medical radiation technologists,ER00,Canada,28.0,37.67,47.3
2023,32122,Medical sonographers,ER00,Canada,32.0,40.0,53.0
2023,32123,Cardiology technologists and electrophysiological diagnostic technologists,ER00,Canada,22.0,31.43,43.0
2023,32124,Pharmacy technicians,ER00,Canada,15.0,20.0,30.0
2023,32129,Other medical technologists and technicians,ER00,Canada,15.25,20.0,30.0
2023,32200,Traditional Chinese medicine practitioners and acupuncturists,ER00,Canada,15.4235,16.4,39.75
2023,32201,Massage therapists,ER00,Canada,15.4235,15.4235,31.2
2023,32209,Other practitioners of natural healing,ER00,Canada,15.4235,15.4235,38.25
2023,33100,Dental assistants and dental laboratory assistants,ER00,Canada,20.0,25.44,33.0
2023,33101,Medical laboratory assistants and related technical occupations,ER00,Canada,18.54,26.0,38.0
2023,33102,"Nurse aides, orderlies and patient service associates",ER00,Canada,16.98,22.0,26.0
2023,33103,Pharmacy technical assistants and pharmacy assistants,ER00,Canada,15.0,21.0,31.0
2023,33109,Other assisting occupations in support of health services,ER00,Canada,15.4,21.0,27.27
2023,40010,Government managers - health and social policy development and program administration,ER00,Canada,40.87,56.41,79.93
2023,40011,"Government managers - economic analysis, policy development and program administration",ER00,Canada,42.53,58.97,75.91
2023,40012,Government managers - education policy development and program administration,ER00,Canada,30.0,57.37,70.97
2023,40019,Other managers in public administration,ER00,Canada,40.77,58.44,76.92
2023,40020,Administrators - post-secondary education and vocational training,ER00,Canada,32.25,52.85,78.97
2023,40021,School principals and administrators of elementary and secondary education,ER00,Canada,33.65,51.74,66.67
2023,40030,"Managers in social, community and correctional services",ER00,Canada,24.04,40.87,69.23
2023,40040,Commissioned police officers and related occupations in public protection services,ER00,Canada,35.95,65.68,91.0
2023,40041,Fire chiefs and senior firefighting officers,ER00,Canada,36.06,60.0,93.41
2023,40042,Commissioned officers of the Canadian Armed Forces,ER00,Canada,40.0,48.08,75.5
2023,41100,Judges,ER00,Canada,155.0,182.775495,191.85
2023,41101,Lawyers and Quebec notaries,ER00,Canada,28.85,55.77,93.59
2023,41200,University professors and lecturers,ER00,Canada,27.07,55.56,90.06
2023,41201,Post-secondary teaching and research assistants,ER00,Canada,14.84,25.48,47.12
2023,41210,College and other vocational instructors,ER00,Canada,21.0,42.56,62.37
2023,41220,Secondary school teachers,ER00,Canada,28.57,45.3,57.6
2023,41221,Elementary school and kindergarten teachers,ER00,Canada,25.0,41.21,54.95
2023,41300,Social workers,ER00,Canada,24.04,37.0,48.0
2023,41301,Therapists in counselling and related specialized therapies,ER00,Canada,20.0,31.0,48.0
2023,41302,Religious leaders,ER00,Canada,16.15,26.0,40.38
2023,41310,Police investigators and other investigative occupations,ER00,Canada,37.5,50.48,60.0
2023,41311,Probation and parole officers,ER00,Canada,30.67,42.2,49.23
2023,41320,Educational counsellors,ER00,Canada,25.0,41.0,50.39
2023,41321,Career development practitioners and career counsellors (except education),ER00,Canada,21.5,27.47,38.46
2023,41400,"Natural and applied science policy researchers, consultants and program officers",ER00,Canada,27.59,40.0,57.95
2023,41401,Economists and economic policy researchers and analysts,ER00,Canada,29.81,45.0,67.31
2023,41402,Business development officers and market researchers and analysts,ER00,Canada,22.0,42.05,70.0
2023,41403,"Social policy researchers, consultants and program officers",ER00,Canada,24.98,40.0,57.44
2023,41404,"Health policy researchers, consultants and program officers",ER00,Canada,25.05,39.01,56.2
2023,41405,"Education policy researchers, consultants and program officers",ER00,Canada,24.04,39.34,55.29
2023,41406,"Recreation, sports and fitness policy researchers, consultants and program officers",ER00,Canada,19.1,29.0,44.0
2023,41407,Program officers unique to government,ER00,Canada,26.0,46.98,67.31
2023,41409,Other professional occupations in social science,ER00,Canada,17.16,36.32,56.55
2023,42100,Police officers (except commissioned),ER00,Canada,30.0,48.08,59.29
2023,42101,Firefighters,ER00,Canada,28.39,45.79,56.0
2023,42102,Specialized members of the Canadian Armed Forces,ER00,Canada,22.56,31.84,40.6
2023,42200,Paralegals and related occupations,ER00,Canada,19.23,31.25,46.88
2023,42201,Social and community service workers,ER00,Canada,17.25,24.18,35.0
2023,42202,Early childhood educators and assistants,ER00,Canada,15.0,21.0,27.75
2023,42203,Instructors of persons with disabilities,ER00,Canada,23.0,28.74,34.0
2023,42204,Religion workers,ER00,Canada,14.42,20.0,35.0
2023,43100,Elementary and secondary school teacher assistants,ER00,Canada,16.5,23.56,29.75
2023,43109,Other instructors,ER00,Canada,15.0,20.0,32.5
2023,43200,Sheriffs and bailiffs,ER00,Canada,21.0,33.0,42.0
2023,43201,Correctional service officers,ER00,Canada,27.58,35.0,45.0
2023,43202,By-law enforcement and other regulatory officers,ER00,Canada,20.0,33.58,45.0
2023,43203,"Border services, customs, and immigration officers",ER00,Canada,27.0,34.82,50.56
2023,43204,Operations members of the Canadian Armed Forces,ER00,Canada,23.82,31.69,43.38
2023,44100,Home child care providers,ER00,Canada,14.0,17.0,22.5
2023,44101,"Home support workers, caregivers and related occupations",ER00,Canada,15.0,19.02,25.0
2023,44200,Primary combat members of the Canadian Armed Forces,ER00,Canada,20.0,33.0,41.03
2023,45100,"Student monitors, crossing guards and related occupations",ER00,Canada,16.17,22.28,31.39
2023,50010,"Library, archive, museum and art gallery managers",ER00,Canada,26.35,46.7,63.33
2023,50011,"Managers - publishing, motion pictures, broadcasting and performing arts",ER00,Canada,20.0,35.59,53.79
2023,50012,"Recreation, sports and fitness program and service directors",ER00,Canada,21.5,38.46,70.55
2023,51100,Librarians,ER00,Canada,25.0,40.49,54.26
2023,51101,Conservators and curators,ER00,Canada,25.48,36.06,54.89
2023,51102,Archivists,ER00,Canada,29.5,37.91,51.79
2023,51110,Editors,ER00,Canada,18.0,31.42,46.78
2023,51111,Authors and writers (except technical),ER00,Canada,18.75,35.1,46.67
2023,51112,Technical writers,ER00,Canada,21.0,35.71,50.72
2023,51113,Journalists,ER00,Canada,19.23,30.0,45.67
2023,51114,"Translators, terminologists and interpreters",ER00,Canada,19.2,30.77,44.23
2023,51120,"Producers, directors, choreographers and related occupations",ER00,Canada,21.15,35.5,55.29
2023,51121,"Conductors, composers and arrangers",ER00,Canada,15.4235,18.0,50.5
2023,51122,Musicians and singers,ER00,Canada,15.4235,15.4235,37.25
2023,52100,Library and public archive technicians,ER00,Canada,16.0,27.8,38.68
2023,52110,Film and video camera operators,ER00,Canada,17.0,33.98,53.1
2023,52111,Graphic arts technicians,ER00,Canada,18.0,31.25,56.25
2023,52112,Broadcast technicians,ER00,Canada,20.95,38.2,55.74
2023,52113,Audio and video recording technicians,ER00,Canada,20.0,30.0,46.15
2023,52114,Announcers and other broadcasters,ER00,Canada,17.88,30.26,76.92
2023,52119,"Other technical and coordinating occupations in motion pictures, broadcasting and the performing arts",ER00,Canada,18.17,31.0,47.38
2023,52120,Graphic designers and illustrators,ER00,Canada,19.23,29.6,46.63
2023,52121,Interior designers and interior decorators,ER00,Canada,17.25,28.72,49.45
2023,53100,"Registrars, restorers, interpreters and other occupations related to museum and art galleries",ER00,Canada,15.0,18.0,31.0
2023,53110,Photographers,ER00,Canada,16.0,22.0,40.87
2023,53111,"Motion pictures, broadcasting, photography and performing arts assistants and operators",ER00,Canada,16.0,24.94,36.49
2023,53120,Dancers,ER00,Canada,18.0,30.01,48.04
2023,53121,"Actors, comedians and circus performers",ER00,Canada,14.75,20.0,35.75
2023,53122,"Painters, sculptors and other visual artists",ER00,Canada,17.0,28.54,42.0
2023,53123,"Theatre, fashion, exhibit and other creative designers",ER00,Canada,16.41,25.0,42.97
2023,53124,Artisans and craftspersons,ER00,Canada,14.0,17.55,26.14
2023,53125,"Patternmakers - textile, leather and fur products",ER00,Canada,18.6,26.0,35.15
2023,53200,Athletes,ER00,Canada,14.0,20.0,38.15
2023,53201,Coaches,ER00,Canada,15.0,25.0,45.0
2023,53202,Sports officials and referees,ER00,Canada,14.8,18.0,30.0
2023,54100,"Program leaders and instructors in recreation, sport and fitness",ER00,Canada,14.0,18.0,30.0
2023,55109,Other performers,ER00,Canada,15.25,25.85,50.0
2023,60010,Corporate sales managers,ER00,Canada,28.37,54.52,91.35
2023,60020,Retail and wholesale trade managers,ER00,Canada,20.0,37.74,76.92
2023,60030,Restaurant and food service managers,ER00,Canada,15.5,23.75,43.96
2023,60031,Accommodation service managers,ER00,Canada,20.0,36.06,62.77
2023,60040,Managers in customer and personal services,ER00,Canada,17.0,35.0,60.1
2023,62010,Retail sales supervisors,ER00,Canada,15.0,20.15,34.13
2023,62020,Food service supervisors,ER00,Canada,14.0,17.0,25.0
2023,62021,Executive housekeepers,ER00,Canada,16.0,20.0,27.5
2023,62022,"Accommodation, travel, tourism and related services supervisors",ER00,Canada,16.0,23.0,37.15
2023,62023,Customer and information services supervisors,ER00,Canada,17.0,28.02,46.77
2023,62024,Cleaning supervisors,ER00,Canada,17.2,24.3,39.9
2023,62029,Other services supervisors,ER00,Canada,15.75,22.5,42.38
2023,62100,Technical sales specialists - wholesale trade,ER00,Canada,18.75,33.65,60.1
2023,62101,Retail and wholesale buyers,ER00,Canada,16.67,28.0,42.31
2023,62200,Chefs,ER00,Canada,15.0,20.0,28.85
2023,62201,Funeral directors and embalmers,ER00,Canada,15.75,25.0,44.23
2023,62202,"Jewellers, jewellery and watch repairers and related occupations",ER00,Canada,15.0,19.0,27.5
2023,63100,Insurance agents and brokers,ER00,Canada,19.0,28.21,48.08
2023,63101,Real estate agents and salespersons,ER00,Canada,15.4235,29.2,89.0
2023,63102,Financial sales representatives,ER00,Canada,19.44,27.95,51.28
2023,63200,Cooks,ER00,Canada,14.0,16.0,22.5
2023,63201,Butchers - retail and wholesale,ER00,Canada,14.31,19.0,25.38
2023,63202,Bakers,ER00,Canada,14.0,16.0,24.0
2023,63210,Hairstylists and barbers,ER00,Canada,14.0,17.19,29.63
2023,63211,"Estheticians, electrologists and related occupations",ER00,Canada,14.0,18.0,27.04
2023,63220,Shoe repairers and shoemakers,ER00,Canada,14.0,16.71,24.3
2023,63221,Upholsterers,ER00,Canada,17.31,21.0,31.0
2023,64100,Retail salespersons and visual merchandisers,ER00,Canada,14.0,16.0,25.7
2023,64101,Sales and account representatives - wholesale trade (non-technical),ER00,Canada,17.63,28.85,52.88
2023,64200,"Tailors, dressmakers, furriers and milliners",ER00,Canada,15.0,17.8,21.6
2023,64201,"Image, social and other personal consultants",ER00,Canada,14.0,26.92,58.43
2023,64300,Maîtres d'hôtel and hosts/hostesses,ER00,Canada,14.0,15.75,24.04
2023,64301,Bartenders,ER00,Canada,14.0,18.0,25.0
2023,64310,Travel counsellors,ER00,Canada,15.0,19.75,30.0
2023,64311,Pursers and flight attendants,ER00,Canada,21.5,38.0,60.62
2023,64312,Airline ticket and service agents,ER00,Canada,16.0,20.0,30.77
2023,64313,"Ground and water transport ticket agents, cargo service representatives and related clerks",ER00,Canada,14.5,20.0,29.47
2023,64314,Hotel front desk clerks,ER00,Canada,14.0,17.0,24.78
2023,64320,Tour and travel guides,ER00,Canada,14.0,17.2,25.0
2023,64321,Casino workers,ER00,Canada,15.99,20.5,31.0
2023,64322,Outdoor sport and recreational guides,ER00,Canada,15.0,18.5,25.0
2023,64400,Customer services representatives - financial institutions,ER00,Canada,16.5,20.51,29.0
2023,64401,Postal services representatives,ER00,Canada,15.0,24.0,29.97
2023,64409,Other customer and information services representatives,ER00,Canada,15.0,20.0,31.25
2023,64410,Security guards and related security service occupations,ER00,Canada,15.0,18.64,28.0
2023,65100,Cashiers,ER00,Canada,14.0,15.0,18.0
2023,65101,Service station attendants,ER00,Canada,14.0,14.25,18.0
2023,65102,"Store shelf stockers, clerks and order fillers",ER00,Canada,14.0,15.05,20.7
2023,65109,Other sales related occupations,ER00,Canada,14.0,15.55,30.0
2023,65200,Food and beverage servers,ER00,Canada,14.0,17.0,26.0
2023,65201,"Food counter attendants, kitchen helpers and related support occupations",ER00,Canada,14.0,15.0,20.0
2023,65202,Meat cutters and fishmongers - retail and wholesale,ER00,Canada,14.0,18.5,27.0
2023,65210,"Support occupations in accommodation, travel and facilities set-up services",ER00,Canada,14.86,18.75,28.89
2023,65211,"Operators and attendants in amusement, recreation and sport",ER00,Canada,14.0,16.0,27.0
2023,65220,Pet groomers and animal care workers,ER00,Canada,14.0,17.0,26.74
2023,65229,Other support occupations in personal services,ER00,Canada,15.4235,15.4235,47.0
2023,65310,Light duty cleaners,ER00,Canada,14.5,18.0,23.08
2023,65311,Specialized cleaners,ER00,Canada,14.0,18.0,27.55
2023,65312,"Janitors, caretakers and heavy-duty cleaners",ER00,Canada,15.0,20.5,29.0
2023,65320,"Dry cleaning, laundry and related occupations",ER00,Canada,14.88,17.3,22.0
2023,65329,Other service support occupations,ER00,Canada,14.0,15.5,22.5
2023,70010,Construction managers,ER00,Canada,27.0,45.0,71.43
2023,70011,Home building and renovation managers,ER00,Canada,15.4235,23.4,53.5
2023,70012,Facility operation and maintenance managers,ER00,Canada,24.84,41.81,67.31
2023,70020,Managers in transportation,ER00,Canada,27.24,48.08,75.0
2023,70021,Postal and courier services managers,ER00,Canada,14.0,35.52,57.11
2023,72010,"Contractors and supervisors, machining, metal forming, shaping and erecting trades and related occupations",ER00,Canada,25.28,35.0,50.0
2023,72011,"Contractors and supervisors, electrical trades and telecommunications occupations",ER00,Canada,28.27,40.5,56.07
2023,72012,"Contractors and supervisors, pipefitting trades",ER00,Canada,28.23,45.0,59.0
2023,72013,"Contractors and supervisors, carpentry trades",ER00,Canada,22.5,34.62,48.08
2023,72014,"Contractors and supervisors, other construction trades, installers, repairers and servicers",ER00,Canada,23.0,36.0,48.08
2023,72020,"Contractors and supervisors, mechanic trades",ER00,Canada,22.0,37.5,59.52
2023,72021,"Contractors and supervisors, heavy equipment operator crews",ER00,Canada,25.0,36.06,52.88
2023,72022,"Supervisors, printing and related occupations",ER00,Canada,18.5,27.4,45.0
2023,72023,"Supervisors, railway transport operations",ER00,Canada,26.76,41.08,58.44
2023,72024,"Supervisors, motor transport and other ground transit operators",ER00,Canada,20.0,31.0,46.68
2023,72025,"Supervisors, mail and message distribution occupations",ER00,Canada,19.1,27.0,37.0
2023,72100,Machinists and machining and tooling inspectors,ER00,Canada,20.0,28.85,40.0
2023,72101,Tool and die makers,ER00,Canada,18.45,30.0,40.0
2023,72102,Sheet metal workers,ER00,Canada,22.0,35.0,44.0
2023,72103,Boilermakers,ER00,Canada,25.64,44.0,56.26
2023,72104,Structural metal and platework fabricators and fitters,ER00,Canada,19.0,27.0,40.0
2023,72105,Ironworkers,ER00,Canada,27.39,40.0,46.0
2023,72106,Welders and related machine operators,ER00,Canada,20.0,28.0,42.5
2023,72200,Electricians (except industrial and power system),ER00,Canada,19.0,34.0,47.38
2023,72201,Industrial electricians,ER00,Canada,28.0,38.5,50.36
2023,72202,Power system electricians,ER00,Canada,29.0,44.57,57.69
2023,72203,Electrical power line and cable workers,ER00,Canada,27.0,43.74,56.41
2023,72204,Telecommunications line and cable installers and repairers,ER00,Canada,21.0,31.0,42.35
2023,72205,Telecommunications equipment installation and cable television service technicians,ER00,Canada,21.0,32.0,42.0
2023,72300,Plumbers,ER00,Canada,19.0,33.0,45.0
2023,72301,"Steamfitters, pipefitters and sprinkler system installers",ER00,Canada,26.0,41.58,48.95
2023,72302,Gas fitters,ER00,Canada,20.0,32.0,42.0
2023,72310,Carpenters,ER00,Canada,20.0,30.0,42.0
2023,72311,Cabinetmakers,ER00,Canada,17.0,22.0,29.0
2023,72320,Bricklayers,ER00,Canada,24.0,37.0,43.99
2023,72321,Insulators,ER00,Canada,21.08,35.77,43.59
2023,72400,Construction millwrights and industrial mechanics,ER00,Canada,21.0,32.6,46.55
2023,72401,Heavy-duty equipment mechanics,ER00,Canada,21.0,35.0,50.0
2023,72402,"Heating, refrigeration and air conditioning mechanics",ER00,Canada,18.0,33.0,49.52
2023,72403,Railway carmen/women,ER00,Canada,20.0,37.1,43.0
2023,72404,Aircraft mechanics and aircraft inspectors,ER00,Canada,22.0,37.29,49.0
2023,72405,Machine fitters,ER00,Canada,17.36,34.16,47.55
2023,72406,Elevator constructors and mechanics,ER00,Canada,30.0,48.0,63.0
2023,72410,"Automotive service technicians, truck and bus mechanics and mechanical repairers",ER00,Canada,17.88,28.0,42.0
2023,72411,"Auto body collision, refinishing and glass technicians and damage repair estimators",ER00,Canada,16.26,25.0,37.5
2023,72420,Oil and solid fuel heating mechanics,ER00,Canada,18.0,25.0,36.0
2023,72421,Appliance servicers and repairers,ER00,Canada,17.5,25.0,38.0
2023,72422,Electrical mechanics,ER00,Canada,23.0,29.87,40.0
2023,72423,"Motorcycle, all-terrain vehicle and other related mechanics",ER00,Canada,18.75,27.88,38.0
2023,72429,Other small engine and small equipment repairers,ER00,Canada,16.0,23.0,30.77
2023,72500,Crane operators,ER00,Canada,23.5,36.0,50.0
2023,72501,Water well drillers,ER00,Canada,20.0,27.0,35.0
2023,72600,"Air pilots, flight engineers and flying instructors",ER00,Canada,21.63,50.0,96.15
2023,72601,Air traffic controllers and related occupations,ER00,Canada,20.0,44.12,96.0
2023,72602,"Deck officers, water transport",ER00,Canada,23.35,38.0,59.44
2023,72603,"Engineer officers, water transport",ER00,Canada,23.08,37.75,55.77
2023,72604,Railway traffic controllers and marine traffic regulators,ER00,Canada,28.37,41.03,57.98
2023,72999,Other technical trades and related occupations,ER00,Canada,19.0,25.63,43.5
2023,73100,Concrete finishers,ER00,Canada,22.0,31.8,40.41
2023,73101,Tilesetters,ER00,Canada,22.56,32.61,41.71
2023,73102,"Plasterers, drywall installers and finishers and lathers",ER00,Canada,21.1,30.55,41.61
2023,73110,Roofers and shinglers,ER00,Canada,20.0,29.0,42.0
2023,73111,Glaziers,ER00,Canada,20.0,29.07,41.37
2023,73112,Painters and decorators (except interior decorators),ER00,Canada,18.0,25.0,39.0
2023,73113,Floor covering installers,ER00,Canada,18.38,26.0,40.41
2023,73200,Residential and commercial installers and servicers,ER00,Canada,18.0,25.0,37.0
2023,73201,General building maintenance workers and building superintendents,ER00,Canada,15.0,21.0,30.0
2023,73202,Pest controllers and fumigators,ER00,Canada,17.0,21.91,30.0
2023,73209,Other repairers and servicers,ER00,Canada,15.38,21.0,33.0
2023,73300,Transport truck drivers,ER00,Canada,17.5,25.0,35.0
2023,73301,"Bus drivers, subway operators and other transit operators",ER00,Canada,16.0,23.0,36.0
2023,73310,Railway and yard locomotive engineers,ER00,Canada,30.0,40.87,65.0
2023,73311,Railway conductors and brakemen/women,ER00,Canada,23.65,38.46,53.0
2023,73400,Heavy equipment operators,ER00,Canada,21.0,30.0,41.89
2023,73401,Printing press operators,ER00,Canada,16.0,23.5,36.5
2023,73402,"Drillers and blasters - surface mining, quarrying and construction",ER00,Canada,25.0,34.31,43.66
2023,74100,Mail and parcel sorters and related occupations,ER00,Canada,17.0,25.64,30.0
2023,74101,Letter carriers,ER00,Canada,21.63,28.0,31.87
2023,74102,Couriers and messengers,ER00,Canada,14.0,19.0,28.0
2023,74200,Railway yard and track maintenance workers,ER00,Canada,27.0,33.5,40.0
2023,74201,Water transport deck and engine room crew,ER00,Canada,18.0,28.47,45.0
2023,74202,Air transport ramp attendants,ER00,Canada,15.0,19.5,29.0
2023,74203,Automotive and heavy truck and equipment parts installers and servicers,ER00,Canada,15.0,19.0,28.0
2023,74204,Utility maintenance workers,ER00,Canada,21.5,33.0,45.0
2023,74205,Public works maintenance equipment operators and related workers,ER00,Canada,20.5,27.0,35.0
2023,75100,Longshore workers,ER00,Canada,16.75,28.5,47.6
2023,75101,Material handlers,ER00,Canada,15.0,20.0,29.59
2023,75110,Construction trades helpers and labourers,ER00,Canada,16.0,23.0,35.0
2023,75119,Other trades helpers and labourers,ER00,Canada,15.5,21.0,33.0
2023,75200,Taxi and limousine drivers and chauffeurs,ER00,Canada,14.0,17.75,31.2
2023,75201,Delivery service drivers and door-to-door distributors,ER00,Canada,14.0,18.35,30.0
2023,75210,Boat and cable ferry operators and related occupations,ER00,Canada,20.57,29.75,39.1
2023,75211,Railway and motor transport labourers,ER00,Canada,15.0,20.0,28.0
2023,75212,Public works and maintenance labourers,ER00,Canada,18.0,27.0,32.0
2023,80010,Managers in natural resources production and fishing,ER00,Canada,34.34,60.0,109.89
2023,80020,Managers in agriculture,ER00,Canada,15.0,24.48,43.27
2023,80021,Managers in horticulture,ER00,Canada,18.0,27.0,51.28
2023,80022,Managers in aquaculture,ER00,Canada,14.0,29.68,50.65
2023,82010,"Supervisors, logging and forestry",ER00,Canada,22.73,34.97,49.45
2023,82020,"Supervisors, mining and quarrying",ER00,Canada,27.76,49.0,68.0
2023,82021,"Contractors and supervisors, oil and gas drilling and services",ER00,Canada,28.0,47.12,72.65
2023,82030,Agricultural service contractors and farm supervisors,ER00,Canada,14.0,21.67,37.0
2023,82031,"Contractors and supervisors, landscaping, grounds maintenance and horticulture services",ER00,Canada,18.0,26.0,40.87
2023,83100,Underground production and development miners,ER00,Canada,25.0,38.46,54.33
2023,83101,"Oil and gas well drillers, servicers, testers and related workers",ER00,Canada,24.0,40.0,65.0
2023,83110,Logging machinery operators,ER00,Canada,20.0,30.0,38.0
2023,83120,Fishing masters and officers,ER00,Canada,17.91,30.35,90.0
2023,83121,Fishermen/women,ER00,Canada,16.57,25.0,60.0
2023,84100,Underground mine service and support workers,ER00,Canada,22.0,32.0,46.0
2023,84101,Oil and gas well drilling and related workers and services operators,ER00,Canada,17.86,31.0,47.0
2023,84110,Chain saw and skidder operators,ER00,Canada,19.5,28.0,37.0
2023,84111,Silviculture and forestry workers,ER00,Canada,17.0,23.0,31.56
2023,84120,Specialized livestock workers and farm machinery operators,ER00,Canada,14.0,20.0,29.0
2023,84121,Fishing vessel deckhands,ER00,Canada,16.0,21.42,50.0
2023,85100,Livestock labourers,ER00,Canada,14.0,18.6,28.85
2023,85101,Harvesting labourers,ER00,Canada,14.6,16.5,23.28
2023,85102,Aquaculture and marine harvest labourers,ER00,Canada,15.37,20.19,34.62
2023,85103,Nursery and greenhouse labourers,ER00,Canada,14.25,18.0,26.0
2023,85104,Trappers and hunters,ER00,Canada,14.0,19.58,33.35
2023,85110,Mine labourers,ER00,Canada,20.0,27.0,37.5
2023,85111,"Oil and gas drilling, servicing and related labourers",ER00,Canada,19.0,27.0,35.0
2023,85120,Logging and forestry labourers,ER00,Canada,17.0,25.0,42.0
2023,85121,Landscaping and grounds maintenance labourers,ER00,Canada,15.0,19.0,25.0
2023,90010,Manufacturing managers,ER00,Canada,26.62,46.15,79.49
2023,90011,Utilities managers,ER00,Canada,38.46,57.69,85.1
2023,92010,"Supervisors, mineral and metal processing",ER00,Canada,25.0,36.06,56.25
2023,92011,"Supervisors, petroleum, gas and chemical processing and utilities",ER00,Canada,26.4,42.05,67.31
2023,92012,"Supervisors, food and beverage processing",ER00,Canada,18.02,27.7,40.87
2023,92013,"Supervisors, plastic and rubber products manufacturing",ER00,Canada,21.75,29.28,43.08
2023,92014,"Supervisors, forest products processing",ER00,Canada,22.0,34.62,50.0
2023,92015,"Supervisors, textile, fabric, fur and leather products processing and manufacturing",ER00,Canada,18.0,26.83,45.67
2023,92020,"Supervisors, motor vehicle assembling",ER00,Canada,24.0,32.0,44.71
2023,92021,"Supervisors, electronics and electrical products manufacturing",ER00,Canada,20.19,29.0,41.83
2023,92022,"Supervisors, furniture and fixtures manufacturing",ER00,Canada,18.0,25.0,38.0
2023,92023,"Supervisors, other mechanical and metal products manufacturing",ER00,Canada,23.0,32.0,45.92
2023,92024,"Supervisors, other products manufacturing and assembly",ER00,Canada,21.5,30.0,48.08
2023,92100,Power engineers and power systems operators,ER00,Canada,25.11,42.0,65.0
2023,92101,Water and waste treatment plant operators,ER00,Canada,22.0,31.68,41.65
2023,93100,"Central control and process operators, mineral and metal processing",ER00,Canada,21.0,38.0,47.0
2023,93101,"Central control and process operators, petroleum, gas and chemical processing",ER00,Canada,27.0,46.43,64.23
2023,93102,"Pulping, papermaking and coating control operators",ER00,Canada,23.0,34.0,42.74
2023,93200,Aircraft assemblers and aircraft assembly inspectors,ER00,Canada,18.25,27.0,38.5
2023,94100,"Machine operators, mineral and metal processing",ER00,Canada,21.0,29.6,46.83
2023,94101,Foundry workers,ER00,Canada,16.16,21.77,29.65
2023,94102,Glass forming and finishing machine operators and glass cutters,ER00,Canada,16.36,20.57,27.0
2023,94103,"Concrete, clay and stone forming operators",ER00,Canada,18.0,24.19,32.66
2023,94104,"Inspectors and testers, mineral and metal processing",ER00,Canada,17.52,25.08,36.95
2023,94105,Metalworking and forging machine operators,ER00,Canada,16.5,22.0,29.12
2023,94106,Machining tool operators,ER00,Canada,17.6,25.0,34.0
2023,94107,Machine operators of other metal products,ER00,Canada,16.0,21.0,30.0
2023,94110,Chemical plant machine operators,ER00,Canada,17.5,25.0,35.0
2023,94111,Plastics processing machine operators,ER00,Canada,16.0,21.09,30.29
2023,94112,Rubber processing machine operators and related workers,ER00,Canada,17.0,24.5,32.28
2023,94120,Sawmill machine operators,ER00,Canada,17.5,25.0,34.0
2023,94121,"Pulp mill, papermaking and finishing machine operators",ER00,Canada,20.0,31.0,48.0
2023,94122,Paper converting machine operators,ER00,Canada,16.0,22.75,31.17
2023,94123,Lumber graders and other wood processing inspectors and graders,ER00,Canada,18.0,23.81,37.75
2023,94124,Woodworking machine operators,ER00,Canada,16.0,20.0,28.14
2023,94129,Other wood processing machine operators,ER00,Canada,18.0,24.0,32.0
2023,94130,"Textile fibre and yarn, hide and pelt processing machine operators and workers",ER00,Canada,14.5,17.0,23.0
2023,94131,"Weavers, knitters and other fabric making occupations",ER00,Canada,15.0,17.35,21.44
2023,94132,Industrial sewing machine operators,ER00,Canada,14.0,16.0,20.5
2023,94133,"Inspectors and graders, textile, fabric, fur and leather products manufacturing",ER00,Canada,14.0,15.66,20.75
2023,94140,"Process control and machine operators, food and beverage processing",ER00,Canada,15.0,20.0,29.01
2023,94141,"Industrial butchers and meat cutters, poultry preparers and related workers",ER00,Canada,15.38,21.0,25.0
2023,94142,Fish and seafood plant workers,ER00,Canada,14.0,16.0,18.65
2023,94143,"Testers and graders, food and beverage processing",ER00,Canada,15.8,21.75,33.39
2023,94150,Plateless printing equipment operators,ER00,Canada,15.0,20.33,28.0
2023,94151,"Camera, platemaking and other prepress occupations",ER00,Canada,17.05,26.44,40.72
2023,94152,Binding and finishing machine operators,ER00,Canada,15.0,19.0,27.0
2023,94153,Photographic and film processors,ER00,Canada,15.0,17.99,26.67
2023,94200,"Motor vehicle assemblers, inspectors and testers",ER00,Canada,20.0,27.0,37.0
2023,94201,"Electronics assemblers, fabricators, inspectors and testers",ER00,Canada,15.5,20.0,32.0
2023,94202,"Assemblers and inspectors, electrical appliance, apparatus and equipment manufacturing",ER00,Canada,15.53,22.0,32.0
2023,94203,"Assemblers, fabricators and inspectors, industrial electrical motors and transformers",ER00,Canada,15.0,21.0,35.0
2023,94204,Mechanical assemblers and inspectors,ER00,Canada,16.8,22.5,30.0
2023,94205,"Machine operators and inspectors, electrical apparatus manufacturing",ER00,Canada,16.0,20.0,27.7
2023,94210,"Furniture and fixture assemblers, finishers, refinishers and inspectors",ER00,Canada,15.5,20.0,27.0
2023,94211,Assemblers and inspectors of other wood products,ER00,Canada,16.0,19.0,26.0
2023,94212,"Plastic products assemblers, finishers and inspectors",ER00,Canada,15.75,19.0,27.0
2023,94213,"Industrial painters, coaters and metal finishing process operators",ER00,Canada,18.0,23.25,34.5
2023,94219,"Other products assemblers, finishers and inspectors",ER00,Canada,15.5,20.0,28.0
2023,95100,Labourers in mineral and metal processing,ER00,Canada,17.0,23.73,35.42
2023,95101,Labourers in metal fabrication,ER00,Canada,16.78,21.5,30.0
2023,95102,Labourers in chemical products processing and utilities,ER00,Canada,16.6,23.0,35.21
2023,95103,"Labourers in wood, pulp and paper processing",ER00,Canada,16.0,22.0,32.0
2023,95104,Labourers in rubber and plastic products manufacturing,ER00,Canada,15.0,19.0,24.0
2023,95105,Labourers in textile processing and cutting,ER00,Canada,14.25,17.8,24.85
2023,95106,Labourers in food and beverage processing,ER00,Canada,14.5,18.25,25.36
2023,95107,Labourers in fish and seafood processing,ER00,Canada,14.56,16.67,20.0
2023,95109,"Other labourers in processing, manufacturing and utilities",ER00,Canada,15.0,18.0,23.5
2024,00010,Legislators,ER00,Canada,16.18,42.0,92.0
2024,00011,Senior government managers and officials,ER00,Canada,36.41,59.37,94.02
2024,00012,"Senior managers - financial, communications and other business services",ER00,Canada,48.08,92.31,144.23
2024,00014,"Senior managers - trade, broadcasting and other services",ER00,Canada,22.5,43.08,101.25
2024,00015,"Senior managers - construction, transportation, production and utilities",ER00,Canada,23.5,46.15,102.56
2024,10010,Financial managers,ER00,Canada,36.06,57.44,89.56
2024,10011,Human resources managers,ER00,Canada,36.06,56.25,84.43
2024,10012,Purchasing managers,ER00,Canada,38.46,55.9,85.71
2024,10019,Other administrative services managers,ER00,Canada,27.16,49.04,83.07
2024,10020,"Insurance, real estate and financial brokerage managers",ER00,Canada,36.06,56.25,92.31
2024,10021,"Banking, credit and other investment managers",ER00,Canada,35.9,56.41,86.54
2024,10022,"Advertising, marketing and public relations managers",ER00,Canada,30.77,53.33,90.0
2024,10029,Other business services managers,ER00,Canada,29.81,51.25,81.73
2024,10030,Telecommunication carriers managers,ER00,Canada,31.25,49.74,70.46
2024,11100,Financial auditors and accountants,ER00,Canada,24.36,39.56,66.67
2024,11101,Financial and investment analysts,ER00,Canada,26.73,41.35,67.0
2024,11102,Financial advisors,ER00,Canada,23.08,35.71,70.51
2024,11103,"Securities agents, investment dealers and brokers",ER00,Canada,24.04,45.05,90.66
2024,11109,Other financial officers,ER00,Canada,22.6,35.9,66.15
2024,11200,Human resources professionals,ER00,Canada,24.04,38.46,59.23
2024,11201,Professional occupations in business management consulting,ER00,Canada,25.96,41.54,69.23
2024,11202,"Professional occupations in advertising, marketing and public relations",ER00,Canada,20.0,33.24,53.3
2024,12010,"Supervisors, general office and administrative support workers",ER00,Canada,20.67,30.38,45.0
2024,12011,"Supervisors, finance and insurance office workers",ER00,Canada,21.0,33.0,50.96
2024,12012,"Supervisors, library, correspondence and related information workers",ER00,Canada,25.85,35.9,44.78
2024,12013,"Supervisors, supply chain, tracking and scheduling coordination occupations",ER00,Canada,20.0,28.0,45.0
2024,12100,Executive assistants,ER00,Canada,23.33,33.33,49.0
2024,12101,Human resources and recruitment officers,ER00,Canada,20.19,31.25,51.28
2024,12102,Procurement and purchasing agents and officers,ER00,Canada,23.08,35.1,57.69
2024,12103,Conference and event planners,ER00,Canada,17.0,27.69,46.15
2024,12104,Employment insurance and revenue officers,ER00,Canada,25.0,33.08,50.0
2024,12110,"Court reporters, medical transcriptionists and related occupations",ER00,Canada,16.0,25.0,34.6
2024,12111,Health information management occupations,ER00,Canada,20.0,29.73,42.25
2024,12112,Records management technicians,ER00,Canada,20.0,28.57,43.59
2024,12113,Statistical officers and related research support occupations,ER00,Canada,18.27,25.64,42.12
2024,12200,Accounting technicians and bookkeepers,ER00,Canada,18.46,26.92,42.05
2024,12201,Insurance adjusters and claims examiners,ER00,Canada,22.5,34.36,50.48
2024,12202,Insurance underwriters,ER00,Canada,24.1,33.52,51.0
2024,12203,"Assessors, business valuators and appraisers",ER00,Canada,26.0,32.97,52.13
2024,13100,Administrative officers,ER00,Canada,20.0,28.04,44.1
2024,13101,Property administrators,ER00,Canada,17.31,28.85,56.41
2024,13102,Payroll administrators,ER00,Canada,20.0,29.69,41.0
2024,13110,Administrative assistants,ER00,Canada,18.0,25.0,35.77
2024,13111,Legal administrative assistants,ER00,Canada,17.5,25.64,41.0
2024,13112,Medical administrative assistants,ER00,Canada,18.0,24.0,31.25
2024,13200,"Customs, ship and other brokers",ER00,Canada,18.99,25.64,38.46
2024,13201,Production and transportation logistics coordinators,ER00,Canada,20.19,28.2,43.27
2024,14100,General office support workers,ER00,Canada,16.0,23.0,34.0
2024,14101,Receptionists,ER00,Canada,15.5,20.0,27.5
2024,14102,Personnel clerks,ER00,Canada,20.5,26.44,35.15
2024,14103,Court clerks and related court services occupations,ER00,Canada,23.18,30.0,38.46
2024,14110,Survey interviewers and statistical clerks,ER00,Canada,15.25,20.4,30.0
2024,14111,Data entry clerks,ER00,Canada,16.0,22.0,30.81
2024,14112,Desktop publishing operators and related occupations,ER00,Canada,17.25,22.0,30.0
2024,14200,Accounting and related clerks,ER00,Canada,18.0,24.51,34.62
2024,14201,"Banking, insurance and other financial clerks",ER00,Canada,18.0,24.54,34.0
2024,14202,Collection clerks,ER00,Canada,16.88,26.44,37.53
2024,14300,Library assistants and clerks,ER00,Canada,15.0,24.0,31.0
2024,14301,"Correspondence, publication and regulatory clerks",ER00,Canada,19.93,27.69,38.46
2024,14400,Shippers and receivers,ER00,Canada,16.0,21.0,30.0
2024,14401,Storekeepers and partspersons,ER00,Canada,18.85,24.56,38.6
2024,14402,Production logistics workers,ER00,Canada,20.0,29.64,41.0
2024,14403,Purchasing and inventory control workers,ER00,Canada,15.5,23.0,35.12
2024,14404,Dispatchers,ER00,Canada,19.0,27.0,40.38
2024,14405,Transportation route and crew schedulers,ER00,Canada,18.27,26.74,40.49
2024,20010,Engineering managers,ER00,Canada,41.21,66.5,105.0
2024,20011,Architecture and science managers,ER00,Canada,36.06,56.41,94.71
2024,20012,Computer and information systems managers,ER00,Canada,42.41,63.31,96.63
2024,21100,Physicists and astronomers,ER00,Canada,32.97,50.0,87.0
2024,21101,Chemists,ER00,Canada,24.04,38.0,67.31
2024,21102,Geoscientists and oceanographers,ER00,Canada,30.0,48.08,85.47
2024,21103,Meteorologists and climatologists,ER00,Canada,28.85,44.0,56.0
2024,21109,Other professional occupations in physical sciences,ER00,Canada,25.0,45.55,67.43
2024,21110,Biologists and related scientists,ER00,Canada,25.0,40.0,61.54
2024,21111,Forestry professionals,ER00,Canada,29.74,40.0,62.15
2024,21112,"Agricultural representatives, consultants and specialists",ER00,Canada,25.72,36.32,52.3
2024,21120,Public and environmental health and safety professionals,ER00,Canada,23.0,41.54,56.41
2024,21200,Architects,ER00,Canada,24.23,40.0,74.52
2024,21201,Landscape architects,ER00,Canada,16.61,36.34,58.06
2024,21202,Urban and land use planners,ER00,Canada,28.85,45.5,62.64
2024,21203,Land surveyors,ER00,Canada,29.8,40.0,55.77
2024,21210,"Mathematicians, statisticians and actuaries",ER00,Canada,28.21,47.6,73.33
2024,21211,Data scientists,ER00,Canada,29.74,44.1,64.9
2024,21220,Cybersecurity specialists,ER00,Canada,28.85,47.18,71.43
2024,21221,Business systems specialists,ER00,Canada,28.21,43.27,61.54
2024,21222,Information systems specialists,ER00,Canada,27.5,45.67,65.93
2024,21223,Database analysts and data administrators,ER00,Canada,25.38,42.36,61.54
2024,21230,Computer systems developers and programmers,ER00,Canada,25.0,43.75,65.83
2024,21231,Software engineers and designers,ER00,Canada,33.46,53.85,84.62
2024,21232,Software developers and programmers,ER00,Canada,28.75,46.15,69.71
2024,21233,Web designers,ER00,Canada,19.23,31.79,54.95
2024,21234,Web developers and programmers,ER00,Canada,21.63,38.46,60.9
2024,21300,Civil engineers,ER00,Canada,28.85,47.5,73.85
2024,21301,Mechanical engineers,ER00,Canada,30.0,46.41,70.88
2024,21310,Electrical and electronics engineers,ER00,Canada,32.0,48.9,75.0
2024,21311,Computer engineers (except software engineers and designers),ER00,Canada,32.0,50.0,72.12
2024,21320,Chemical engineers,ER00,Canada,25.0,50.0,72.12
2024,21321,Industrial and manufacturing engineers,ER00,Canada,27.14,43.03,69.71
2024,21322,Metallurgical and materials engineers,ER00,Canada,38.0,48.08,83.17
2024,21330,Mining engineers,ER00,Canada,37.02,52.88,79.69
2024,21331,Geological engineers,ER00,Canada,27.95,47.8,91.93
2024,21332,Petroleum engineers,ER00,Canada,32.69,62.5,93.75
2024,21390,Aerospace engineers,ER00,Canada,33.99,50.0,100.0
2024,21399,Other professional engineers,ER00,Canada,27.25,48.0,78.37
2024,22100,Chemical technologists and technicians,ER00,Canada,20.0,28.21,45.0
2024,22101,Geological and mineral technologists and technicians,ER00,Canada,20.0,31.15,52.88
2024,22110,Biological technologists and technicians,ER00,Canada,19.0,30.0,40.33
2024,22111,Agricultural and fish products inspectors,ER00,Canada,20.37,33.71,48.51
2024,22112,Forestry technologists and technicians,ER00,Canada,20.0,30.0,40.0
2024,22113,Conservation and fishery officers,ER00,Canada,21.95,35.0,46.7
2024,22114,Landscape and horticulture technicians and specialists,ER00,Canada,20.0,27.0,38.63
2024,22210,Architectural technologists and technicians,ER00,Canada,21.03,30.0,44.62
2024,22211,Industrial designers,ER00,Canada,21.0,32.31,50.0
2024,22212,Drafting technologists and technicians,ER00,Canada,21.0,30.29,45.0
2024,22213,Land survey technologists and technicians,ER00,Canada,20.89,28.0,43.27
2024,22214,Technical occupations in geomatics and meteorology,ER00,Canada,23.0,37.0,47.69
2024,22220,Computer network and web technicians,ER00,Canada,20.19,33.65,52.88
2024,22221,User support technicians,ER00,Canada,19.44,30.26,47.09
2024,22222,Information systems testing technicians,ER00,Canada,16.0,30.0,50.48
2024,22230,Non-destructive testers and inspectors,ER00,Canada,20.91,35.0,50.0
2024,22231,Engineering inspectors and regulatory officers,ER00,Canada,21.75,41.97,73.92
2024,22232,Occupational health and safety specialists,ER00,Canada,24.73,40.87,59.62
2024,22233,Construction inspectors,ER00,Canada,23.08,36.0,52.88
2024,22300,Civil engineering technologists and technicians,ER00,Canada,21.0,31.5,46.53
2024,22301,Mechanical engineering technologists and technicians,ER00,Canada,22.0,33.0,46.7
2024,22302,Industrial engineering and manufacturing technologists and technicians,ER00,Canada,21.0,31.3,45.67
2024,22303,Construction estimators,ER00,Canada,22.62,36.06,61.43
2024,22310,Electrical and electronics engineering technologists and technicians,ER00,Canada,23.08,34.62,52.0
2024,22311,Electronic service technicians (household and business equipment),ER00,Canada,18.0,26.5,40.87
2024,22312,Industrial instrument technicians and mechanics,ER00,Canada,28.0,46.0,61.16
2024,22313,"Aircraft instrument, electrical and avionics mechanics, technicians and inspectors",ER00,Canada,22.0,39.42,65.87
2024,30010,Managers in health care,ER00,Canada,28.85,52.5,75.0
2024,31100,Specialists in clinical and laboratory medicine,ER00,Canada,60.735,149.736,306.5155
2024,31101,Specialists in surgery,ER00,Canada,68.5235,211.5375,388.2625
2024,31102,General practitioners and family physicians,ER00,Canada,42.7915,113.609,219.767
2024,31103,Veterinarians,ER00,Canada,22.33,56.41,85.85
2024,31110,Dentists,ER00,Canada,16.18,55.0,114.0
2024,31111,Optometrists,ER00,Canada,16.18,40.5,81.0
2024,31112,Audiologists and speech-language pathologists,ER00,Canada,31.28,44.0,54.4
2024,31120,Pharmacists,ER00,Canada,37.0,53.85,65.0
2024,31121,Dietitians and nutritionists,ER00,Canada,23.98,41.75,50.0
2024,31200,Psychologists,ER00,Canada,33.0,49.5,68.68
2024,31201,Chiropractors,ER00,Canada,16.18,31.0,69.0
2024,31202,Physiotherapists,ER00,Canada,29.33,44.0,52.0
2024,31203,Occupational therapists,ER00,Canada,34.0,44.0,51.5
2024,31204,Kinesiologists and other professional occupations in therapy and assessment,ER00,Canada,21.15,31.25,45.92
2024,31209,Other professional occupations in health diagnosing and treating,ER00,Canada,16.18,28.4,61.5
2024,31300,Nursing coordinators and supervisors,ER00,Canada,27.0,44.21,56.39
2024,31301,Registered nurses and registered psychiatric nurses,ER00,Canada,29.0,42.0,51.08
2024,31302,Nurse practitioners,ER00,Canada,35.0,55.0,66.67
2024,31303,"Physician assistants, midwives and allied health professionals",ER00,Canada,20.67,42.0,62.5
2024,32100,Opticians,ER00,Canada,17.0,27.0,39.0
2024,32101,Licensed practical nurses,ER00,Canada,24.88,30.15,35.91
2024,32102,Paramedical occupations,ER00,Canada,25.0,35.7,48.08
2024,32103,"Respiratory therapists, clinical perfusionists and cardiopulmonary technologists",ER00,Canada,28.85,38.56,50.0
2024,32104,Animal health technologists and veterinary technicians,ER00,Canada,16.55,22.0,33.04
2024,32109,Other technical occupations in therapy and assessment,ER00,Canada,17.0,25.7,36.0
2024,32110,Denturists,ER00,Canada,16.18,27.0,61.0
2024,32111,Dental hygienists and dental therapists,ER00,Canada,31.0,43.0,57.5
2024,32112,Dental technologists and technicians,ER00,Canada,18.0,25.0,35.0
2024,32120,Medical laboratory technologists,ER00,Canada,25.0,37.5,46.15
2024,32121,Medical radiation technologists,ER00,Canada,28.0,39.0,48.34
2024,32122,Medical sonographers,ER00,Canada,33.0,40.0,50.0
2024,32123,Cardiology technologists and electrophysiological diagnostic technologists,ER00,Canada,23.0,32.0,44.6
2024,32124,Pharmacy technicians,ER00,Canada,16.0,22.3,33.0
2024,32129,Other medical technologists and technicians,ER00,Canada,17.0,23.5,34.5
2024,32200,Traditional Chinese medicine practitioners and acupuncturists,ER00,Canada,16.18,16.4,39.75
2024,32201,Massage therapists,ER00,Canada,16.18,16.18,31.2
2024,32209,Other practitioners of natural healing,ER00,Canada,16.18,16.18,38.25
2024,33100,Dental assistants and dental laboratory assistants,ER00,Canada,20.0,26.5,34.5
2024,33101,Medical laboratory assistants and related technical occupations,ER00,Canada,18.0,26.35,37.81
2024,33102,"Nurse aides, orderlies and patient service associates",ER00,Canada,17.79,23.0,27.46
2024,33103,Pharmacy technical assistants and pharmacy assistants,ER00,Canada,15.8,20.0,29.0
2024,33109,Other assisting occupations in support of health services,ER00,Canada,16.0,22.0,28.0
2024,40010,Government managers - health and social policy development and program administration,ER00,Canada,43.27,58.97,75.9
2024,40011,"Government managers - economic analysis, policy development and program administration",ER00,Canada,46.15,63.4,81.54
2024,40012,Government managers - education policy development and program administration,ER00,Canada,41.03,60.44,70.97
2024,40019,Other managers in public administration,ER00,Canada,39.49,58.46,77.27
2024,40020,Administrators - post-secondary education and vocational training,ER00,Canada,36.0,55.29,84.62
2024,40021,School principals and administrators of elementary and secondary education,ER00,Canada,35.0,52.99,69.71
2024,40030,"Managers in social, community and correctional services",ER00,Canada,25.0,41.75,67.31
2024,40040,Commissioned police officers and related occupations in public protection services,ER00,Canada,47.9,68.75,91.0
2024,40041,Fire chiefs and senior firefighting officers,ER00,Canada,37.02,60.0,83.52
2024,40042,Commissioned officers of the Canadian Armed Forces,ER00,Canada,20.56,41.91,56.59
2024,41100,Judges,ER00,Canada,155.0,180.000125,198.35
2024,41101,Lawyers and Quebec notaries,ER00,Canada,28.85,57.69,99.52
2024,41200,University professors and lecturers,ER00,Canada,28.18,57.01,92.31
2024,41201,Post-secondary teaching and research assistants,ER00,Canada,15.0,25.97,46.45
2024,41210,College and other vocational instructors,ER00,Canada,23.0,42.12,65.42
2024,41220,Secondary school teachers,ER00,Canada,28.02,45.33,57.69
2024,41221,Elementary school and kindergarten teachers,ER00,Canada,25.96,42.64,55.59
2024,41300,Social workers,ER00,Canada,24.11,37.0,49.0
2024,41301,Therapists in counselling and related specialized therapies,ER00,Canada,21.0,32.5,49.0
2024,41302,Religious leaders,ER00,Canada,16.73,26.25,39.42
2024,41310,Police investigators and other investigative occupations,ER00,Canada,37.62,52.0,61.0
2024,41311,Probation and parole officers,ER00,Canada,32.0,41.33,53.33
2024,41320,Educational counsellors,ER00,Canada,24.04,39.56,51.92
2024,41321,Career development practitioners and career counsellors (except education),ER00,Canada,21.43,28.0,41.03
2024,41400,"Natural and applied science policy researchers, consultants and program officers",ER00,Canada,27.69,41.03,58.97
2024,41401,Economists and economic policy researchers and analysts,ER00,Canada,30.77,45.0,67.01
2024,41402,Business development officers and market researchers and analysts,ER00,Canada,24.8,42.86,71.79
2024,41403,"Social policy researchers, consultants and program officers",ER00,Canada,26.0,40.5,59.62
2024,41404,"Health policy researchers, consultants and program officers",ER00,Canada,26.5,42.0,58.97
2024,41405,"Education policy researchers, consultants and program officers",ER00,Canada,26.64,40.83,55.29
2024,41406,"Recreation, sports and fitness policy researchers, consultants and program officers",ER00,Canada,19.23,28.85,44.0
2024,41407,Program officers unique to government,ER00,Canada,26.44,43.27,70.26
2024,41409,Other professional occupations in social science,ER00,Canada,24.78,36.0,55.38
2024,42100,Police officers (except commissioned),ER00,Canada,32.21,50.0,62.0
2024,42101,Firefighters,ER00,Canada,28.39,46.0,60.0
2024,42102,Specialized members of the Canadian Armed Forces,ER00,Canada,22.56,31.84,40.6
2024,42200,Paralegals and related occupations,ER00,Canada,20.0,32.69,48.35
2024,42201,Social and community service workers,ER00,Canada,18.5,25.0,35.0
2024,42202,Early childhood educators and assistants,ER00,Canada,16.0,21.3,29.05
2024,42203,Instructors of persons with disabilities,ER00,Canada,22.85,28.65,35.67
2024,42204,Religion workers,ER00,Canada,15.0,20.0,41.0
2024,43100,Elementary and secondary school teacher assistants,ER00,Canada,17.15,24.36,30.76
2024,43109,Other instructors,ER00,Canada,15.0,19.05,33.47
2024,43200,Sheriffs and bailiffs,ER00,Canada,21.5,33.33,41.74
2024,43201,Correctional service officers,ER00,Canada,28.0,36.0,46.67
2024,43202,By-law enforcement and other regulatory officers,ER00,Canada,23.97,34.0,46.7
2024,43203,"Border services, customs, and immigration officers",ER00,Canada,25.0,36.41,51.44
2024,43204,Operations members of the Canadian Armed Forces,ER00,Canada,23.82,31.69,43.38
2024,44100,Home child care providers,ER00,Canada,15.0,18.0,25.0
2024,44101,"Home support workers, caregivers and related occupations",ER00,Canada,15.55,20.0,25.63
2024,44200,Primary combat members of the Canadian Armed Forces,ER00,Canada,20.59,34.02,43.22
2024,45100,"Student monitors, crossing guards and related occupations",ER00,Canada,15.0,21.0,30.0
2024,50010,"Library, archive, museum and art gallery managers",ER00,Canada,25.0,38.46,64.1
2024,50011,"Managers - publishing, motion pictures, broadcasting and performing arts",ER00,Canada,21.25,36.86,59.82
2024,50012,"Recreation, sports and fitness program and service directors",ER00,Canada,21.0,36.63,67.7
2024,51100,Librarians,ER00,Canada,20.4,38.0,52.88
2024,51101,Conservators and curators,ER00,Canada,24.29,35.9,65.93
2024,51102,Archivists,ER00,Canada,30.0,41.76,56.04
2024,51110,Editors,ER00,Canada,18.46,34.29,48.72
2024,51111,Authors and writers (except technical),ER00,Canada,21.63,36.06,52.4
2024,51112,Technical writers,ER00,Canada,25.0,36.06,50.72
2024,51113,Journalists,ER00,Canada,19.0,31.25,45.95
2024,51114,"Translators, terminologists and interpreters",ER00,Canada,20.0,31.28,44.23
2024,51120,"Producers, directors, choreographers and related occupations",ER00,Canada,20.0,38.94,64.9
2024,51121,"Conductors, composers and arrangers",ER00,Canada,16.18,18.0,50.5
2024,51122,Musicians and singers,ER00,Canada,16.18,16.18,37.25
2024,52100,Library and public archive technicians,ER00,Canada,16.05,27.56,35.9
2024,52110,Film and video camera operators,ER00,Canada,16.0,35.0,50.0
2024,52111,Graphic arts technicians,ER00,Canada,20.67,33.65,65.0
2024,52112,Broadcast technicians,ER00,Canada,20.95,38.2,55.74
2024,52113,Audio and video recording technicians,ER00,Canada,20.0,32.0,45.0
2024,52114,Announcers and other broadcasters,ER00,Canada,17.88,28.85,81.73
2024,52119,"Other technical and coordinating occupations in motion pictures, broadcasting and the performing arts",ER00,Canada,20.0,30.0,50.0
2024,52120,Graphic designers and illustrators,ER00,Canada,19.5,30.0,51.92
2024,52121,Interior designers and interior decorators,ER00,Canada,17.9,28.85,51.28
2024,53100,"Registrars, restorers, interpreters and other occupations related to museum and art galleries",ER00,Canada,15.0,20.0,31.32
2024,53110,Photographers,ER00,Canada,17.0,23.0,38.46
2024,53111,"Motion pictures, broadcasting, photography and performing arts assistants and operators",ER00,Canada,17.12,25.96,38.04
2024,53120,Dancers,ER00,Canada,19.85,31.59,48.0
2024,53121,"Actors, comedians and circus performers",ER00,Canada,15.34,23.0,37.5
2024,53122,"Painters, sculptors and other visual artists",ER00,Canada,18.0,30.0,43.34
2024,53123,"Theatre, fashion, exhibit and other creative designers",ER00,Canada,18.0,30.29,43.96
2024,53124,Artisans and craftspersons,ER00,Canada,15.0,19.0,27.81
2024,53125,"Patternmakers - textile, leather and fur products",ER00,Canada,18.0,25.38,35.15
2024,53200,Athletes,ER00,Canada,16.5,25.0,51.88
2024,53201,Coaches,ER00,Canada,15.0,25.0,38.57
2024,53202,Sports officials and referees,ER00,Canada,15.0,18.0,30.0
2024,54100,"Program leaders and instructors in recreation, sport and fitness",ER00,Canada,15.0,18.2,30.0
2024,55109,Other performers,ER00,Canada,16.52,29.49,49.92
2024,60010,Corporate sales managers,ER00,Canada,34.38,54.52,96.15
2024,60020,Retail and wholesale trade managers,ER00,Canada,20.19,40.0,80.29
2024,60030,Restaurant and food service managers,ER00,Canada,17.0,25.0,45.85
2024,60031,Accommodation service managers,ER00,Canada,20.0,37.5,68.68
2024,60040,Managers in customer and personal services,ER00,Canada,20.0,35.71,65.08
2024,62010,Retail sales supervisors,ER00,Canada,15.85,21.0,34.19
2024,62020,Food service supervisors,ER00,Canada,15.0,18.0,26.0
2024,62021,Executive housekeepers,ER00,Canada,15.89,20.0,26.4
2024,62022,"Accommodation, travel, tourism and related services supervisors",ER00,Canada,16.0,23.0,35.1
2024,62023,Customer and information services supervisors,ER00,Canada,17.75,28.85,42.05
2024,62024,Cleaning supervisors,ER00,Canada,17.45,24.3,38.2
2024,62029,Other services supervisors,ER00,Canada,16.0,22.98,36.26
2024,62100,Technical sales specialists - wholesale trade,ER00,Canada,19.23,35.0,60.1
2024,62101,Retail and wholesale buyers,ER00,Canada,17.31,28.0,43.96
2024,62200,Chefs,ER00,Canada,15.5,21.5,31.25
2024,62201,Funeral directors and embalmers,ER00,Canada,17.0,29.91,50.0
2024,62202,"Jewellers, jewellery and watch repairers and related occupations",ER00,Canada,15.5,20.86,33.38
2024,63100,Insurance agents and brokers,ER00,Canada,20.43,29.77,49.52
2024,63101,Real estate agents and salespersons,ER00,Canada,16.18,29.2,89.0
2024,63102,Financial sales representatives,ER00,Canada,20.0,29.12,51.28
2024,63200,Cooks,ER00,Canada,15.0,17.0,23.5
2024,63201,Butchers - retail and wholesale,ER00,Canada,15.0,19.5,27.0
2024,63202,Bakers,ER00,Canada,15.0,17.0,25.0
2024,63210,Hairstylists and barbers,ER00,Canada,15.0,18.19,30.0
2024,63211,"Estheticians, electrologists and related occupations",ER00,Canada,15.0,18.0,29.0
2024,63221,Upholsterers,ER00,Canada,16.53,21.63,30.0
2024,64100,Retail salespersons and visual merchandisers,ER00,Canada,15.0,16.5,27.0
2024,64101,Sales and account representatives - wholesale trade (non-technical),ER00,Canada,18.0,30.29,52.88
2024,64200,"Tailors, dressmakers, furriers and milliners",ER00,Canada,15.0,18.0,22.0
2024,64201,"Image, social and other personal consultants",ER00,Canada,15.0,26.92,58.43
2024,64300,Maîtres d'hôtel and hosts/hostesses,ER00,Canada,15.0,17.0,26.0
2024,64301,Bartenders,ER00,Canada,15.0,19.25,29.25
2024,64310,Travel counsellors,ER00,Canada,16.9,21.63,31.0
2024,64311,Pursers and flight attendants,ER00,Canada,21.5,30.0,60.0
2024,64312,Airline ticket and service agents,ER00,Canada,16.5,20.58,30.0
2024,64313,"Ground and water transport ticket agents, cargo service representatives and related clerks",ER00,Canada,15.5,21.0,29.75
2024,64314,Hotel front desk clerks,ER00,Canada,15.0,18.0,26.5
2024,64320,Tour and travel guides,ER00,Canada,15.0,19.23,26.0
2024,64321,Casino workers,ER00,Canada,16.15,22.0,30.0
2024,64322,Outdoor sport and recreational guides,ER00,Canada,16.0,20.0,28.5
2024,64400,Customer services representatives - financial institutions,ER00,Canada,17.08,21.63,28.85
2024,64401,Postal services representatives,ER00,Canada,15.5,23.0,30.0
2024,64409,Other customer and information services representatives,ER00,Canada,15.5,21.63,32.69
2024,64410,Security guards and related security service occupations,ER00,Canada,15.5,20.0,30.5
2024,65100,Cashiers,ER00,Canada,15.0,15.5,18.5
2024,65101,Service station attendants,ER00,Canada,15.0,15.0,19.0
2024,65102,"Store shelf stockers, clerks and order fillers",ER00,Canada,15.0,15.85,21.0
2024,65109,Other sales related occupations,ER00,Canada,15.0,16.5,33.17
2024,65200,Food and beverage servers,ER00,Canada,15.0,18.0,30.0
2024,65201,"Food counter attendants, kitchen helpers and related support occupations",ER00,Canada,15.0,16.0,20.97
2024,65202,Meat cutters and fishmongers - retail and wholesale,ER00,Canada,15.0,18.0,28.0
2024,65210,"Support occupations in accommodation, travel and facilities set-up services",ER00,Canada,15.5,20.17,30.0
2024,65211,"Operators and attendants in amusement, recreation and sport",ER00,Canada,15.0,17.0,26.88
2024,65220,Pet groomers and animal care workers,ER00,Canada,15.0,17.5,27.95
2024,65229,Other support occupations in personal services,ER00,Canada,16.18,16.18,47.0
2024,65310,Light duty cleaners,ER00,Canada,15.0,18.9,24.0
2024,65311,Specialized cleaners,ER00,Canada,15.0,19.5,28.0
2024,65312,"Janitors, caretakers and heavy-duty cleaners",ER00,Canada,15.0,21.0,28.85
2024,65320,"Dry cleaning, laundry and related occupations",ER00,Canada,15.0,18.0,22.5
2024,65329,Other service support occupations,ER00,Canada,15.0,16.5,25.0
2024,70010,Construction managers,ER00,Canada,28.85,47.0,75.48
2024,70011,Home building and renovation managers,ER00,Canada,16.18,23.4,53.5
2024,70012,Facility operation and maintenance managers,ER00,Canada,25.0,43.27,67.31
2024,70020,Managers in transportation,ER00,Canada,30.0,50.48,77.56
2024,70021,Postal and courier services managers,ER00,Canada,15.0,35.52,57.11
2024,72010,"Contractors and supervisors, machining, metal forming, shaping and erecting trades and related occupations",ER00,Canada,27.43,39.0,53.8
2024,72011,"Contractors and supervisors, electrical trades and telecommunications occupations",ER00,Canada,28.27,42.25,58.0
2024,72012,"Contractors and supervisors, pipefitting trades",ER00,Canada,28.0,46.12,59.3
2024,72013,"Contractors and supervisors, carpentry trades",ER00,Canada,23.0,34.62,48.08
2024,72014,"Contractors and supervisors, other construction trades, installers, repairers and servicers",ER00,Canada,25.0,37.0,50.0
2024,72020,"Contractors and supervisors, mechanic trades",ER00,Canada,23.0,38.01,56.9
2024,72021,"Contractors and supervisors, heavy equipment operator crews",ER00,Canada,25.0,38.0,55.0
2024,72022,"Supervisors, printing and related occupations",ER00,Canada,18.5,28.0,41.35
2024,72023,"Supervisors, railway transport operations",ER00,Canada,26.76,41.08,58.44
2024,72024,"Supervisors, motor transport and other ground transit operators",ER00,Canada,20.63,33.0,50.0
2024,72025,"Supervisors, mail and message distribution occupations",ER00,Canada,20.19,31.0,40.0
2024,72100,Machinists and machining and tooling inspectors,ER00,Canada,20.13,29.0,41.0
2024,72101,Tool and die makers,ER00,Canada,22.0,33.9,44.58
2024,72102,Sheet metal workers,ER00,Canada,21.0,34.0,46.23
2024,72103,Boilermakers,ER00,Canada,37.09,47.0,52.07
2024,72104,Structural metal and platework fabricators and fitters,ER00,Canada,20.0,28.0,42.01
2024,72105,Ironworkers,ER00,Canada,28.0,41.74,48.34
2024,72106,Welders and related machine operators,ER00,Canada,21.0,29.06,44.57
2024,72200,Electricians (except industrial and power system),ER00,Canada,20.0,35.0,47.91
2024,72201,Industrial electricians,ER00,Canada,28.21,41.0,52.41
2024,72202,Power system electricians,ER00,Canada,35.0,45.0,57.69
2024,72203,Electrical power line and cable workers,ER00,Canada,30.0,45.0,57.0
2024,72204,Telecommunications line and cable installers and repairers,ER00,Canada,21.0,33.65,42.79
2024,72205,Telecommunications equipment installation and cable television service technicians,ER00,Canada,20.78,33.0,42.74
2024,72300,Plumbers,ER00,Canada,20.0,34.15,46.0
2024,72301,"Steamfitters, pipefitters and sprinkler system installers",ER00,Canada,26.2,43.0,52.38
2024,72302,Gas fitters,ER00,Canada,21.0,35.0,45.16
2024,72310,Carpenters,ER00,Canada,20.0,30.42,42.75
2024,72311,Cabinetmakers,ER00,Canada,18.0,23.0,30.0
2024,72320,Bricklayers,ER00,Canada,25.0,38.0,45.71
2024,72321,Insulators,ER00,Canada,22.0,36.67,46.12
2024,72400,Construction millwrights and industrial mechanics,ER00,Canada,23.5,35.0,49.0
2024,72401,Heavy-duty equipment mechanics,ER00,Canada,22.5,35.0,53.85
2024,72402,"Heating, refrigeration and air conditioning mechanics",ER00,Canada,21.0,36.28,55.0
2024,72403,Railway carmen/women,ER00,Canada,20.0,40.0,43.75
2024,72404,Aircraft mechanics and aircraft inspectors,ER00,Canada,23.0,38.0,50.0
2024,72405,Machine fitters,ER00,Canada,17.36,34.16,47.55
2024,72406,Elevator constructors and mechanics,ER00,Canada,27.0,47.38,65.17
2024,72410,"Automotive service technicians, truck and bus mechanics and mechanical repairers",ER00,Canada,18.0,28.85,43.0
2024,72411,"Auto body collision, refinishing and glass technicians and damage repair estimators",ER00,Canada,17.5,25.5,38.46
2024,72420,Oil and solid fuel heating mechanics,ER00,Canada,18.75,25.0,38.0
2024,72421,Appliance servicers and repairers,ER00,Canada,18.0,24.75,34.0
2024,72422,Electrical mechanics,ER00,Canada,24.0,30.5,44.0
2024,72423,"Motorcycle, all-terrain vehicle and other related mechanics",ER00,Canada,19.23,29.0,40.0
2024,72429,Other small engine and small equipment repairers,ER00,Canada,16.5,23.75,32.63
2024,72500,Crane operators,ER00,Canada,25.0,41.21,50.0
2024,72501,Water well drillers,ER00,Canada,20.63,28.73,37.0
2024,72600,"Air pilots, flight engineers and flying instructors",ER00,Canada,23.0,53.85,100.0
2024,72601,Air traffic controllers and related occupations,ER00,Canada,21.0,46.15,105.77
2024,72602,"Deck officers, water transport",ER00,Canada,23.0,39.7,62.0
2024,72603,"Engineer officers, water transport",ER00,Canada,25.0,37.5,58.8
2024,72604,Railway traffic controllers and marine traffic regulators,ER00,Canada,28.37,41.03,57.98
2024,72999,Other technical trades and related occupations,ER00,Canada,21.0,28.0,43.8
2024,73100,Concrete finishers,ER00,Canada,23.0,32.76,42.0
2024,73101,Tilesetters,ER00,Canada,23.55,33.0,42.94
2024,73102,"Plasterers, drywall installers and finishers and lathers",ER00,Canada,22.0,31.0,42.47
2024,73110,Roofers and shinglers,ER00,Canada,21.0,30.0,43.0
2024,73111,Glaziers,ER00,Canada,21.0,29.67,42.22
2024,73112,Painters and decorators (except interior decorators),ER00,Canada,19.7,26.0,40.0
2024,73113,Floor covering installers,ER00,Canada,16.67,26.92,43.0
2024,73200,Residential and commercial installers and servicers,ER00,Canada,19.0,25.0,38.46
2024,73201,General building maintenance workers and building superintendents,ER00,Canada,15.6,23.0,34.0
2024,73202,Pest controllers and fumigators,ER00,Canada,17.31,23.5,32.0
2024,73209,Other repairers and servicers,ER00,Canada,16.0,23.0,38.0
2024,73300,Transport truck drivers,ER00,Canada,19.0,25.0,36.0
2024,73301,"Bus drivers, subway operators and other transit operators",ER00,Canada,16.25,23.0,37.0
2024,73310,Railway and yard locomotive engineers,ER00,Canada,32.0,43.0,66.83
2024,73311,Railway conductors and brakemen/women,ER00,Canada,24.04,40.83,56.25
2024,73400,Heavy equipment operators,ER00,Canada,22.0,31.0,42.1
2024,73401,Printing press operators,ER00,Canada,18.0,23.5,35.0
2024,73402,"Drillers and blasters - surface mining, quarrying and construction",ER00,Canada,26.0,35.55,47.0
2024,74100,Mail and parcel sorters and related occupations,ER00,Canada,18.9,26.5,30.25
2024,74101,Letter carriers,ER00,Canada,22.0,28.0,32.0
2024,74102,Couriers and messengers,ER00,Canada,15.0,21.49,33.97
2024,74200,Railway yard and track maintenance workers,ER00,Canada,25.0,35.0,40.0
2024,74201,Water transport deck and engine room crew,ER00,Canada,18.0,29.07,46.0
2024,74202,Air transport ramp attendants,ER00,Canada,16.38,22.0,31.25
2024,74203,Automotive and heavy truck and equipment parts installers and servicers,ER00,Canada,15.0,20.0,29.0
2024,74204,Utility maintenance workers,ER00,Canada,23.0,32.0,48.0
2024,74205,Public works maintenance equipment operators and related workers,ER00,Canada,20.0,27.1,35.0
2024,75100,Longshore workers,ER00,Canada,18.5,31.38,49.23
2024,75101,Material handlers,ER00,Canada,16.0,21.0,30.0
2024,75110,Construction trades helpers and labourers,ER00,Canada,18.0,25.0,38.0
2024,75119,Other trades helpers and labourers,ER00,Canada,17.0,23.0,35.0
2024,75200,Taxi and limousine drivers and chauffeurs,ER00,Canada,15.0,18.0,30.0
2024,75201,Delivery service drivers and door-to-door distributors,ER00,Canada,15.0,19.0,30.0
2024,75210,Boat and cable ferry operators and related occupations,ER00,Canada,20.57,29.55,38.46
2024,75211,Railway and motor transport labourers,ER00,Canada,16.5,21.0,29.25
2024,75212,Public works and maintenance labourers,ER00,Canada,18.0,27.0,33.0
2024,80010,Managers in natural resources production and fishing,ER00,Canada,36.63,70.65,120.19
2024,80020,Managers in agriculture,ER00,Canada,15.5,24.52,43.27
2024,80021,Managers in horticulture,ER00,Canada,16.0,20.48,33.7
2024,80022,Managers in aquaculture,ER00,Canada,20.0,30.43,64.9
2024,82010,"Supervisors, logging and forestry",ER00,Canada,21.28,33.57,49.45
2024,82020,"Supervisors, mining and quarrying",ER00,Canada,28.85,50.0,68.75
2024,82021,"Contractors and supervisors, oil and gas drilling and services",ER00,Canada,30.0,47.0,75.0
2024,82030,Agricultural service contractors and farm supervisors,ER00,Canada,16.0,23.08,38.46
2024,82031,"Contractors and supervisors, landscaping, grounds maintenance and horticulture services",ER00,Canada,18.27,27.0,41.21
2024,83100,Underground production and development miners,ER00,Canada,26.0,40.0,55.29
2024,83101,"Oil and gas well drillers, servicers, testers and related workers",ER00,Canada,24.0,41.35,67.33
2024,83110,Logging machinery operators,ER00,Canada,22.0,32.0,39.0
2024,83120,Fishing masters and officers,ER00,Canada,18.6,35.0,100.0
2024,83121,Fishermen/women,ER00,Canada,17.14,26.25,60.0
2024,84100,Underground mine service and support workers,ER00,Canada,23.75,35.0,50.0
2024,84101,Oil and gas well drilling and related workers and services operators,ER00,Canada,24.94,38.0,45.5
2024,84110,Chain saw and skidder operators,ER00,Canada,20.0,29.0,38.0
2024,84111,Silviculture and forestry workers,ER00,Canada,18.5,24.01,33.0
2024,84120,Specialized livestock workers and farm machinery operators,ER00,Canada,15.0,21.0,31.95
2024,84121,Fishing vessel deckhands,ER00,Canada,17.09,23.81,50.0
2024,85100,Livestock labourers,ER00,Canada,15.0,19.0,29.0
2024,85101,Harvesting labourers,ER00,Canada,15.5,17.5,25.0
2024,85102,Aquaculture and marine harvest labourers,ER00,Canada,16.0,22.0,36.06
2024,85103,Nursery and greenhouse labourers,ER00,Canada,15.0,19.0,29.0
2024,85104,Trappers and hunters,ER00,Canada,15.0,19.58,33.35
2024,85110,Mine labourers,ER00,Canada,21.0,28.0,39.08
2024,85111,"Oil and gas drilling, servicing and related labourers",ER00,Canada,20.0,30.0,38.0
2024,85120,Logging and forestry labourers,ER00,Canada,18.0,27.0,45.0
2024,85121,Landscaping and grounds maintenance labourers,ER00,Canada,16.0,20.0,27.0
2024,90010,Manufacturing managers,ER00,Canada,29.81,50.0,87.27
2024,90011,Utilities managers,ER00,Canada,38.46,58.0,80.0
2024,92010,"Supervisors, mineral and metal processing",ER00,Canada,25.0,36.0,55.38
2024,92011,"Supervisors, petroleum, gas and chemical processing and utilities",ER00,Canada,25.96,43.5,72.12
2024,92012,"Supervisors, food and beverage processing",ER00,Canada,19.23,28.85,43.27
2024,92013,"Supervisors, plastic and rubber products manufacturing",ER00,Canada,22.0,32.05,48.08
2024,92014,"Supervisors, forest products processing",ER00,Canada,23.0,34.62,52.88
2024,92015,"Supervisors, textile, fabric, fur and leather products processing and manufacturing",ER00,Canada,18.0,26.54,40.87
2024,92020,"Supervisors, motor vehicle assembling",ER00,Canada,23.0,32.46,49.04
2024,92021,"Supervisors, electronics and electrical products manufacturing",ER00,Canada,20.16,31.25,47.12
2024,92022,"Supervisors, furniture and fixtures manufacturing",ER00,Canada,19.95,25.0,38.0
2024,92023,"Supervisors, other mechanical and metal products manufacturing",ER00,Canada,24.04,33.17,47.12
2024,92024,"Supervisors, other products manufacturing and assembly",ER00,Canada,20.0,29.0,42.79
2024,92100,Power engineers and power systems operators,ER00,Canada,28.0,45.0,68.0
2024,92101,Water and waste treatment plant operators,ER00,Canada,22.06,33.25,43.27
2024,93100,"Central control and process operators, mineral and metal processing",ER00,Canada,27.0,39.6,50.0
2024,93101,"Central control and process operators, petroleum, gas and chemical processing",ER00,Canada,29.19,50.0,66.39
2024,93102,"Pulping, papermaking and coating control operators",ER00,Canada,23.0,36.54,58.0
2024,93200,Aircraft assemblers and aircraft assembly inspectors,ER00,Canada,18.25,28.85,43.27
2024,94100,"Machine operators, mineral and metal processing",ER00,Canada,20.19,32.0,48.08
2024,94101,Foundry workers,ER00,Canada,18.0,24.0,34.45
2024,94102,Glass forming and finishing machine operators and glass cutters,ER00,Canada,17.17,22.0,28.0
2024,94103,"Concrete, clay and stone forming operators",ER00,Canada,19.0,25.0,34.0
2024,94104,"Inspectors and testers, mineral and metal processing",ER00,Canada,18.5,25.0,38.74
2024,94105,Metalworking and forging machine operators,ER00,Canada,17.69,23.0,31.5
2024,94106,Machining tool operators,ER00,Canada,18.0,25.24,34.5
2024,94107,Machine operators of other metal products,ER00,Canada,18.0,21.7,31.0
2024,94110,Chemical plant machine operators,ER00,Canada,17.85,25.0,35.0
2024,94111,Plastics processing machine operators,ER00,Canada,16.8,23.0,30.0
2024,94112,Rubber processing machine operators and related workers,ER00,Canada,18.0,25.57,33.0
2024,94120,Sawmill machine operators,ER00,Canada,18.0,26.0,35.0
2024,94121,"Pulp mill, papermaking and finishing machine operators",ER00,Canada,22.0,31.0,44.0
2024,94122,Paper converting machine operators,ER00,Canada,17.0,25.0,31.36
2024,94123,Lumber graders and other wood processing inspectors and graders,ER00,Canada,18.0,25.83,39.0
2024,94124,Woodworking machine operators,ER00,Canada,18.0,21.5,33.0
2024,94129,Other wood processing machine operators,ER00,Canada,17.5,24.0,33.0
2024,94130,"Textile fibre and yarn, hide and pelt processing machine operators and workers",ER00,Canada,16.0,20.0,26.0
2024,94131,"Weavers, knitters and other fabric making occupations",ER00,Canada,15.5,18.5,23.47
2024,94132,Industrial sewing machine operators,ER00,Canada,15.0,17.0,21.0
2024,94133,"Inspectors and graders, textile, fabric, fur and leather products manufacturing",ER00,Canada,15.0,16.73,23.43
2024,94140,"Process control and machine operators, food and beverage processing",ER00,Canada,16.5,21.0,30.4
2024,94141,"Industrial butchers and meat cutters, poultry preparers and related workers",ER00,Canada,17.0,22.0,25.75
2024,94142,Fish and seafood plant workers,ER00,Canada,15.0,16.8,19.44
2024,94143,"Testers and graders, food and beverage processing",ER00,Canada,16.15,22.0,33.39
2024,94150,Plateless printing equipment operators,ER00,Canada,16.5,21.75,28.75
2024,94151,"Camera, platemaking and other prepress occupations",ER00,Canada,17.05,26.44,40.72
2024,94152,Binding and finishing machine operators,ER00,Canada,16.0,20.0,28.0
2024,94153,Photographic and film processors,ER00,Canada,15.49,19.15,27.68
2024,94200,"Motor vehicle assemblers, inspectors and testers",ER00,Canada,20.5,28.3,37.65
2024,94201,"Electronics assemblers, fabricators, inspectors and testers",ER00,Canada,16.85,20.77,30.0
2024,94202,"Assemblers and inspectors, electrical appliance, apparatus and equipment manufacturing",ER00,Canada,16.0,22.0,32.0
2024,94203,"Assemblers, fabricators and inspectors, industrial electrical motors and transformers",ER00,Canada,17.0,22.0,35.0
2024,94204,Mechanical assemblers and inspectors,ER00,Canada,18.0,24.0,32.21
2024,94205,"Machine operators and inspectors, electrical apparatus manufacturing",ER00,Canada,17.0,21.5,29.0
2024,94210,"Furniture and fixture assemblers, finishers, refinishers and inspectors",ER00,Canada,16.0,21.0,28.5
2024,94211,Assemblers and inspectors of other wood products,ER00,Canada,16.85,21.0,27.0
2024,94212,"Plastic products assemblers, finishers and inspectors",ER00,Canada,17.0,20.68,29.0
2024,94213,"Industrial painters, coaters and metal finishing process operators",ER00,Canada,18.0,24.5,35.0
2024,94219,"Other products assemblers, finishers and inspectors",ER00,Canada,16.26,21.0,30.0
2024,95100,Labourers in mineral and metal processing,ER00,Canada,18.0,25.0,37.0
2024,95101,Labourers in metal fabrication,ER00,Canada,18.0,23.0,31.1
2024,95102,Labourers in chemical products processing and utilities,ER00,Canada,17.65,24.58,37.0
2024,95103,"Labourers in wood, pulp and paper processing",ER00,Canada,17.93,23.0,32.64
2024,95104,Labourers in rubber and plastic products manufacturing,ER00,Canada,16.0,20.0,25.0
2024,95105,Labourers in textile processing and cutting,ER00,Canada,15.0,18.0,23.5
2024,95106,Labourers in food and beverage processing,ER00,Canada,15.6,19.31,25.0
2024,95107,Labourers in fish and seafood processing,ER00,Canada,15.12,17.28,20.0
2024,95109,"Other labourers in processing, manufacturing and utilities",ER00,Canada,15.5,19.0,24.68
